[2026 01 09 14:21:49.378] [INFO] 发送 : AA 05 09 01 FF FF FF FF 55 0A
[2026 01 09 14:21:49.404] [INFO] 收到 : AA 05 09 01 FF FF FF FF 55 0A
[2026 01 09 14:21:52.001] [INFO] 发送 : AA 05 0A 01 FF FF FF FF 55 0B
[2026 01 09 14:21:52.027] [INFO] 收到 : AA 05 0A 01 FF FF FF FF 55 0B
[2026 01 09 14:21:52.549] [INFO] 发送 : AA 05 09 00 FF FF FF FF 55 09
[2026 01 09 14:21:52.575] [INFO] 收到 : AA 05 09 00 FF FF FF FF 55 09
[2026 01 09 14:26:50.607] [INFO] 发送 : AA 05 0A 00 FF FF FF FF 55 0A
[2026 01 09 14:26:50.633] [INFO] 收到 : AA 05 0A 00 FF FF FF FF 55 0A
[2026 01 09 14:26:50.862] [INFO] 发送 : AA 05 09 00 FF FF FF FF 55 09
[2026 01 09 14:26:50.888] [INFO] 收到 : AA 05 09 00 FF FF FF FF 55 09
[2026 01 09 14:26:52.147] [INFO] 发送 : AA 05 0A 00 FF FF FF FF 55 0A
[2026 01 09 14:26:52.173] [INFO] 收到 : AA 05 0A 00 FF FF FF FF 55 0A
[2026 01 09 14:26:52.402] [INFO] 发送 : AA 05 09 00 FF FF FF FF 55 09
[2026 01 09 14:26:52.428] [INFO] 收到 : AA 05 09 00 FF FF FF FF 55 09
[2026 01 09 14:26:52.796] [INFO] 发送 : AA 05 0A 00 FF FF FF FF 55 0A
[2026 01 09 14:26:52.821] [INFO] 收到 : AA 05 0A 00 FF FF FF FF 55 0A
[2026 01 09 14:26:52.922] [INFO] 发送 : AA 05 09 00 FF FF FF FF 55 09
[2026 01 09 14:26:52.948] [INFO] 收到 : AA 05 09 00 FF FF FF FF 55 09
[2026 01 09 14:26:56.141] [INFO] 发送 : AA 05 0A 00 FF FF FF FF 55 0A
[2026 01 09 14:26:56.167] [INFO] 收到 : AA 05 0A 00 FF FF FF FF 55 0A
[2026 01 09 14:26:56.868] [INFO] 发送 : AA 05 0A 01 FF FF FF FF 55 0B
[2026 01 09 14:26:56.895] [INFO] 收到 : AA 05 0A 01 FF FF FF FF 55 0B
[2026 01 09 14:31:56.280] [INFO] 发送 : AA 05 0A 00 FF FF FF FF 55 0A
[2026 01 09 14:31:56.306] [INFO] 收到 : AA 05 0A 00 FF FF FF FF 55 0A
[2026 01 09 14:31:56.407] [INFO] 发送 : AA 05 09 00 FF FF FF FF 55 09
[2026 01 09 14:31:57.227] [INFO] 收到 : AA 05 09 00 FF FF FF FF 55 09
[2026 01 09 14:31:58.350] [INFO] 发送 : AA 05 0A 00 FF FF FF FF 55 0A
[2026 01 09 14:31:58.376] [INFO] 收到 : AA 05 0A 00 FF FF FF FF 55 0A
[2026 01 09 14:31:58.747] [INFO] 发送 : AA 05 09 00 FF FF FF FF 55 09
[2026 01 09 14:31:58.773] [INFO] 收到 : AA 05 09 00 FF FF FF FF 55 09
[2026 01 09 15:07:10.332] [INFO] 发送 : AA 05 0A 00 FF FF FF FF 55 0A
[2026 01 09 15:07:11.149] [INFO] 收到 : AA 05 0A 00 FF FF FF FF 55 0A
[2026 01 09 15:07:14.835] [INFO] 发送 : AA 05 0A 01 FF FF FF FF 55 0B
[2026 01 09 15:07:15.721] [INFO] 收到 : AA 05 0A 01 FF FF FF FF 55 0B
[2026 01 09 15:09:14.082] [INFO] 发送 : AA 05 0A 00 FF FF FF FF 55 0A
[2026 01 09 15:09:14.109] [INFO] 收到 : AA 05 0A 00 FF FF FF FF 55 0A
[2026 01 09 15:09:14.229] [INFO] 发送 : AA 05 09 00 FF FF FF FF 55 09
[2026 01 09 15:09:14.255] [INFO] 收到 : AA 05 09 00 FF FF FF FF 55 09
[2026 01 09 15:10:28.659] [INFO] 发送 : AA 05 0A 01 FF FF FF FF 55 0B
[2026 01 09 15:10:28.685] [INFO] 收到 : AA 05 0A 01 FF FF FF FF 55 0B
[2026 01 09 15:12:11.465] [INFO] 发送 : AA 05 0A 00 FF FF FF FF 55 0A
[2026 01 09 15:12:11.491] [INFO] 收到 : AA 05 0A 00 FF FF FF FF 55 0A
[2026 01 09 15:12:11.732] [INFO] 发送 : AA 05 09 00 FF FF FF FF 55 09
[2026 01 09 15:12:11.757] [INFO] 收到 : AA 05 09 00 FF FF FF FF 55 09
[2026 01 09 15:12:14.164] [INFO] 发送 : AA 05 0A 01 FF FF FF FF 55 0B
[2026 01 09 15:12:14.190] [INFO] 收到 : AA 05 0A 01 FF FF FF FF 55 0B
[2026 01 09 15:12:15.837] [INFO] 发送 : AA 05 0A 00 FF FF FF FF 55 0A
[2026 01 09 15:12:15.864] [INFO] 收到 : AA 05 0A 00 FF FF FF FF 55 0A
[2026 01 09 15:12:15.978] [INFO] 发送 : AA 05 09 00 FF FF FF FF 55 09
[2026 01 09 15:12:16.003] [INFO] 收到 : AA 05 09 00 FF FF FF FF 55 09
[2026 01 09 15:12:17.287] [INFO] 发送 : AA 05 0A 00 FF FF FF FF 55 0A
[2026 01 09 15:12:17.313] [INFO] 收到 : AA 05 0A 00 FF FF FF FF 55 0A
[2026 01 09 15:12:18.026] [INFO] 发送 : AA 05 0A 01 FF FF FF FF 55 0B
[2026 01 09 15:12:18.052] [INFO] 收到 : AA 05 0A 01 FF FF FF FF 55 0B
[2026 01 09 15:14:14.408] [INFO] 发送 : AA 05 0A 00 FF FF FF FF 55 0A
[2026 01 09 15:14:15.185] [INFO] 收到 : AA 05 0A 00 FF FF FF FF 55 0A
[2026 01 09 15:14:16.307] [INFO] 发送 : AA 05 09 00 FF FF FF FF 55 09
[2026 01 09 15:14:16.333] [INFO] 收到 : AA 05 09 00 FF FF FF FF 55 09
[2026 01 09 15:14:22.397] [INFO] 发送 : AA 05 0A 00 FF FF FF FF 55 0A
[2026 01 09 15:14:22.423] [INFO] 收到 : AA 05 0A 00 FF FF FF FF 55 0A
[2026 01 09 15:14:23.649] [INFO] 发送 : AA 05 0A 01 FF FF FF FF 55 0B
[2026 01 09 15:14:23.684] [INFO] 收到 : AA 05 0A 01 FF FF FF FF 55 0B
[2026 01 09 15:15:28.804] [INFO] 发送 : AA 05 0A 00 FF FF FF FF 55 0A
[2026 01 09 15:15:28.830] [INFO] 收到 : AA 05 0A 00 FF FF FF FF 55 0A
[2026 01 09 15:15:28.946] [INFO] 发送 : AA 05 09 00 FF FF FF FF 55 09
[2026 01 09 15:15:28.972] [INFO] 收到 : AA 05 09 00 FF FF FF FF 55 09
[2026 01 09 15:16:47.831] [INFO] 发送 : AA 05 0A 00 FF FF FF FF 55 0A
[2026 01 09 15:16:47.857] [INFO] 收到 : AA 05 0A 00 FF FF FF FF 55 0A
[2026 01 09 15:16:48.749] [INFO] 发送 : AA 05 0A 01 FF FF FF FF 55 0B
[2026 01 09 15:16:50.277] [INFO] 收到 : AA 05 0A 01 FF FF FF FF 55 0B
[2026 01 09 15:17:14.388] [INFO] 发送 : AA 05 0A 00 FF FF FF FF 55 0A
[2026 01 09 15:17:14.414] [INFO] 收到 : AA 05 0A 00 FF FF FF FF 55 0A
[2026 01 09 15:17:15.208] [INFO] 发送 : AA 05 09 00 FF FF FF FF 55 09
[2026 01 09 15:17:15.234] [INFO] 收到 : AA 05 09 00 FF FF FF FF 55 09
[2026 01 09 15:17:16.144] [INFO] 发送 : AA 05 0A 00 FF FF FF FF 55 0A
[2026 01 09 15:17:16.170] [INFO] 收到 : AA 05 0A 00 FF FF FF FF 55 0A
[2026 01 09 15:17:16.873] [INFO] 发送 : AA 05 0A 01 FF FF FF FF 55 0B
[2026 01 09 15:17:16.899] [INFO] 收到 : AA 05 0A 01 FF FF FF FF 55 0B
[2026 01 09 15:17:17.424] [INFO] 发送 : AA 05 0A 00 FF FF FF FF 55 0A
[2026 01 09 15:17:17.450] [INFO] 收到 : AA 05 0A 00 FF FF FF FF 55 0A
[2026 01 09 15:17:17.551] [INFO] 发送 : AA 05 09 00 FF FF FF FF 55 09
[2026 01 09 15:17:17.577] [INFO] 收到 : AA 05 09 00 FF FF FF FF 55 09
[2026 01 09 15:17:18.169] [INFO] 发送 : AA 05 0A 00 FF FF FF FF 55 0A
[2026 01 09 15:17:18.195] [INFO] 收到 : AA 05 0A 00 FF FF FF FF 55 0A
[2026 01 09 15:17:18.307] [INFO] 发送 : AA 05 09 00 FF FF FF FF 55 09
[2026 01 09 15:17:18.333] [INFO] 收到 : AA 05 09 00 FF FF FF FF 55 09
[2026 01 09 15:17:41.907] [INFO] 发送 : AA 05 0A 00 FF FF FF FF 55 0A
[2026 01 09 15:17:41.933] [INFO] 收到 : AA 05 0A 00 FF FF FF FF 55 0A
[2026 01 09 15:17:45.103] [INFO] 发送 : AA 05 0A 01 FF FF FF FF 55 0B
[2026 01 09 15:17:45.129] [INFO] 收到 : AA 05 0A 01 FF FF FF FF 55 0B
[2026 01 09 15:19:22.549] [INFO] 发送 : AA 05 0A 00 FF FF FF FF 55 0A
[2026 01 09 15:19:22.575] [INFO] 收到 : AA 05 0A 00 FF FF FF FF 55 0A
[2026 01 09 15:19:22.864] [INFO] 发送 : AA 05 09 00 FF FF FF FF 55 09
[2026 01 09 15:19:22.890] [INFO] 收到 : AA 05 09 00 FF FF FF FF 55 09
[2026 01 09 15:19:23.800] [INFO] 发送 : AA 05 0A 00 FF FF FF FF 55 0A
[2026 01 09 15:19:23.826] [INFO] 收到 : AA 05 0A 00 FF FF FF FF 55 0A
[2026 01 09 15:19:23.942] [INFO] 发送 : AA 05 09 00 FF FF FF FF 55 09
[2026 01 09 15:19:23.968] [INFO] 收到 : AA 05 09 00 FF FF FF FF 55 09
[2026 01 09 15:19:31.533] [INFO] 发送 : AA 05 0A 01 FF FF FF FF 55 0B
[2026 01 09 15:19:31.559] [INFO] 收到 : AA 05 0A 01 FF FF FF FF 55 0B
[2026 01 09 15:21:47.968] [INFO] 发送 : AA 05 0A 00 FF FF FF FF 55 0A
[2026 01 09 15:21:48.915] [INFO] 收到 : AA 05 0A 00 FF FF FF FF 55 0A
[2026 01 09 15:21:49.152] [INFO] 发送 : AA 05 09 00 FF FF FF FF 55 09
[2026 01 09 15:21:49.178] [INFO] 收到 : AA 05 09 00 FF FF FF FF 55 09
[2026 01 09 15:21:50.390] [INFO] 发送 : AA 05 0A 00 FF FF FF FF 55 0A
[2026 01 09 15:21:50.415] [INFO] 收到 : AA 05 0A 00 FF FF FF FF 55 0A
[2026 01 09 15:21:50.517] [INFO] 发送 : AA 05 0A 00 FF FF FF FF 55 0A
[2026 01 09 15:21:50.543] [INFO] 收到 : AA 05 0A 00 FF FF FF FF 55 0A
[2026 01 09 15:21:50.644] [INFO] 发送 : AA 05 09 00 FF FF FF FF 55 09
[2026 01 09 15:21:51.444] [INFO] 收到 : AA 05 09 00 FF FF FF FF 55 09
[2026 01 09 15:21:51.821] [INFO] 发送 : AA 05 0A 01 FF FF FF FF 55 0B
[2026 01 09 15:21:51.847] [INFO] 收到 : AA 05 0A 01 FF FF FF FF 55 0B
[2026 01 09 15:22:16.465] [INFO] 发送 : AA 05 0A 00 FF FF FF FF 55 0A
[2026 01 09 15:22:16.491] [INFO] 收到 : AA 05 0A 00 FF FF FF FF 55 0A
[2026 01 09 15:22:16.607] [INFO] 发送 : AA 05 09 00 FF FF FF FF 55 09
[2026 01 09 15:22:16.632] [INFO] 收到 : AA 05 09 00 FF FF FF FF 55 09
[2026 01 09 15:22:17.017] [INFO] 发送 : AA 05 0A 00 FF FF FF FF 55 0A
[2026 01 09 15:22:17.043] [INFO] 收到 : AA 05 0A 00 FF FF FF FF 55 0A
[2026 01 09 15:22:17.158] [INFO] 发送 : AA 05 09 00 FF FF FF FF 55 09
[2026 01 09 15:22:17.184] [INFO] 收到 : AA 05 09 00 FF FF FF FF 55 09
[2026 01 09 15:22:18.137] [INFO] 发送 : AA 05 0A 00 FF FF FF FF 55 0A
[2026 01 09 15:22:18.163] [INFO] 收到 : AA 05 0A 00 FF FF FF FF 55 0A
[2026 01 09 15:22:19.067] [INFO] 发送 : AA 05 0A 01 FF FF FF FF 55 0B
[2026 01 09 15:22:19.093] [INFO] 收到 : AA 05 0A 01 FF FF FF FF 55 0B
[2026 01 09 15:22:23.067] [INFO] 发送 : AA 05 0A 00 FF FF FF FF 55 0A
[2026 01 09 15:22:23.093] [INFO] 收到 : AA 05 0A 00 FF FF FF FF 55 0A
[2026 01 09 15:22:25.581] [INFO] 发送 : AA 05 0A 01 FF FF FF FF 55 0B
[2026 01 09 15:22:25.609] [INFO] 收到 : AA 05 0A 01 FF FF FF FF 55 0B
[2026 01 09 15:22:43.810] [INFO] 发送 : AA 05 0A 00 FF FF FF FF 55 0A
[2026 01 09 15:22:44.713] [INFO] 收到 : AA 05 0A 00 FF FF FF FF 55 0A
[2026 01 09 15:22:45.206] [INFO] 发送 : AA 05 09 00 FF FF FF FF 55 09
[2026 01 09 15:22:45.231] [INFO] 收到 : AA 05 09 00 FF FF FF FF 55 09
[2026 01 09 15:22:45.506] [INFO] 发送 : AA 05 0A 00 FF FF FF FF 55 0A
[2026 01 09 15:22:45.532] [INFO] 收到 : AA 05 0A 00 FF FF FF FF 55 0A
[2026 01 09 15:22:45.646] [INFO] 发送 : AA 05 09 00 FF FF FF FF 55 09
[2026 01 09 15:22:45.672] [INFO] 收到 : AA 05 09 00 FF FF FF FF 55 09
[2026 01 09 15:22:51.302] [INFO] 发送 : AA 05 0A 01 FF FF FF FF 55 0B
[2026 01 09 15:22:51.328] [INFO] 收到 : AA 05 0A 01 FF FF FF FF 55 0B
[2026 01 09 15:24:31.674] [INFO] 发送 : AA 05 0A 00 FF FF FF FF 55 0A
[2026 01 09 15:24:31.701] [INFO] 收到 : AA 05 0A 00 FF FF FF FF 55 0A
[2026 01 09 15:24:31.802] [INFO] 发送 : AA 05 09 00 FF FF FF FF 55 09
[2026 01 09 15:24:31.828] [INFO] 收到 : AA 05 09 00 FF FF FF FF 55 09
[2026 01 09 15:26:24.965] [INFO] 发送 : AA 05 0A 01 FF FF FF FF 55 0B
[2026 01 09 15:26:24.991] [INFO] 收到 : AA 05 0A 01 FF FF FF FF 55 0B
[2026 01 09 15:26:50.656] [INFO] 发送 : AA 05 0A 00 FF FF FF FF 55 0A
[2026 01 09 15:26:51.515] [INFO] 收到 : AA 05 0A 00 FF FF FF FF 55 0A
[2026 01 09 15:26:51.749] [INFO] 发送 : AA 05 09 00 FF FF FF FF 55 09
[2026 01 09 15:26:51.775] [INFO] 收到 : AA 05 09 00 FF FF FF FF 55 09
[2026 01 09 15:26:52.130] [INFO] 发送 : AA 05 0A 00 FF FF FF FF 55 0A
[2026 01 09 15:26:52.156] [INFO] 收到 : AA 05 0A 00 FF FF FF FF 55 0A
[2026 01 09 15:26:52.258] [INFO] 发送 : AA 05 09 00 FF FF FF FF 55 09
[2026 01 09 15:26:52.284] [INFO] 收到 : AA 05 09 00 FF FF FF FF 55 09
[2026 01 09 15:26:53.300] [INFO] 发送 : AA 05 0A 00 FF FF FF FF 55 0A
[2026 01 09 15:26:53.326] [INFO] 收到 : AA 05 0A 00 FF FF FF FF 55 0A
[2026 01 09 15:26:53.851] [INFO] 发送 : AA 05 0A 01 FF FF FF FF 55 0B
[2026 01 09 15:26:53.877] [INFO] 收到 : AA 05 0A 01 FF FF FF FF 55 0B
[2026 01 09 15:27:18.279] [INFO] 发送 : AA 05 0A 00 FF FF FF FF 55 0A
[2026 01 09 15:27:18.305] [INFO] 收到 : AA 05 0A 00 FF FF FF FF 55 0A
[2026 01 09 15:27:18.421] [INFO] 发送 : AA 05 09 00 FF FF FF FF 55 09
[2026 01 09 15:27:18.446] [INFO] 收到 : AA 05 09 00 FF FF FF FF 55 09
[2026 01 09 15:27:19.433] [INFO] 发送 : AA 05 0A 00 FF FF FF FF 55 0A
[2026 01 09 15:27:19.459] [INFO] 收到 : AA 05 0A 00 FF FF FF FF 55 0A
[2026 01 09 15:27:19.561] [INFO] 发送 : AA 05 09 00 FF FF FF FF 55 09
[2026 01 09 15:27:19.587] [INFO] 收到 : AA 05 09 00 FF FF FF FF 55 09
[2026 01 09 15:27:23.204] [INFO] 发送 : AA 05 0A 00 FF FF FF FF 55 0A
[2026 01 09 15:27:23.230] [INFO] 收到 : AA 05 0A 00 FF FF FF FF 55 0A
[2026 01 09 15:27:23.332] [INFO] 发送 : AA 05 09 00 FF FF FF FF 55 09
[2026 01 09 15:27:23.358] [INFO] 收到 : AA 05 09 00 FF FF FF FF 55 09
[2026 01 09 15:27:23.841] [INFO] 发送 : AA 05 0A 00 FF FF FF FF 55 0A
[2026 01 09 15:27:23.867] [INFO] 收到 : AA 05 0A 00 FF FF FF FF 55 0A
[2026 01 09 15:27:24.615] [INFO] 发送 : AA 05 0A 01 FF FF FF FF 55 0B
[2026 01 09 15:27:24.640] [INFO] 收到 : AA 05 0A 01 FF FF FF FF 55 0B
[2026 01 09 15:27:25.797] [INFO] 发送 : AA 05 0A 00 FF FF FF FF 55 0A
[2026 01 09 15:27:25.822] [INFO] 收到 : AA 05 0A 00 FF FF FF FF 55 0A
[2026 01 09 15:27:26.079] [INFO] 发送 : AA 05 09 00 FF FF FF FF 55 09
[2026 01 09 15:27:26.105] [INFO] 收到 : AA 05 09 00 FF FF FF FF 55 09
[2026 01 09 15:27:26.919] [INFO] 发送 : AA 05 0A 00 FF FF FF FF 55 0A
[2026 01 09 15:27:26.945] [INFO] 收到 : AA 05 0A 00 FF FF FF FF 55 0A
[2026 01 09 15:27:27.518] [INFO] 发送 : AA 05 0A 01 FF FF FF FF 55 0B
[2026 01 09 15:27:27.544] [INFO] 收到 : AA 05 0A 01 FF FF FF FF 55 0B
[2026 01 09 15:27:52.241] [INFO] 发送 : AA 05 0A 00 FF FF FF FF 55 0A
[2026 01 09 15:27:52.267] [INFO] 收到 : AA 05 0A 00 FF FF FF FF 55 0A
[2026 01 09 15:27:52.624] [INFO] 发送 : AA 05 09 00 FF FF FF FF 55 09
[2026 01 09 15:27:52.650] [INFO] 收到 : AA 05 09 00 FF FF FF FF 55 09
[2026 01 09 15:27:54.069] [INFO] 发送 : AA 05 0A 00 FF FF FF FF 55 0A
[2026 01 09 15:27:54.095] [INFO] 收到 : AA 05 0A 00 FF FF FF FF 55 0A
[2026 01 09 15:27:54.941] [INFO] 发送 : AA 05 0A 01 FF FF FF FF 55 0B
[2026 01 09 15:27:54.967] [INFO] 收到 : AA 05 0A 01 FF FF FF FF 55 0B
[2026 01 09 15:31:21.832] [INFO] 发送 : AA 05 0A 00 FF FF FF FF 55 0A
[2026 01 09 15:31:21.858] [INFO] 收到 : AA 05 0A 00 FF FF FF FF 55 0A
[2026 01 09 15:31:25.120] [INFO] 发送 : AA 05 0A 00 FF FF FF FF 55 0A
[2026 01 09 15:31:25.146] [INFO] 收到 : AA 05 0A 00 FF FF FF FF 55 0A
[2026 01 09 15:31:25.247] [INFO] 发送 : AA 05 09 00 FF FF FF FF 55 09
[2026 01 09 15:31:25.272] [INFO] 收到 : AA 05 09 00 FF FF FF FF 55 09
[2026 01 09 15:31:53.493] [INFO] 发送 : AA 05 0A 00 FF FF FF FF 55 0A
[2026 01 09 15:31:54.685] [INFO] 收到 : AA 05 0A 00 FF FF FF FF 55 0A
[2026 01 09 15:31:55.063] [INFO] 发送 : AA 05 0A 00 FF FF FF FF 55 0A
[2026 01 09 15:31:55.090] [INFO] 收到 : AA 05 0A 00 FF FF FF FF 55 0A
[2026 01 09 15:31:55.190] [INFO] 发送 : AA 05 09 00 FF FF FF FF 55 09
[2026 01 09 15:31:55.217] [INFO] 收到 : AA 05 09 00 FF FF FF FF 55 09
[2026 01 09 15:31:55.458] [INFO] 发送 : AA 05 09 00 FF FF FF FF 55 09
[2026 01 09 15:31:55.484] [INFO] 收到 : AA 05 09 00 FF FF FF FF 55 09
[2026 01 09 15:32:23.982] [INFO] 发送 : AA 05 0A 00 FF FF FF FF 55 0A
[2026 01 09 15:32:24.008] [INFO] 收到 : AA 05 0A 00 FF FF FF FF 55 0A
[2026 01 09 15:32:24.236] [INFO] 发送 : AA 05 09 00 FF FF FF FF 55 09
[2026 01 09 15:32:25.191] [INFO] 收到 : AA 05 09 00 FF FF FF FF 55 09
[2026 01 09 15:32:25.442] [INFO] 发送 : AA 05 0A 00 FF FF FF FF 55 0A
[2026 01 09 15:32:25.469] [INFO] 收到 : AA 05 0A 00 FF FF FF FF 55 0A
[2026 01 09 15:32:25.711] [INFO] 发送 : AA 05 09 00 FF FF FF FF 55 09
[2026 01 09 15:32:25.737] [INFO] 收到 : AA 05 09 00 FF FF FF FF 55 09
[2026 01 09 15:32:27.251] [INFO] 发送 : AA 05 0A 00 FF FF FF FF 55 0A
[2026 01 09 15:32:27.277] [INFO] 收到 : AA 05 0A 00 FF FF FF FF 55 0A
[2026 01 09 15:32:29.358] [INFO] 发送 : AA 05 09 00 FF FF FF FF 55 09
[2026 01 09 15:32:29.384] [INFO] 收到 : AA 05 09 00 FF FF FF FF 55 09
[2026 01 09 15:32:29.486] [INFO] 发送 : AA 05 0A 00 FF FF FF FF 55 0A
[2026 01 09 15:32:29.512] [INFO] 收到 : AA 05 0A 00 FF FF FF FF 55 0A
[2026 01 09 15:32:29.613] [INFO] 发送 : AA 05 09 00 FF FF FF FF 55 09
[2026 01 09 15:32:29.639] [INFO] 收到 : AA 05 09 00 FF FF FF FF 55 09
[2026 01 09 15:32:54.354] [INFO] 发送 : AA 05 0A 00 FF FF FF FF 55 0A
[2026 01 09 15:32:54.381] [INFO] 收到 : AA 05 0A 00 FF FF FF FF 55 0A
[2026 01 09 15:32:54.608] [INFO] 发送 : AA 05 09 00 FF FF FF FF 55 09
[2026 01 09 15:32:54.635] [INFO] 收到 : AA 05 09 00 FF FF FF FF 55 09
[2026 01 09 15:32:55.080] [INFO] 发送 : AA 05 0A 00 FF FF FF FF 55 0A
[2026 01 09 15:32:55.106] [INFO] 收到 : AA 05 0A 00 FF FF FF FF 55 0A
[2026 01 09 15:32:55.208] [INFO] 发送 : AA 05 09 00 FF FF FF FF 55 09
[2026 01 09 15:32:55.234] [INFO] 收到 : AA 05 09 00 FF FF FF FF 55 09
[2026 01 09 15:36:21.969] [INFO] 发送 : AA 05 0A 00 FF FF FF FF 55 0A
[2026 01 09 15:36:21.996] [INFO] 收到 : AA 05 0A 00 FF FF FF FF 55 0A
[2026 01 09 15:36:22.097] [INFO] 发送 : AA 05 09 00 FF FF FF FF 55 09
[2026 01 09 15:36:22.123] [INFO] 收到 : AA 05 09 00 FF FF FF FF 55 09
[2026 01 09 15:41:01.146] [INFO] 发送 : AA 05 0A 01 FF FF FF FF 55 0B
[2026 01 09 15:41:01.830] [INFO] 收到 : AA 05 0A 01 FF FF FF FF 55 0B
[2026 01 09 15:42:08.018] [INFO] 发送 : AA 05 0A 00 FF FF FF FF 55 0A
[2026 01 09 15:42:08.043] [INFO] 收到 : AA 05 0A 00 FF FF FF FF 55 0A
[2026 01 09 15:42:08.158] [INFO] 发送 : AA 05 09 00 FF FF FF FF 55 09
[2026 01 09 15:42:08.184] [INFO] 收到 : AA 05 09 00 FF FF FF FF 55 09
[2026 01 09 15:42:10.551] [INFO] 发送 : AA 05 01 00 FF FF FF FF 55 01
[2026 01 09 15:42:10.577] [INFO] 收到 : AA 05 01 00 FF FF FF FF 55 01
[2026 01 09 15:42:12.549] [INFO] 发送 : AA 05 01 01 FF FF FF FF 55 02
[2026 01 09 15:42:12.575] [INFO] 收到 : AA 05 01 01 FF FF FF FF 55 02
[2026 01 09 15:43:29.448] [INFO] 发送 : AA 05 0A 01 FF FF FF FF 55 0B
[2026 01 09 15:43:29.474] [INFO] 收到 : AA 05 0A 01 FF FF FF FF 55 0B
[2026 01 09 15:46:01.953] [INFO] 发送 : AA 05 0A 00 FF FF FF FF 55 0A
[2026 01 09 15:46:01.979] [INFO] 收到 : AA 05 0A 00 FF FF FF FF 55 0A
[2026 01 09 15:46:02.222] [INFO] 发送 : AA 05 09 00 FF FF FF FF 55 09
[2026 01 09 15:46:02.247] [INFO] 收到 : AA 05 09 00 FF FF FF FF 55 09
[2026 01 09 15:46:04.962] [INFO] 发送 : AA 05 0A 00 FF FF FF FF 55 0A
[2026 01 09 15:46:04.987] [INFO] 收到 : AA 05 0A 00 FF FF FF FF 55 0A
[2026 01 09 15:46:05.859] [INFO] 发送 : AA 05 0A 01 FF FF FF FF 55 0B
[2026 01 09 15:46:05.884] [INFO] 收到 : AA 05 0A 01 FF FF FF FF 55 0B
[2026 01 09 15:47:08.304] [INFO] 发送 : AA 05 0A 00 FF FF FF FF 55 0A
[2026 01 09 15:47:08.330] [INFO] 收到 : AA 05 0A 00 FF FF FF FF 55 0A
[2026 01 09 15:47:08.431] [INFO] 发送 : AA 05 09 00 FF FF FF FF 55 09
[2026 01 09 15:47:08.457] [INFO] 收到 : AA 05 09 00 FF FF FF FF 55 09
[2026 01 09 15:47:16.614] [INFO] 发送 : AA 05 0A 01 FF FF FF FF 55 0B
[2026 01 09 15:47:16.640] [INFO] 收到 : AA 05 0A 01 FF FF FF FF 55 0B
[2026 01 09 15:48:29.590] [INFO] 发送 : AA 05 0A 00 FF FF FF FF 55 0A
[2026 01 09 15:48:29.616] [INFO] 收到 : AA 05 0A 00 FF FF FF FF 55 0A
[2026 01 09 15:48:29.731] [INFO] 发送 : AA 05 09 00 FF FF FF FF 55 09
[2026 01 09 15:48:29.757] [INFO] 收到 : AA 05 09 00 FF FF FF FF 55 09
[2026 01 09 15:48:37.473] [INFO] 发送 : AA 05 0A 01 FF FF FF FF 55 0B
[2026 01 09 15:48:37.498] [INFO] 收到 : AA 05 0A 01 FF FF FF FF 55 0B
[2026 01 09 15:51:05.164] [INFO] 发送 : AA 05 0A 00 FF FF FF FF 55 0A
[2026 01 09 15:51:05.189] [INFO] 收到 : AA 05 0A 00 FF FF FF FF 55 0A
[2026 01 09 15:51:05.417] [INFO] 发送 : AA 05 09 00 FF FF FF FF 55 09
[2026 01 09 15:51:05.492] [INFO] 收到 : AA 05 09 00 FF FF FF FF 55 09
[2026 01 09 15:51:06.004] [INFO] 发送 : AA 05 0A 00 FF FF FF FF 55 0A
[2026 01 09 15:51:06.030] [INFO] 收到 : AA 05 0A 00 FF FF FF FF 55 0A
[2026 01 09 15:51:06.130] [INFO] 发送 : AA 05 09 00 FF FF FF FF 55 09
[2026 01 09 15:51:06.156] [INFO] 收到 : AA 05 09 00 FF FF FF FF 55 09
[2026 01 09 15:51:08.414] [INFO] 发送 : AA 05 0A 00 FF FF FF FF 55 0A
[2026 01 09 15:51:08.440] [INFO] 收到 : AA 05 0A 00 FF FF FF FF 55 0A
[2026 01 09 15:51:09.221] [INFO] 发送 : AA 05 0A 01 FF FF FF FF 55 0B
[2026 01 09 15:51:09.247] [INFO] 收到 : AA 05 0A 01 FF FF FF FF 55 0B
[2026 01 09 15:52:16.753] [INFO] 发送 : AA 05 0A 00 FF FF FF FF 55 0A
[2026 01 09 15:52:16.779] [INFO] 收到 : AA 05 0A 00 FF FF FF FF 55 0A
[2026 01 09 15:52:16.895] [INFO] 发送 : AA 05 09 00 FF FF FF FF 55 09
[2026 01 09 15:52:16.921] [INFO] 收到 : AA 05 09 00 FF FF FF FF 55 09
[2026 01 09 15:53:03.458] [INFO] 发送 : AA 05 0A 00 FF FF FF FF 55 0A
[2026 01 09 15:53:03.484] [INFO] 收到 : AA 05 0A 00 FF FF FF FF 55 0A
[2026 01 09 15:53:04.276] [INFO] 发送 : AA 05 0A 01 FF FF FF FF 55 0B
[2026 01 09 15:53:04.301] [INFO] 收到 : AA 05 0A 01 FF FF FF FF 55 0B
[2026 01 09 15:53:11.486] [INFO] 发送 : AA 05 0A 00 FF FF FF FF 55 0A
[2026 01 09 15:53:11.512] [INFO] 收到 : AA 05 0A 00 FF FF FF FF 55 0A
[2026 01 09 15:53:36.023] [INFO] 发送 : AA 05 0A 01 FF FF FF FF 55 0B
[2026 01 09 15:53:36.049] [INFO] 收到 : AA 05 0A 01 FF FF FF FF 55 0B
[2026 01 09 15:53:37.622] [INFO] 发送 : AA 05 0A 00 FF FF FF FF 55 0A
[2026 01 09 15:53:37.648] [INFO] 收到 : AA 05 0A 00 FF FF FF FF 55 0A
[2026 01 09 15:53:37.878] [INFO] 发送 : AA 05 09 00 FF FF FF FF 55 09
[2026 01 09 15:53:37.904] [INFO] 收到 : AA 05 09 00 FF FF FF FF 55 09
[2026 01 09 15:53:40.206] [INFO] 发送 : AA 05 0A 00 FF FF FF FF 55 0A
[2026 01 09 15:53:40.239] [INFO] 收到 : AA 05 0A 00 FF FF FF FF 55 0A
[2026 01 09 15:53:40.694] [INFO] 发送 : AA 05 0A 01 FF FF FF FF 55 0B
[2026 01 09 15:53:40.720] [INFO] 收到 : AA 05 0A 01 FF FF FF FF 55 0B
[2026 01 09 15:56:08.659] [INFO] 发送 : AA 05 0A 00 FF FF FF FF 55 0A
[2026 01 09 15:56:08.685] [INFO] 收到 : AA 05 0A 00 FF FF FF FF 55 0A
[2026 01 09 15:56:08.925] [INFO] 发送 : AA 05 09 00 FF FF FF FF 55 09
[2026 01 09 15:56:08.951] [INFO] 收到 : AA 05 09 00 FF FF FF FF 55 09
[2026 01 09 15:56:09.447] [INFO] 发送 : AA 05 0A 00 FF FF FF FF 55 0A
[2026 01 09 15:56:09.472] [INFO] 收到 : AA 05 0A 00 FF FF FF FF 55 0A
[2026 01 09 15:56:09.573] [INFO] 发送 : AA 05 09 00 FF FF FF FF 55 09
[2026 01 09 15:56:09.599] [INFO] 收到 : AA 05 09 00 FF FF FF FF 55 09
[2026 01 09 15:56:10.627] [INFO] 发送 : AA 05 0A 00 FF FF FF FF 55 0A
[2026 01 09 15:56:10.653] [INFO] 收到 : AA 05 0A 00 FF FF FF FF 55 0A
[2026 01 09 15:56:10.865] [INFO] 发送 : AA 05 0A 01 FF FF FF FF 55 0B
[2026 01 09 15:56:10.893] [INFO] 收到 : AA 05 0A 01 FF FF FF FF 55 0B
[2026 01 09 15:58:03.603] [INFO] 发送 : AA 05 0A 00 FF FF FF FF 55 0A
[2026 01 09 15:58:03.628] [INFO] 收到 : AA 05 0A 00 FF FF FF FF 55 0A
[2026 01 09 15:58:03.729] [INFO] 发送 : AA 05 09 00 FF FF FF FF 55 09
[2026 01 09 15:58:03.755] [INFO] 收到 : AA 05 09 00 FF FF FF FF 55 09
[2026 01 09 15:58:04.520] [INFO] 发送 : AA 05 0A 00 FF FF FF FF 55 0A
[2026 01 09 15:58:04.594] [INFO] 收到 : AA 05 0A 00 FF FF FF FF 55 0A
[2026 01 09 15:58:04.710] [INFO] 发送 : AA 05 09 00 FF FF FF FF 55 09
[2026 01 09 15:58:04.736] [INFO] 收到 : AA 05 09 00 FF FF FF FF 55 09
[2026 01 09 15:58:11.803] [INFO] 发送 : AA 05 0A 00 FF FF FF FF 55 0A
[2026 01 09 15:58:12.690] [INFO] 收到 : AA 05 0A 00 FF FF FF FF 55 0A
[2026 01 09 15:58:12.929] [INFO] 发送 : AA 05 09 00 FF FF FF FF 55 09
[2026 01 09 15:58:12.955] [INFO] 收到 : AA 05 09 00 FF FF FF FF 55 09
[2026 01 09 15:58:36.207] [INFO] 发送 : AA 05 0A 00 FF FF FF FF 55 0A
[2026 01 09 15:58:36.233] [INFO] 收到 : AA 05 0A 00 FF FF FF FF 55 0A
[2026 01 09 15:58:36.474] [INFO] 发送 : AA 05 09 00 FF FF FF FF 55 09
[2026 01 09 15:58:36.500] [INFO] 收到 : AA 05 09 00 FF FF FF FF 55 09
[2026 01 09 15:58:40.354] [INFO] 发送 : AA 05 0A 00 FF FF FF FF 55 0A
[2026 01 09 15:58:42.079] [INFO] 收到 : AA 05 0A 00 FF FF FF FF 55 0A
[2026 01 09 15:58:42.189] [INFO] 发送 : AA 05 0A 00 FF FF FF FF 55 0A
[2026 01 09 15:58:42.215] [INFO] 收到 : AA 05 0A 00 FF FF FF FF 55 0A
[2026 01 09 15:58:42.471] [INFO] 发送 : AA 05 09 00 FF FF FF FF 55 09
[2026 01 09 15:58:42.497] [INFO] 收到 : AA 05 09 00 FF FF FF FF 55 09
[2026 01 09 15:58:42.598] [INFO] 发送 : AA 05 09 00 FF FF FF FF 55 09
[2026 01 09 15:58:42.624] [INFO] 收到 : AA 05 09 00 FF FF FF FF 55 09
[2026 01 09 15:59:53.607] [INFO] 发送 : AA 05 0A 01 FF FF FF FF 55 0B
[2026 01 09 15:59:53.633] [INFO] 收到 : AA 05 0A 01 FF FF FF FF 55 0B
[2026 01 09 16:01:10.894] [INFO] 发送 : AA 05 0A 00 FF FF FF FF 55 0A
[2026 01 09 16:01:10.920] [INFO] 收到 : AA 05 0A 00 FF FF FF FF 55 0A
[2026 01 09 16:01:11.021] [INFO] 发送 : AA 05 0A 00 FF FF FF FF 55 0A
[2026 01 09 16:01:11.047] [INFO] 收到 : AA 05 0A 00 FF FF FF FF 55 0A
[2026 01 09 16:01:11.163] [INFO] 发送 : AA 05 09 00 FF FF FF FF 55 09
[2026 01 09 16:01:11.189] [INFO] 收到 : AA 05 09 00 FF FF FF FF 55 09
[2026 01 09 16:01:11.291] [INFO] 发送 : AA 05 09 00 FF FF FF FF 55 09
[2026 01 09 16:01:11.317] [INFO] 收到 : AA 05 09 00 FF FF FF FF 55 09
[2026 01 09 16:04:53.751] [INFO] 发送 : AA 05 0A 00 FF FF FF FF 55 0A
[2026 01 09 16:04:55.636] [INFO] 收到 : AA 05 0A 00 FF FF FF FF 55 0A
[2026 01 09 16:04:55.889] [INFO] 发送 : AA 05 09 00 FF FF FF FF 55 09
[2026 01 09 16:04:55.915] [INFO] 收到 : AA 05 09 00 FF FF FF FF 55 09
[2026 01 09 16:32:58.237] [INFO] 发送 : AA 05 0A 00 FF FF FF FF 55 0A
[2026 01 09 16:32:58.263] [INFO] 收到 : AA 05 0A 00 FF FF FF FF 55 0A
[2026 01 09 16:32:58.387] [INFO] 发送 : AA 05 09 00 FF FF FF FF 55 09
[2026 01 09 16:32:58.413] [INFO] 收到 : AA 05 09 00 FF FF FF FF 55 09
[2026 01 09 16:37:15.371] [INFO] 发送 : AA 05 0A 01 FF FF FF FF 55 0B
[2026 01 09 16:37:16.161] [INFO] 收到 : AA 05 0A 01 FF FF FF FF 55 0B
[2026 01 09 16:37:58.539] [INFO] 发送 : AA 05 0A 00 FF FF FF FF 55 0A
[2026 01 09 16:37:58.564] [INFO] 收到 : AA 05 0A 00 FF FF FF FF 55 0A
[2026 01 09 16:37:58.666] [INFO] 发送 : AA 05 09 00 FF FF FF FF 55 09
[2026 01 09 16:37:58.692] [INFO] 收到 : AA 05 09 00 FF FF FF FF 55 09
[2026 01 09 16:38:00.945] [INFO] 发送 : AA 05 0A 00 FF FF FF FF 55 0A
[2026 01 09 16:38:00.973] [INFO] 收到 : AA 05 0A 00 FF FF FF FF 55 0A
[2026 01 09 16:38:01.655] [INFO] 发送 : AA 05 0A 01 FF FF FF FF 55 0B
[2026 01 09 16:38:01.681] [INFO] 收到 : AA 05 0A 01 FF FF FF FF 55 0B
[2026 01 09 16:40:47.319] [INFO] 发送 : AA 05 0A 00 FF FF FF FF 55 0A
[2026 01 09 16:40:47.345] [INFO] 收到 : AA 05 0A 00 FF FF FF FF 55 0A
[2026 01 09 16:40:48.216] [INFO] 发送 : AA 05 0A 01 FF FF FF FF 55 0B
[2026 01 09 16:40:49.714] [INFO] 收到 : AA 05 0A 01 FF FF FF FF 55 0B
[2026 01 09 16:42:16.278] [INFO] 发送 : AA 05 0A 00 FF FF FF FF 55 0A
[2026 01 09 16:42:16.304] [INFO] 收到 : AA 05 0A 00 FF FF FF FF 55 0A
[2026 01 09 16:42:16.533] [INFO] 发送 : AA 05 09 00 FF FF FF FF 55 09
[2026 01 09 16:42:16.558] [INFO] 收到 : AA 05 09 00 FF FF FF FF 55 09
[2026 01 09 16:42:22.611] [INFO] 发送 : AA 05 0A 00 FF FF FF FF 55 0A
[2026 01 09 16:42:22.637] [INFO] 收到 : AA 05 0A 00 FF FF FF FF 55 0A
[2026 01 09 16:42:23.111] [INFO] 发送 : AA 05 0A 01 FF FF FF FF 55 0B
[2026 01 09 16:42:23.137] [INFO] 收到 : AA 05 0A 01 FF FF FF FF 55 0B
[2026 01 09 16:43:01.085] [INFO] 发送 : AA 05 0A 00 FF FF FF FF 55 0A
[2026 01 09 16:43:01.111] [INFO] 收到 : AA 05 0A 00 FF FF FF FF 55 0A
[2026 01 09 16:43:01.226] [INFO] 发送 : AA 05 09 00 FF FF FF FF 55 09
[2026 01 09 16:43:01.252] [INFO] 收到 : AA 05 09 00 FF FF FF FF 55 09
[2026 01 09 16:43:01.800] [INFO] 发送 : AA 05 0A 00 FF FF FF FF 55 0A
[2026 01 09 16:43:02.655] [INFO] 收到 : AA 05 0A 00 FF FF FF FF 55 0A
[2026 01 09 16:43:02.905] [INFO] 发送 : AA 05 09 00 FF FF FF FF 55 09
[2026 01 09 16:43:02.931] [INFO] 收到 : AA 05 09 00 FF FF FF FF 55 09
[2026 01 09 16:43:06.272] [INFO] 发送 : AA 05 0A 00 FF FF FF FF 55 0A
[2026 01 09 16:43:06.298] [INFO] 收到 : AA 05 0A 00 FF FF FF FF 55 0A
[2026 01 09 16:43:07.043] [INFO] 发送 : AA 05 0A 01 FF FF FF FF 55 0B
[2026 01 09 16:43:07.068] [INFO] 收到 : AA 05 0A 01 FF FF FF FF 55 0B
[2026 01 09 16:43:23.714] [INFO] 发送 : AA 05 0A 00 FF FF FF FF 55 0A
[2026 01 09 16:43:23.740] [INFO] 收到 : AA 05 0A 00 FF FF FF FF 55 0A
[2026 01 09 16:43:24.550] [INFO] 发送 : AA 05 0A 01 FF FF FF FF 55 0B
[2026 01 09 16:43:24.577] [INFO] 收到 : AA 05 0A 01 FF FF FF FF 55 0B
[2026 01 09 16:45:47.458] [INFO] 发送 : AA 05 0A 00 FF FF FF FF 55 0A
[2026 01 09 16:45:47.483] [INFO] 收到 : AA 05 0A 00 FF FF FF FF 55 0A
[2026 01 09 16:45:47.584] [INFO] 发送 : AA 05 09 00 FF FF FF FF 55 09
[2026 01 09 16:45:47.610] [INFO] 收到 : AA 05 09 00 FF FF FF FF 55 09
[2026 01 09 16:45:49.833] [INFO] 发送 : AA 05 0A 00 FF FF FF FF 55 0A
[2026 01 09 16:45:49.859] [INFO] 收到 : AA 05 0A 00 FF FF FF FF 55 0A
[2026 01 09 16:45:50.100] [INFO] 发送 : AA 05 09 00 FF FF FF FF 55 09
[2026 01 09 16:45:50.126] [INFO] 收到 : AA 05 09 00 FF FF FF FF 55 09
[2026 01 09 16:45:55.255] [INFO] 发送 : AA 05 0A 00 FF FF FF FF 55 0A
[2026 01 09 16:45:55.281] [INFO] 收到 : AA 05 0A 00 FF FF FF FF 55 0A
[2026 01 09 16:45:56.635] [INFO] 发送 : AA 05 0A 01 FF FF FF FF 55 0B
[2026 01 09 16:45:56.661] [INFO] 收到 : AA 05 0A 01 FF FF FF FF 55 0B
[2026 01 09 16:47:23.405] [INFO] 发送 : AA 05 0A 00 FF FF FF FF 55 0A
[2026 01 09 16:47:24.814] [INFO] 收到 : AA 05 0A 00 FF FF FF FF 55 0A
[2026 01 09 16:47:24.926] [INFO] 发送 : AA 05 0A 00 FF FF FF FF 55 0A
[2026 01 09 16:47:24.951] [INFO] 收到 : AA 05 0A 00 FF FF FF FF 55 0A
[2026 01 09 16:47:25.434] [INFO] 发送 : AA 05 09 00 FF FF FF FF 55 09
[2026 01 09 16:47:25.460] [INFO] 收到 : AA 05 09 00 FF FF FF FF 55 09
[2026 01 09 16:47:25.561] [INFO] 发送 : AA 05 09 00 FF FF FF FF 55 09
[2026 01 09 16:47:25.587] [INFO] 收到 : AA 05 09 00 FF FF FF FF 55 09
[2026 01 09 16:47:47.720] [INFO] 发送 : AA 05 0A 01 FF FF FF FF 55 0B
[2026 01 09 16:47:47.746] [INFO] 收到 : AA 05 0A 01 FF FF FF FF 55 0B
[2026 01 09 16:48:06.424] [INFO] 发送 : AA 05 0A 00 FF FF FF FF 55 0A
[2026 01 09 16:48:06.450] [INFO] 收到 : AA 05 0A 00 FF FF FF FF 55 0A
[2026 01 09 16:48:06.551] [INFO] 发送 : AA 05 09 00 FF FF FF FF 55 09
[2026 01 09 16:48:06.577] [INFO] 收到 : AA 05 09 00 FF FF FF FF 55 09
[2026 01 09 16:48:07.290] [INFO] 发送 : AA 05 0A 00 FF FF FF FF 55 0A
[2026 01 09 16:48:07.316] [INFO] 收到 : AA 05 0A 00 FF FF FF FF 55 0A
[2026 01 09 16:48:07.560] [INFO] 发送 : AA 05 09 00 FF FF FF FF 55 09
[2026 01 09 16:48:07.585] [INFO] 收到 : AA 05 09 00 FF FF FF FF 55 09
[2026 01 09 16:48:20.158] [INFO] 发送 : AA 05 0A 01 FF FF FF FF 55 0B
[2026 01 09 16:48:20.183] [INFO] 收到 : AA 05 0A 01 FF FF FF FF 55 0B
[2026 01 09 16:48:24.033] [INFO] 发送 : AA 05 0A 00 FF FF FF FF 55 0A
[2026 01 09 16:48:24.588] [INFO] 收到 : AA 05 0A 00 FF FF FF FF 55 0A
[2026 01 09 16:48:25.710] [INFO] 发送 : AA 05 0A 00 FF FF FF FF 55 0A
[2026 01 09 16:48:25.736] [INFO] 收到 : AA 05 0A 00 FF FF FF FF 55 0A
[2026 01 09 16:48:25.837] [INFO] 发送 : AA 05 09 00 FF FF FF FF 55 09
[2026 01 09 16:48:25.863] [INFO] 收到 : AA 05 09 00 FF FF FF FF 55 09
[2026 01 09 16:48:26.118] [INFO] 发送 : AA 05 09 00 FF FF FF FF 55 09
[2026 01 09 16:48:26.144] [INFO] 收到 : AA 05 09 00 FF FF FF FF 55 09
[2026 01 09 16:48:26.258] [INFO] 发送 : AA 05 0A 00 FF FF FF FF 55 0A
[2026 01 09 16:48:26.284] [INFO] 收到 : AA 05 0A 00 FF FF FF FF 55 0A
[2026 01 09 16:48:27.398] [INFO] 发送 : AA 05 0A 01 FF FF FF FF 55 0B
[2026 01 09 16:48:27.423] [INFO] 收到 : AA 05 0A 01 FF FF FF FF 55 0B
[2026 01 09 16:50:55.407] [INFO] 发送 : AA 05 0A 00 FF FF FF FF 55 0A
[2026 01 09 16:50:55.433] [INFO] 收到 : AA 05 0A 00 FF FF FF FF 55 0A
[2026 01 09 16:50:55.535] [INFO] 发送 : AA 05 09 00 FF FF FF FF 55 09
[2026 01 09 16:50:56.247] [INFO] 收到 : AA 05 09 00 FF FF FF FF 55 09
[2026 01 09 16:50:56.895] [INFO] 发送 : AA 05 0A 00 FF FF FF FF 55 0A
[2026 01 09 16:50:56.921] [INFO] 收到 : AA 05 0A 00 FF FF FF FF 55 0A
[2026 01 09 16:50:57.164] [INFO] 发送 : AA 05 09 00 FF FF FF FF 55 09
[2026 01 09 16:50:57.190] [INFO] 收到 : AA 05 09 00 FF FF FF FF 55 09
[2026 01 09 16:51:06.437] [INFO] 发送 : AA 05 0A 00 FF FF FF FF 55 0A
[2026 01 09 16:51:06.465] [INFO] 收到 : AA 05 0A 00 FF FF FF FF 55 0A
[2026 01 09 16:51:07.130] [INFO] 发送 : AA 05 0A 01 FF FF FF FF 55 0B
[2026 01 09 16:51:07.156] [INFO] 收到 : AA 05 0A 01 FF FF FF FF 55 0B
[2026 01 09 16:52:47.873] [INFO] 发送 : AA 05 0A 00 FF FF FF FF 55 0A
[2026 01 09 16:52:49.169] [INFO] 收到 : AA 05 0A 00 FF FF FF FF 55 0A
[2026 01 09 16:52:49.406] [INFO] 发送 : AA 05 09 00 FF FF FF FF 55 09
[2026 01 09 16:52:49.432] [INFO] 收到 : AA 05 09 00 FF FF FF FF 55 09
[2026 01 09 16:53:05.213] [INFO] 发送 : AA 05 0A 01 FF FF FF FF 55 0B
[2026 01 09 16:53:05.239] [INFO] 收到 : AA 05 0A 01 FF FF FF FF 55 0B
[2026 01 09 16:53:21.328] [INFO] 发送 : AA 05 0A 00 FF FF FF FF 55 0A
[2026 01 09 16:53:21.354] [INFO] 收到 : AA 05 0A 00 FF FF FF FF 55 0A
[2026 01 09 16:53:21.709] [INFO] 发送 : AA 05 09 00 FF FF FF FF 55 09
[2026 01 09 16:53:21.735] [INFO] 收到 : AA 05 09 00 FF FF FF FF 55 09
[2026 01 09 16:53:26.631] [INFO] 发送 : AA 05 0A 00 FF FF FF FF 55 0A
[2026 01 09 16:53:26.657] [INFO] 收到 : AA 05 0A 00 FF FF FF FF 55 0A
[2026 01 09 16:53:27.027] [INFO] 发送 : AA 05 09 00 FF FF FF FF 55 09
[2026 01 09 16:53:27.053] [INFO] 收到 : AA 05 09 00 FF FF FF FF 55 09
[2026 01 09 16:53:27.537] [INFO] 发送 : AA 05 0A 00 FF FF FF FF 55 0A
[2026 01 09 16:53:27.563] [INFO] 收到 : AA 05 0A 00 FF FF FF FF 55 0A
[2026 01 09 16:53:27.679] [INFO] 发送 : AA 05 09 00 FF FF FF FF 55 09
[2026 01 09 16:53:27.705] [INFO] 收到 : AA 05 09 00 FF FF FF FF 55 09
[2026 01 09 16:54:05.053] [INFO] 发送 : AA 05 0A 01 FF FF FF FF 55 0B
[2026 01 09 16:54:05.078] [INFO] 收到 : AA 05 0A 01 FF FF FF FF 55 0B
[2026 01 09 16:54:07.786] [INFO] 发送 : AA 05 0A 00 FF FF FF FF 55 0A
[2026 01 09 16:54:07.812] [INFO] 收到 : AA 05 0A 00 FF FF FF FF 55 0A
[2026 01 09 16:54:08.429] [INFO] 发送 : AA 05 0A 01 FF FF FF FF 55 0B
[2026 01 09 16:54:08.454] [INFO] 收到 : AA 05 0A 01 FF FF FF FF 55 0B
[2026 01 09 16:56:06.582] [INFO] 发送 : AA 05 0A 00 FF FF FF FF 55 0A
[2026 01 09 16:56:07.502] [INFO] 收到 : AA 05 0A 00 FF FF FF FF 55 0A
[2026 01 09 16:56:07.741] [INFO] 发送 : AA 05 0A 00 FF FF FF FF 55 0A
[2026 01 09 16:56:07.767] [INFO] 收到 : AA 05 0A 00 FF FF FF FF 55 0A
[2026 01 09 16:56:07.881] [INFO] 发送 : AA 05 09 00 FF FF FF FF 55 09
[2026 01 09 16:56:07.907] [INFO] 收到 : AA 05 09 00 FF FF FF FF 55 09
[2026 01 09 16:56:08.149] [INFO] 发送 : AA 05 09 00 FF FF FF FF 55 09
[2026 01 09 16:56:08.174] [INFO] 收到 : AA 05 09 00 FF FF FF FF 55 09
[2026 01 09 16:56:18.425] [INFO] 发送 : AA 05 0A 00 FF FF FF FF 55 0A
[2026 01 09 16:56:18.450] [INFO] 收到 : AA 05 0A 00 FF FF FF FF 55 0A
[2026 01 09 16:56:18.680] [INFO] 发送 : AA 05 09 00 FF FF FF FF 55 09
[2026 01 09 16:56:18.706] [INFO] 收到 : AA 05 09 00 FF FF FF FF 55 09
[2026 01 09 16:57:02.453] [INFO] Z轴复位开始
[2026 01 09 16:57:02.831] [INFO] 夹具2控制:夹紧
[2026 01 09 16:57:03.338] [INFO] 开始Z轴补偿:前, 脉冲数:1000
[2026 01 09 16:57:03.447] [INFO] 发送 : AA 05 04 00 FF FF FF FF 55 04
[2026 01 09 16:57:03.482] [INFO] 收到 : AA 05 04 00 FF FF FF FF 55 04
[2026 01 09 16:57:03.484] [INFO] 夹具2控制结束, result = True, 用时:652.5729
[2026 01 09 16:57:03.714] [INFO] 发送 : AA 05 05 00 FF FF FF FF 55 05
[2026 01 09 16:57:04.348] [INFO] 收到 : AA 05 05 00 FF FF FF FF 55 05
[2026 01 09 16:57:04.584] [INFO] 发送 : AA 08 03 E8 01 1E 00 00 55 11
[2026 01 09 16:57:04.610] [INFO] 收到 : AA 08 03 E8 01 1E 00 00 55 11
[2026 01 09 16:57:05.007] [INFO] 发送 : AA 0C 00 00 00 00 00 00 55 0B
[2026 01 09 16:57:05.032] [INFO] 收到 : AA 0C 01 00 00 00 00 00 55 0C
[2026 01 09 16:57:05.245] [INFO] 发送 : AA 0C 00 00 00 00 00 00 55 0B
[2026 01 09 16:57:05.271] [INFO] 收到 : AA 0C 01 00 00 00 00 00 55 0C
[2026 01 09 16:57:05.480] [INFO] 发送 : AA 0C 00 00 00 00 00 00 55 0B
[2026 01 09 16:57:05.506] [INFO] 收到 : AA 0C 01 00 00 00 00 00 55 0C
[2026 01 09 16:57:05.810] [INFO] 发送 : AA 0C 00 00 00 00 00 00 55 0B
[2026 01 09 16:57:05.836] [INFO] 收到 : AA 0C 01 00 00 00 00 00 55 0C
[2026 01 09 16:57:06.184] [INFO] 发送 : AA 0C 00 00 00 00 00 00 55 0B
[2026 01 09 16:57:06.210] [INFO] 收到 : AA 0C 00 00 00 00 00 00 55 0B
[2026 01 09 16:57:06.439] [INFO] 发送 : AA 05 05 01 FF FF FF FF 55 06
[2026 01 09 16:57:06.465] [INFO] 收到 : AA 05 05 01 FF FF FF FF 55 06
[2026 01 09 16:57:06.465] [INFO] Z轴补偿结束, result = True, 用时:3127.1509
[2026 01 09 16:57:06.707] [INFO] 发送 : AA 05 05 00 FF FF FF FF 55 05
[2026 01 09 16:57:06.733] [INFO] 收到 : AA 05 05 00 FF FF FF FF 55 05
[2026 01 09 16:57:06.988] [INFO] 发送 : AA 16 4E 20 00 1E 18 FF 55 B8
[2026 01 09 16:57:07.014] [INFO] 收到 : AA 16 4E 20 00 1E 18 FF 55 B8
[2026 01 09 16:57:08.174] [INFO] 发送 : AA 05 05 01 FF FF FF FF 55 06
[2026 01 09 16:57:08.200] [INFO] 收到 : AA 05 05 01 FF FF FF FF 55 06
[2026 01 09 16:57:08.200] [INFO] Z轴复位结束
[2026 01 09 16:57:08.200] [INFO] 开始夹具1复位
[2026 01 09 16:57:08.462] [INFO] 发送 : AA 05 06 00 FF FF FF FF 55 06
[2026 01 09 16:57:08.487] [INFO] 收到 : AA 05 06 00 FF FF FF FF 55 06
[2026 01 09 16:57:09.111] [INFO] 发送 : AA 18 27 10 00 1E 02 00 55 6E
[2026 01 09 16:57:09.137] [INFO] 收到 : AA 18 27 10 00 1E 02 00 55 6E
[2026 01 09 16:57:09.253] [INFO] 发送 : AA 0C 00 00 00 00 00 00 55 0B
[2026 01 09 16:57:09.278] [INFO] 收到 : AA 0C 00 00 00 00 00 00 55 0B
[2026 01 09 16:57:09.278] [INFO] 电机2运动状态：False
[2026 01 09 16:57:09.665] [INFO] 发送 : AA 05 06 01 FF FF FF FF 55 07
[2026 01 09 16:57:09.691] [INFO] 收到 : AA 05 06 01 FF FF FF FF 55 07
[2026 01 09 16:57:09.692] [INFO] 夹具1复位结束, result = True, 用时:1491.6651
[2026 01 09 16:57:09.692] [INFO] X轴复位开始
[2026 01 09 16:57:12.253] [INFO] X轴复位结束
[2026 01 09 16:57:12.253] [INFO] Y轴复位开始
[2026 01 09 16:57:14.913] [INFO] Y轴复位结束
[2026 01 09 16:57:21.035] [INFO] Y轴开始移动，脉冲数9950
[2026 01 09 16:57:23.189] [INFO] Y轴移动结束, result = True, 用时:2154.1742
[2026 01 09 16:57:23.190] [INFO] X轴开始移动，脉冲数450
[2026 01 09 16:57:23.823] [INFO] X轴移动结束, 用时:632.7218
[2026 01 09 16:57:23.823] [INFO] 0点位移动完成
[2026 01 09 16:57:23.825] [INFO] 开始取底托
[2026 01 09 16:57:23.825] [INFO] 开始夹具1复位
[2026 01 09 16:57:24.123] [INFO] 发送 : AA 05 06 00 FF FF FF FF 55 06
[2026 01 09 16:57:24.149] [INFO] 收到 : AA 05 06 00 FF FF FF FF 55 06
[2026 01 09 16:57:24.775] [INFO] 发送 : AA 18 27 10 00 1E 02 00 55 6E
[2026 01 09 16:57:24.801] [INFO] 收到 : AA 18 27 10 00 1E 02 00 55 6E
[2026 01 09 16:57:24.916] [INFO] 发送 : AA 0C 00 00 00 00 00 00 55 0B
[2026 01 09 16:57:24.943] [INFO] 收到 : AA 0C 00 00 00 00 00 00 55 0B
[2026 01 09 16:57:24.943] [INFO] 电机2运动状态：False
[2026 01 09 16:57:25.313] [INFO] 发送 : AA 05 06 01 FF FF FF FF 55 07
[2026 01 09 16:57:25.339] [INFO] 收到 : AA 05 06 01 FF FF FF FF 55 07
[2026 01 09 16:57:25.339] [INFO] 夹具1复位结束, result = True, 用时:1513.9016
[2026 01 09 16:57:25.340] [INFO] 开始抓取操作，上抬脉冲数:530
[2026 01 09 16:57:25.340] [INFO] 开始Z前复位
[2026 01 09 16:57:25.582] [INFO] 发送 : AA 05 05 00 FF FF FF FF 55 05
[2026 01 09 16:57:25.608] [INFO] 收到 : AA 05 05 00 FF FF FF FF 55 05
[2026 01 09 16:57:25.836] [INFO] 发送 : AA 16 4E 20 01 1E 17 FF 55 B8
[2026 01 09 16:57:25.862] [INFO] 收到 : AA 16 4E 20 01 1E 17 FF 55 B8
[2026 01 09 16:57:26.343] [INFO] 夹具1控制:松开, 脉冲数:3100
[2026 01 09 16:57:26.486] [INFO] 发送 : AA 05 06 00 FF FF FF FF 55 06
[2026 01 09 16:57:26.512] [INFO] 收到 : AA 05 06 00 FF FF FF FF 55 06
[2026 01 09 16:57:26.741] [INFO] 发送 : AA 05 05 00 FF FF FF FF 55 05
[2026 01 09 16:57:26.767] [INFO] 收到 : AA 05 05 00 FF FF FF FF 55 05
[2026 01 09 16:57:27.026] [INFO] 发送 : AA 12 0C 1C 01 1E 00 00 55 58
[2026 01 09 16:57:27.052] [INFO] 收到 : AA 12 0C 1C 01 1E 00 00 55 58
[2026 01 09 16:57:27.802] [INFO] 发送 : AA 0C 00 00 00 00 00 00 55 0B
[2026 01 09 16:57:27.828] [INFO] 收到 : AA 0C 01 01 00 00 00 00 55 0D
[2026 01 09 16:57:28.309] [INFO] 发送 : AA 0C 00 00 00 00 00 00 55 0B
[2026 01 09 16:57:28.335] [INFO] 收到 : AA 0C 00 01 00 00 00 00 55 0C
[2026 01 09 16:57:28.719] [INFO] 发送 : AA 05 05 01 FF FF FF FF 55 06
[2026 01 09 16:57:28.745] [INFO] 收到 : AA 05 05 01 FF FF FF FF 55 06
[2026 01 09 16:57:28.745] [INFO] Z前复位结束, result = True, 用时:3405.233
[2026 01 09 16:57:28.746] [INFO] 开始Z轴补偿:后, 脉冲数:0
[2026 01 09 16:57:28.847] [INFO] 发送 : AA 0C 00 00 00 00 00 00 55 0B
[2026 01 09 16:57:28.873] [INFO] 收到 : AA 0C 00 01 00 00 00 00 55 0C
[2026 01 09 16:57:28.989] [INFO] 发送 : AA 05 05 00 FF FF FF FF 55 05
[2026 01 09 16:57:29.015] [INFO] 收到 : AA 05 05 00 FF FF FF FF 55 05
[2026 01 09 16:57:29.132] [INFO] 发送 : AA 08 00 00 00 1E 00 00 55 25
[2026 01 09 16:57:29.158] [INFO] 收到 : AA 08 00 00 00 1E 00 00 55 25
[2026 01 09 16:57:29.400] [INFO] 发送 : AA 0C 00 00 00 00 00 00 55 0B
[2026 01 09 16:57:29.426] [INFO] 收到 : AA 0C 00 00 00 00 00 00 55 0B
[2026 01 09 16:57:29.528] [INFO] 发送 : AA 0C 00 00 00 00 00 00 55 0B
[2026 01 09 16:57:29.553] [INFO] 收到 : AA 0C 00 00 00 00 00 00 55 0B
[2026 01 09 16:57:29.782] [INFO] 发送 : AA 05 06 01 FF FF FF FF 55 07
[2026 01 09 16:57:29.808] [INFO] 收到 : AA 05 06 01 FF FF FF FF 55 07
[2026 01 09 16:57:29.910] [INFO] 发送 : AA 05 05 01 FF FF FF FF 55 06
[2026 01 09 16:57:29.936] [INFO] 收到 : AA 05 05 01 FF FF FF FF 55 06
[2026 01 09 16:57:29.936] [INFO] Z轴补偿结束, result = True, 用时:1189.3774
[2026 01 09 16:57:30.163] [INFO] 发送 : AA 05 05 01 FF FF FF FF 55 06
[2026 01 09 16:57:30.189] [INFO] 收到 : AA 05 05 01 FF FF FF FF 55 06
[2026 01 09 16:57:30.190] [INFO] 夹具1控制结束, result = True, 用时:3846.6305
[2026 01 09 16:57:30.190] [INFO] Y轴开始移动，脉冲数530
[2026 01 09 16:57:30.832] [INFO] Y轴移动结束, result = True, 用时:641.6955
[2026 01 09 16:57:30.834] [INFO] 夹具1控制:夹紧, 脉冲数:3100
[2026 01 09 16:57:30.942] [INFO] 发送 : AA 05 06 00 FF FF FF FF 55 06
[2026 01 09 16:57:30.969] [INFO] 收到 : AA 05 06 00 FF FF FF FF 55 06
[2026 01 09 16:57:31.070] [INFO] 发送 : AA 05 05 00 FF FF FF FF 55 05
[2026 01 09 16:57:31.096] [INFO] 收到 : AA 05 05 00 FF FF FF FF 55 05
[2026 01 09 16:57:31.213] [INFO] 发送 : AA 12 0A BE 00 1E 00 00 55 F7
[2026 01 09 16:57:31.239] [INFO] 收到 : AA 12 0A BE 00 1E 00 00 55 F7
[2026 01 09 16:57:32.007] [INFO] 发送 : AA 0C 00 00 00 00 00 00 55 0B
[2026 01 09 16:57:32.034] [INFO] 收到 : AA 0C 00 01 00 00 00 00 55 0C
[2026 01 09 16:57:32.453] [INFO] 发送 : AA 0C 00 00 00 00 00 00 55 0B
[2026 01 09 16:57:32.479] [INFO] 收到 : AA 0C 00 01 00 00 00 00 55 0C
[2026 01 09 16:57:32.896] [INFO] 发送 : AA 0C 00 00 00 00 00 00 55 0B
[2026 01 09 16:57:32.922] [INFO] 收到 : AA 0C 00 01 00 00 00 00 55 0C
[2026 01 09 16:57:33.433] [INFO] 发送 : AA 0C 00 00 00 00 00 00 55 0B
[2026 01 09 16:57:33.459] [INFO] 收到 : AA 0C 00 00 00 00 00 00 55 0B
[2026 01 09 16:57:33.687] [INFO] 发送 : AA 05 06 01 FF FF FF FF 55 07
[2026 01 09 16:57:33.713] [INFO] 收到 : AA 05 06 01 FF FF FF FF 55 07
[2026 01 09 16:57:33.955] [INFO] 发送 : AA 05 05 01 FF FF FF FF 55 06
[2026 01 09 16:57:33.981] [INFO] 收到 : AA 05 05 01 FF FF FF FF 55 06
[2026 01 09 16:57:33.982] [INFO] 夹具1控制结束, result = True, 用时:3147.3669
[2026 01 09 16:57:33.985] [INFO] 抓取结束, result = True, 用时:8644.5487
[2026 01 09 16:57:33.985] [INFO] Z轴复位开始
[2026 01 09 16:57:34.350] [INFO] 发送 : AA 05 05 00 FF FF FF FF 55 05
[2026 01 09 16:57:34.376] [INFO] 收到 : AA 05 05 00 FF FF FF FF 55 05
[2026 01 09 16:57:34.493] [INFO] 发送 : AA 16 4E 20 00 1E 18 FF 55 B8
[2026 01 09 16:57:34.519] [INFO] 收到 : AA 16 4E 20 00 1E 18 FF 55 B8
[2026 01 09 16:57:37.927] [INFO] 发送 : AA 05 05 01 FF FF FF FF 55 06
[2026 01 09 16:57:37.953] [INFO] 收到 : AA 05 05 01 FF FF FF FF 55 06
[2026 01 09 16:57:37.953] [INFO] Z轴复位结束
[2026 01 09 16:57:37.955] [INFO] 取底托结束, result = True, 用时:14129.4326
[2026 01 09 16:57:37.955] [INFO] 取货完成
[2026 01 09 16:57:37.955] [INFO] 开始送入打印
[2026 01 09 16:57:37.956] [INFO] X轴开始移动，脉冲数19550
[2026 01 09 16:57:40.888] [INFO] X轴移动结束, 用时:2931.5869
[2026 01 09 16:57:40.889] [INFO] Y轴开始移动，脉冲数 9210
[2026 01 09 16:57:42.917] [INFO] Y轴移动结束, result = True, 用时:2028.4731
[2026 01 09 16:57:42.918] [INFO] 夹具2控制:松开
[2026 01 09 16:57:43.092] [INFO] 发送 : AA 05 04 01 FF FF FF FF 55 05
[2026 01 09 16:57:43.118] [INFO] 收到 : AA 05 04 01 FF FF FF FF 55 05
[2026 01 09 16:57:43.122] [INFO] 夹具2控制结束, result = True, 用时:204.1305
[2026 01 09 16:57:43.123] [INFO] 开始Z前复位
[2026 01 09 16:57:43.236] [INFO] 发送 : AA 05 05 00 FF FF FF FF 55 05
[2026 01 09 16:57:43.262] [INFO] 收到 : AA 05 05 00 FF FF FF FF 55 05
[2026 01 09 16:57:43.379] [INFO] 发送 : AA 16 4E 20 01 1E 17 FF 55 B8
[2026 01 09 16:57:43.405] [INFO] 收到 : AA 16 4E 20 01 1E 17 FF 55 B8
[2026 01 09 16:57:46.265] [INFO] 发送 : AA 05 05 01 FF FF FF FF 55 06
[2026 01 09 16:57:46.291] [INFO] 收到 : AA 05 05 01 FF FF FF FF 55 06
[2026 01 09 16:57:46.291] [INFO] Z前复位结束, result = True, 用时:3168.8032
[2026 01 09 16:57:46.293] [INFO] 开始Z轴补偿:前, 脉冲数:500
[2026 01 09 16:57:46.520] [INFO] 发送 : AA 05 05 00 FF FF FF FF 55 05
[2026 01 09 16:57:46.545] [INFO] 收到 : AA 05 05 00 FF FF FF FF 55 05
[2026 01 09 16:57:46.773] [INFO] 发送 : AA 08 01 F4 01 1E 00 00 55 1B
[2026 01 09 16:57:46.798] [INFO] 收到 : AA 08 01 F4 01 1E 00 00 55 1B
[2026 01 09 16:57:47.028] [INFO] 发送 : AA 0C 00 00 00 00 00 00 55 0B
[2026 01 09 16:57:47.054] [INFO] 收到 : AA 0C 01 00 00 00 00 00 55 0C
[2026 01 09 16:57:47.283] [INFO] 发送 : AA 0C 00 00 00 00 00 00 55 0B
[2026 01 09 16:57:47.309] [INFO] 收到 : AA 0C 01 00 00 00 00 00 55 0C
[2026 01 09 16:57:47.533] [INFO] 发送 : AA 0C 00 00 00 00 00 00 55 0B
[2026 01 09 16:57:47.559] [INFO] 收到 : AA 0C 01 00 00 00 00 00 55 0C
[2026 01 09 16:57:47.785] [INFO] 发送 : AA 0C 00 00 00 00 00 00 55 0B
[2026 01 09 16:57:47.811] [INFO] 收到 : AA 0C 00 00 00 00 00 00 55 0B
[2026 01 09 16:57:47.928] [INFO] 发送 : AA 05 05 01 FF FF FF FF 55 06
[2026 01 09 16:57:47.965] [INFO] 收到 : AA 05 05 01 FF FF FF FF 55 06
[2026 01 09 16:57:47.965] [INFO] Z轴补偿结束, result = True, 用时:1672.0656
[2026 01 09 16:57:47.966] [INFO] 夹具1控制:松开, 脉冲数:2000
[2026 01 09 16:57:48.071] [INFO] 发送 : AA 05 06 00 FF FF FF FF 55 06
[2026 01 09 16:57:48.097] [INFO] 收到 : AA 05 06 00 FF FF FF FF 55 06
[2026 01 09 16:57:48.325] [INFO] 发送 : AA 05 05 00 FF FF FF FF 55 05
[2026 01 09 16:57:48.351] [INFO] 收到 : AA 05 05 00 FF FF FF FF 55 05
[2026 01 09 16:57:48.594] [INFO] 发送 : AA 12 07 D0 01 1E 00 00 55 07
[2026 01 09 16:57:48.619] [INFO] 收到 : AA 12 07 D0 01 1E 00 00 55 07
[2026 01 09 16:57:49.244] [INFO] 发送 : AA 0C 00 00 00 00 00 00 55 0B
[2026 01 09 16:57:49.270] [INFO] 收到 : AA 0C 00 01 00 00 00 00 55 0C
[2026 01 09 16:57:49.691] [INFO] 发送 : AA 0C 00 00 00 00 00 00 55 0B
[2026 01 09 16:57:49.716] [INFO] 收到 : AA 0C 00 01 00 00 00 00 55 0C
[2026 01 09 16:57:50.163] [INFO] 发送 : AA 0C 00 00 00 00 00 00 55 0B
[2026 01 09 16:57:50.189] [INFO] 收到 : AA 0C 00 01 00 00 00 00 55 0C
[2026 01 09 16:57:50.674] [INFO] 发送 : AA 0C 00 00 00 00 00 00 55 0B
[2026 01 09 16:57:50.700] [INFO] 收到 : AA 0C 00 00 00 00 00 00 55 0B
[2026 01 09 16:57:50.816] [INFO] 发送 : AA 05 06 01 FF FF FF FF 55 07
[2026 01 09 16:57:50.843] [INFO] 收到 : AA 05 06 01 FF FF FF FF 55 07
[2026 01 09 16:57:50.959] [INFO] 发送 : AA 05 05 01 FF FF FF FF 55 06
[2026 01 09 16:57:50.985] [INFO] 收到 : AA 05 05 01 FF FF FF FF 55 06
[2026 01 09 16:57:50.985] [INFO] 夹具1控制结束, result = True, 用时:3018.4038
[2026 01 09 16:57:50.986] [INFO] Y轴开始移动，脉冲数 600
[2026 01 09 16:57:51.625] [INFO] Y轴移动结束, result = True, 用时:638.3609
[2026 01 09 16:57:51.625] [INFO] Z轴复位开始
[2026 01 09 16:57:52.130] [INFO] 开始夹具1复位
[2026 01 09 16:57:53.637] [INFO] 发送 : AA 05 06 00 FF FF FF FF 55 06
[2026 01 09 16:57:53.663] [INFO] 收到 : AA 05 06 00 FF FF FF FF 55 06
[2026 01 09 16:57:54.018] [INFO] 发送 : AA 05 05 00 FF FF FF FF 55 05
[2026 01 09 16:57:54.044] [INFO] 收到 : AA 05 05 00 FF FF FF FF 55 05
[2026 01 09 16:57:54.286] [INFO] 发送 : AA 16 4E 20 00 1E 18 FF 55 B8
[2026 01 09 16:57:54.312] [INFO] 收到 : AA 16 4E 20 00 1E 18 FF 55 B8
[2026 01 09 16:57:54.553] [INFO] 发送 : AA 18 27 10 00 1E 02 00 55 6E
[2026 01 09 16:57:54.579] [INFO] 收到 : AA 18 27 10 00 1E 02 00 55 6E
[2026 01 09 16:57:54.818] [INFO] 发送 : AA 0C 00 00 00 00 00 00 55 0B
[2026 01 09 16:57:54.845] [INFO] 收到 : AA 0C 01 01 00 00 00 00 55 0D
[2026 01 09 16:57:54.845] [INFO] 电机2运动状态：True
[2026 01 09 16:57:56.092] [INFO] 发送 : AA 05 06 01 FF FF FF FF 55 07
[2026 01 09 16:57:56.118] [INFO] 收到 : AA 05 06 01 FF FF FF FF 55 07
[2026 01 09 16:57:56.118] [INFO] 夹具1复位结束, result = True, 用时:3987.7333
[2026 01 09 16:57:57.376] [INFO] 发送 : AA 05 05 01 FF FF FF FF 55 06
[2026 01 09 16:57:57.402] [INFO] 收到 : AA 05 05 01 FF FF FF FF 55 06
[2026 01 09 16:57:57.402] [INFO] Z轴复位结束
[2026 01 09 16:57:57.402] [INFO] 夹具2控制:夹紧
[2026 01 09 16:57:57.504] [INFO] 发送 : AA 05 04 00 FF FF FF FF 55 04
[2026 01 09 16:57:57.530] [INFO] 收到 : AA 05 04 00 FF FF FF FF 55 04
[2026 01 09 16:57:57.532] [INFO] 夹具2控制结束, result = True, 用时:129.6467
[2026 01 09 16:57:57.533] [INFO] 送入打印结束, result = True, 用时:19578.2498
[2026 01 09 16:57:57.533] [INFO] 送料点移动完成
[2026 01 09 16:57:57.536] [INFO] 开始出货操作
[2026 01 09 16:57:57.536] [INFO] 夹具2控制:松开
[2026 01 09 16:57:57.646] [INFO] 发送 : AA 05 04 01 FF FF FF FF 55 05
[2026 01 09 16:57:57.672] [INFO] 收到 : AA 05 04 01 FF FF FF FF 55 05
[2026 01 09 16:57:57.677] [INFO] 夹具2控制结束, result = True, 用时:140.7209
[2026 01 09 16:57:57.679] [INFO] 开始出货操作，上抬脉冲数:600
[2026 01 09 16:57:57.679] [INFO] 开始Z前复位
[2026 01 09 16:57:57.930] [INFO] 发送 : AA 05 05 00 FF FF FF FF 55 05
[2026 01 09 16:57:57.956] [INFO] 收到 : AA 05 05 00 FF FF FF FF 55 05
[2026 01 09 16:57:58.199] [INFO] 发送 : AA 16 4E 20 01 1E 17 FF 55 B8
[2026 01 09 16:57:58.225] [INFO] 收到 : AA 16 4E 20 01 1E 17 FF 55 B8
[2026 01 09 16:57:58.694] [INFO] 夹具1控制:松开, 脉冲数:2000
[2026 01 09 16:57:58.802] [INFO] 发送 : AA 05 06 00 FF FF FF FF 55 06
[2026 01 09 16:57:58.828] [INFO] 收到 : AA 05 06 00 FF FF FF FF 55 06
[2026 01 09 16:57:59.184] [INFO] 发送 : AA 05 05 00 FF FF FF FF 55 05
[2026 01 09 16:57:59.210] [INFO] 收到 : AA 05 05 00 FF FF FF FF 55 05
[2026 01 09 16:57:59.438] [INFO] 发送 : AA 12 07 D0 01 1E 00 00 55 07
[2026 01 09 16:57:59.464] [INFO] 收到 : AA 12 07 D0 01 1E 00 00 55 07
[2026 01 09 16:58:00.341] [INFO] 发送 : AA 0C 00 00 00 00 00 00 55 0B
[2026 01 09 16:58:00.367] [INFO] 收到 : AA 0C 01 01 00 00 00 00 55 0D
[2026 01 09 16:58:00.785] [INFO] 发送 : AA 0C 00 00 00 00 00 00 55 0B
[2026 01 09 16:58:00.811] [INFO] 收到 : AA 0C 00 01 00 00 00 00 55 0C
[2026 01 09 16:58:01.194] [INFO] 发送 : AA 05 05 01 FF FF FF FF 55 06
[2026 01 09 16:58:01.219] [INFO] 收到 : AA 05 05 01 FF FF FF FF 55 06
[2026 01 09 16:58:01.220] [INFO] Z前复位结束, result = True, 用时:3541.0025
[2026 01 09 16:58:01.221] [INFO] 开始Z轴补偿:前, 脉冲数:380
[2026 01 09 16:58:01.321] [INFO] 发送 : AA 0C 00 00 00 00 00 00 55 0B
[2026 01 09 16:58:01.347] [INFO] 收到 : AA 0C 00 00 00 00 00 00 55 0B
[2026 01 09 16:58:01.448] [INFO] 发送 : AA 05 05 00 FF FF FF FF 55 05
[2026 01 09 16:58:01.474] [INFO] 收到 : AA 05 05 00 FF FF FF FF 55 05
[2026 01 09 16:58:01.588] [INFO] 发送 : AA 05 06 01 FF FF FF FF 55 07
[2026 01 09 16:58:01.614] [INFO] 收到 : AA 05 06 01 FF FF FF FF 55 07
[2026 01 09 16:58:01.715] [INFO] 发送 : AA 08 01 7C 01 1E 00 00 55 A3
[2026 01 09 16:58:01.741] [INFO] 收到 : AA 08 01 7C 01 1E 00 00 55 A3
[2026 01 09 16:58:01.983] [INFO] 发送 : AA 05 05 01 FF FF FF FF 55 06
[2026 01 09 16:58:02.009] [INFO] 收到 : AA 05 05 01 FF FF FF FF 55 06
[2026 01 09 16:58:02.009] [INFO] 夹具1控制结束, result = True, 用时:3315.2525
[2026 01 09 16:58:02.109] [INFO] 发送 : AA 0C 00 00 00 00 00 00 55 0B
[2026 01 09 16:58:02.135] [INFO] 收到 : AA 0C 01 00 00 00 00 00 55 0C
[2026 01 09 16:58:02.492] [INFO] 发送 : AA 0C 00 00 00 00 00 00 55 0B
[2026 01 09 16:58:02.517] [INFO] 收到 : AA 0C 00 00 00 00 00 00 55 0B
[2026 01 09 16:58:02.747] [INFO] 发送 : AA 05 05 01 FF FF FF FF 55 06
[2026 01 09 16:58:02.773] [INFO] 收到 : AA 05 05 01 FF FF FF FF 55 06
[2026 01 09 16:58:02.774] [INFO] Z轴补偿结束, result = True, 用时:1552.4913
[2026 01 09 16:58:02.774] [INFO] Y轴开始移动，脉冲数600
[2026 01 09 16:58:03.414] [INFO] Y轴移动结束, result = True, 用时:640.2162
[2026 01 09 16:58:03.416] [INFO] 夹具1控制:夹紧, 脉冲数:2000
[2026 01 09 16:58:03.525] [INFO] 发送 : AA 05 06 00 FF FF FF FF 55 06
[2026 01 09 16:58:03.551] [INFO] 收到 : AA 05 06 00 FF FF FF FF 55 06
[2026 01 09 16:58:03.653] [INFO] 发送 : AA 05 05 00 FF FF FF FF 55 05
[2026 01 09 16:58:03.680] [INFO] 收到 : AA 05 05 00 FF FF FF FF 55 05
[2026 01 09 16:58:03.796] [INFO] 发送 : AA 12 06 72 00 1E 00 00 55 A7
[2026 01 09 16:58:03.822] [INFO] 收到 : AA 12 06 72 00 1E 00 00 55 A7
[2026 01 09 16:58:04.571] [INFO] 发送 : AA 0C 00 00 00 00 00 00 55 0B
[2026 01 09 16:58:04.597] [INFO] 收到 : AA 0C 00 01 00 00 00 00 55 0C
[2026 01 09 16:58:05.015] [INFO] 发送 : AA 0C 00 00 00 00 00 00 55 0B
[2026 01 09 16:58:05.041] [INFO] 收到 : AA 0C 00 01 00 00 00 00 55 0C
[2026 01 09 16:58:05.363] [INFO] 发送 : AA 05 0A 00 FF FF FF FF 55 0A
[2026 01 09 16:58:05.389] [INFO] 收到 : AA 05 0A 00 FF FF FF FF 55 0A
[2026 01 09 16:58:05.489] [INFO] 发送 : AA 0C 00 00 00 00 00 00 55 0B
[2026 01 09 16:58:05.515] [INFO] 收到 : AA 0C 00 01 00 00 00 00 55 0C
[2026 01 09 16:58:05.617] [INFO] 发送 : AA 05 09 00 FF FF FF FF 55 09
[2026 01 09 16:58:05.642] [INFO] 收到 : AA 05 09 00 FF FF FF FF 55 09
[2026 01 09 16:58:05.998] [INFO] 发送 : AA 0C 00 00 00 00 00 00 55 0B
[2026 01 09 16:58:06.024] [INFO] 收到 : AA 0C 00 00 00 00 00 00 55 0B
[2026 01 09 16:58:06.253] [INFO] 发送 : AA 05 06 01 FF FF FF FF 55 07
[2026 01 09 16:58:06.280] [INFO] 收到 : AA 05 06 01 FF FF FF FF 55 07
[2026 01 09 16:58:06.507] [INFO] 发送 : AA 05 05 01 FF FF FF FF 55 06
[2026 01 09 16:58:06.533] [INFO] 收到 : AA 05 05 01 FF FF FF FF 55 06
[2026 01 09 16:58:06.534] [INFO] 夹具1控制结束, result = True, 用时:3117.4606
[2026 01 09 16:58:06.537] [INFO] 送料结束, result = True, 用时:8858.4629
[2026 01 09 16:58:06.537] [INFO] Z轴复位开始
[2026 01 09 16:58:06.889] [INFO] 发送 : AA 05 05 00 FF FF FF FF 55 05
[2026 01 09 16:58:06.915] [INFO] 收到 : AA 05 05 00 FF FF FF FF 55 05
[2026 01 09 16:58:07.032] [INFO] 发送 : AA 16 4E 20 00 1E 18 FF 55 B8
[2026 01 09 16:58:07.058] [INFO] 收到 : AA 16 4E 20 00 1E 18 FF 55 B8
[2026 01 09 16:58:10.177] [INFO] 发送 : AA 05 05 01 FF FF FF FF 55 06
[2026 01 09 16:58:10.203] [INFO] 收到 : AA 05 05 01 FF FF FF FF 55 06
[2026 01 09 16:58:10.203] [INFO] Z轴复位结束
[2026 01 09 16:58:10.203] [INFO] 夹具2控制:夹紧
[2026 01 09 16:58:10.431] [INFO] 发送 : AA 05 04 00 FF FF FF FF 55 04
[2026 01 09 16:58:10.457] [INFO] 收到 : AA 05 04 00 FF FF FF FF 55 04
[2026 01 09 16:58:10.460] [INFO] 夹具2控制结束, result = True, 用时:256.8223
[2026 01 09 16:58:10.462] [INFO] Y轴开始移动，脉冲数14850
[2026 01 09 16:58:13.011] [INFO] Y轴移动结束, result = True, 用时:2548.1589
[2026 01 09 16:58:13.013] [INFO] X轴开始移动，脉冲数1650
[2026 01 09 16:58:13.964] [INFO] X轴移动结束, 用时:951.4297
[2026 01 09 16:58:14.140] [INFO] 发送 : AA 05 02 01 FF FF FF FF 55 03
[2026 01 09 16:58:14.165] [INFO] 收到 : AA 05 02 01 FF FF FF FF 55 03
[2026 01 09 16:58:14.166] [INFO] 开始Z前复位
[2026 01 09 16:58:14.267] [INFO] 发送 : AA 05 02 00 FF FF FF FF 55 02
[2026 01 09 16:58:14.293] [INFO] 收到 : AA 05 02 00 FF FF FF FF 55 02
[2026 01 09 16:58:14.394] [INFO] 发送 : AA 05 05 00 FF FF FF FF 55 05
[2026 01 09 16:58:14.420] [INFO] 收到 : AA 05 05 00 FF FF FF FF 55 05
[2026 01 09 16:58:14.536] [INFO] 发送 : AA 16 4E 20 01 1E 17 FF 55 B8
[2026 01 09 16:58:14.562] [INFO] 收到 : AA 16 4E 20 01 1E 17 FF 55 B8
[2026 01 09 16:58:15.013] [INFO] 发送 : AA 05 02 01 FF FF FF FF 55 03
[2026 01 09 16:58:15.039] [INFO] 收到 : AA 05 02 01 FF FF FF FF 55 03
[2026 01 09 16:58:15.803] [INFO] 发送 : AA 05 02 00 FF FF FF FF 55 02
[2026 01 09 16:58:15.829] [INFO] 收到 : AA 05 02 00 FF FF FF FF 55 02
[2026 01 09 16:58:16.449] [INFO] 发送 : AA 05 02 01 FF FF FF FF 55 03
[2026 01 09 16:58:16.475] [INFO] 收到 : AA 05 02 01 FF FF FF FF 55 03
[2026 01 09 16:58:17.319] [INFO] 发送 : AA 05 02 00 FF FF FF FF 55 02
[2026 01 09 16:58:17.345] [INFO] 收到 : AA 05 02 00 FF FF FF FF 55 02
[2026 01 09 16:58:17.573] [INFO] 发送 : AA 05 05 01 FF FF FF FF 55 06
[2026 01 09 16:58:17.599] [INFO] 收到 : AA 05 05 01 FF FF FF FF 55 06
[2026 01 09 16:58:17.599] [INFO] Z前复位结束, result = True, 用时:3433.1035
[2026 01 09 16:58:17.599] [INFO] 夹具1控制:松开, 脉冲数:2000
[2026 01 09 16:58:17.827] [INFO] 发送 : AA 05 06 00 FF FF FF FF 55 06
[2026 01 09 16:58:17.853] [INFO] 收到 : AA 05 06 00 FF FF FF FF 55 06
[2026 01 09 16:58:18.082] [INFO] 发送 : AA 05 05 00 FF FF FF FF 55 05
[2026 01 09 16:58:18.108] [INFO] 收到 : AA 05 05 00 FF FF FF FF 55 05
[2026 01 09 16:58:18.209] [INFO] 发送 : AA 05 02 01 FF FF FF FF 55 03
[2026 01 09 16:58:18.235] [INFO] 收到 : AA 05 02 01 FF FF FF FF 55 03
[2026 01 09 16:58:18.462] [INFO] 发送 : AA 12 07 D0 01 1E 00 00 55 07
[2026 01 09 16:58:18.487] [INFO] 收到 : AA 12 07 D0 01 1E 00 00 55 07
[2026 01 09 16:58:18.858] [INFO] 发送 : AA 05 02 00 FF FF FF FF 55 02
[2026 01 09 16:58:18.884] [INFO] 收到 : AA 05 02 00 FF FF FF FF 55 02
[2026 01 09 16:58:19.113] [INFO] 发送 : AA 0C 00 00 00 00 00 00 55 0B
[2026 01 09 16:58:19.140] [INFO] 收到 : AA 0C 00 01 00 00 00 00 55 0C
[2026 01 09 16:58:19.508] [INFO] 发送 : AA 05 02 01 FF FF FF FF 55 03
[2026 01 09 16:58:19.533] [INFO] 收到 : AA 05 02 01 FF FF FF FF 55 03
[2026 01 09 16:58:19.762] [INFO] 发送 : AA 0C 00 00 00 00 00 00 55 0B
[2026 01 09 16:58:19.788] [INFO] 收到 : AA 0C 00 01 00 00 00 00 55 0C
[2026 01 09 16:58:20.284] [INFO] 发送 : AA 05 02 00 FF FF FF FF 55 02
[2026 01 09 16:58:20.310] [INFO] 收到 : AA 05 02 00 FF FF FF FF 55 02
[2026 01 09 16:58:20.411] [INFO] 发送 : AA 0C 00 00 00 00 00 00 55 0B
[2026 01 09 16:58:20.438] [INFO] 收到 : AA 0C 00 00 00 00 00 00 55 0B
[2026 01 09 16:58:20.667] [INFO] 发送 : AA 05 06 01 FF FF FF FF 55 07
[2026 01 09 16:58:20.693] [INFO] 收到 : AA 05 06 01 FF FF FF FF 55 07
[2026 01 09 16:58:20.794] [INFO] 发送 : AA 05 05 01 FF FF FF FF 55 06
[2026 01 09 16:58:20.820] [INFO] 收到 : AA 05 05 01 FF FF FF FF 55 06
[2026 01 09 16:58:20.821] [INFO] 夹具1控制结束, result = True, 用时:3221.211
[2026 01 09 16:58:20.822] [INFO] 开始Z轴补偿:后, 脉冲数:500
[2026 01 09 16:58:20.937] [INFO] 发送 : AA 05 05 00 FF FF FF FF 55 05
[2026 01 09 16:58:20.963] [INFO] 收到 : AA 05 05 00 FF FF FF FF 55 05
[2026 01 09 16:58:21.065] [INFO] 发送 : AA 05 02 01 FF FF FF FF 55 03
[2026 01 09 16:58:21.091] [INFO] 收到 : AA 05 02 01 FF FF FF FF 55 03
[2026 01 09 16:58:21.194] [INFO] 发送 : AA 08 01 F4 00 1E 00 00 55 1A
[2026 01 09 16:58:21.220] [INFO] 收到 : AA 08 01 F4 00 1E 00 00 55 1A
[2026 01 09 16:58:21.447] [INFO] 发送 : AA 0C 00 00 00 00 00 00 55 0B
[2026 01 09 16:58:21.473] [INFO] 收到 : AA 0C 01 00 00 00 00 00 55 0C
[2026 01 09 16:58:21.684] [INFO] 发送 : AA 0C 00 00 00 00 00 00 55 0B
[2026 01 09 16:58:21.709] [INFO] 收到 : AA 0C 01 00 00 00 00 00 55 0C
[2026 01 09 16:58:21.810] [INFO] 发送 : AA 05 02 00 FF FF FF FF 55 02
[2026 01 09 16:58:21.836] [INFO] 收到 : AA 05 02 00 FF FF FF FF 55 02
[2026 01 09 16:58:22.064] [INFO] 发送 : AA 0C 00 00 00 00 00 00 55 0B
[2026 01 09 16:58:22.090] [INFO] 收到 : AA 0C 01 00 00 00 00 00 55 0C
[2026 01 09 16:58:22.452] [INFO] 发送 : AA 0C 00 00 00 00 00 00 55 0B
[2026 01 09 16:58:22.477] [INFO] 收到 : AA 0C 00 00 00 00 00 00 55 0B
[2026 01 09 16:58:22.714] [INFO] 发送 : AA 05 02 01 FF FF FF FF 55 03
[2026 01 09 16:58:22.740] [INFO] 收到 : AA 05 02 01 FF FF FF FF 55 03
[2026 01 09 16:58:22.840] [INFO] 发送 : AA 05 05 01 FF FF FF FF 55 06
[2026 01 09 16:58:22.866] [INFO] 收到 : AA 05 05 01 FF FF FF FF 55 06
[2026 01 09 16:58:22.867] [INFO] Z轴补偿结束, result = True, 用时:2044.4008
[2026 01 09 16:58:22.869] [INFO] Y轴开始移动，脉冲数 800
[2026 01 09 16:58:23.363] [INFO] 发送 : AA 05 02 00 FF FF FF FF 55 02
[2026 01 09 16:58:23.389] [INFO] 收到 : AA 05 02 00 FF FF FF FF 55 02
[2026 01 09 16:58:23.632] [INFO] Y轴移动结束, result = True, 用时:763.2051
[2026 01 09 16:58:23.633] [INFO] 出货结束, result = True, 用时:26097.8378
[2026 01 09 16:58:23.760] [INFO] Z轴复位开始
[2026 01 09 16:58:24.141] [INFO] 夹具2控制:夹紧
[2026 01 09 16:58:24.590] [INFO] 发送 : AA 05 02 01 FF FF FF FF 55 03
[2026 01 09 16:58:25.489] [INFO] 收到 : AA 05 02 01 FF FF FF FF 55 03
[2026 01 09 16:58:25.727] [INFO] 发送 : AA 05 04 00 FF FF FF FF 55 04
[2026 01 09 16:58:25.752] [INFO] 收到 : AA 05 04 00 FF FF FF FF 55 04
[2026 01 09 16:58:25.754] [INFO] 夹具2控制结束, result = True, 用时:1613.3298
[2026 01 09 16:58:25.854] [INFO] 发送 : AA 05 05 00 FF FF FF FF 55 05
[2026 01 09 16:58:25.881] [INFO] 收到 : AA 05 05 00 FF FF FF FF 55 05
[2026 01 09 16:58:26.264] [INFO] 发送 : AA 16 4E 20 00 1E 18 FF 55 B8
[2026 01 09 16:58:26.290] [INFO] 收到 : AA 16 4E 20 00 1E 18 FF 55 B8
[2026 01 09 16:58:26.392] [INFO] 发送 : AA 05 02 00 FF FF FF FF 55 02
[2026 01 09 16:58:26.418] [INFO] 收到 : AA 05 02 00 FF FF FF FF 55 02
[2026 01 09 16:58:27.042] [INFO] 发送 : AA 05 02 01 FF FF FF FF 55 03
[2026 01 09 16:58:27.068] [INFO] 收到 : AA 05 02 01 FF FF FF FF 55 03
[2026 01 09 16:58:27.753] [INFO] 发送 : AA 05 02 00 FF FF FF FF 55 02
[2026 01 09 16:58:27.779] [INFO] 收到 : AA 05 02 00 FF FF FF FF 55 02
[2026 01 09 16:58:28.580] [INFO] 发送 : AA 05 02 01 FF FF FF FF 55 03
[2026 01 09 16:58:28.606] [INFO] 收到 : AA 05 02 01 FF FF FF FF 55 03
[2026 01 09 16:58:28.990] [INFO] 发送 : AA 05 05 01 FF FF FF FF 55 06
[2026 01 09 16:58:29.025] [INFO] 收到 : AA 05 05 01 FF FF FF FF 55 06
[2026 01 09 16:58:29.026] [INFO] Z轴复位结束
[2026 01 09 16:58:29.026] [INFO] 开始夹具1复位
[2026 01 09 16:58:29.134] [INFO] 发送 : AA 05 06 00 FF FF FF FF 55 06
[2026 01 09 16:58:29.159] [INFO] 收到 : AA 05 06 00 FF FF FF FF 55 06
[2026 01 09 16:58:29.260] [INFO] 发送 : AA 05 02 00 FF FF FF FF 55 02
[2026 01 09 16:58:29.286] [INFO] 收到 : AA 05 02 00 FF FF FF FF 55 02
[2026 01 09 16:58:29.782] [INFO] 发送 : AA 18 27 10 00 1E 02 00 55 6E
[2026 01 09 16:58:29.808] [INFO] 收到 : AA 18 27 10 00 1E 02 00 55 6E
[2026 01 09 16:58:30.037] [INFO] 发送 : AA 05 02 01 FF FF FF FF 55 03
[2026 01 09 16:58:30.063] [INFO] 收到 : AA 05 02 01 FF FF FF FF 55 03
[2026 01 09 16:58:30.163] [INFO] 发送 : AA 0C 00 00 00 00 00 00 55 0B
[2026 01 09 16:58:30.189] [INFO] 收到 : AA 0C 00 01 00 00 00 00 55 0C
[2026 01 09 16:58:30.189] [INFO] 电机2运动状态：True
[2026 01 09 16:58:31.369] [INFO] 发送 : AA 05 06 01 FF FF FF FF 55 07
[2026 01 09 16:58:31.396] [INFO] 收到 : AA 05 06 01 FF FF FF FF 55 07
[2026 01 09 16:58:31.396] [INFO] 夹具1复位结束, result = True, 用时:2370.2236
[2026 01 09 16:58:31.396] [INFO] X轴复位开始
[2026 01 09 16:58:37.111] [INFO] X轴复位结束
[2026 01 09 16:58:37.111] [INFO] Y轴复位开始
[2026 01 09 16:58:41.614] [INFO] Y轴复位结束
[2026 01 09 16:58:45.759] [INFO] 发送 : AA 05 01 00 FF FF FF FF 55 01
[2026 01 09 16:58:45.786] [INFO] 收到 : AA 05 01 00 FF FF FF FF 55 01
[2026 01 09 16:58:49.242] [INFO] 发送 : AA 05 01 01 FF FF FF FF 55 02
[2026 01 09 16:58:49.268] [INFO] 收到 : AA 05 01 01 FF FF FF FF 55 02
[2026 01 09 16:59:05.236] [INFO] 发送 : AA 05 0A 00 FF FF FF FF 55 0A
[2026 01 09 16:59:05.262] [INFO] 收到 : AA 05 0A 00 FF FF FF FF 55 0A
[2026 01 09 16:59:05.377] [INFO] 发送 : AA 05 09 00 FF FF FF FF 55 09
[2026 01 09 16:59:05.403] [INFO] 收到 : AA 05 09 00 FF FF FF FF 55 09
[2026 01 09 16:59:07.934] [INFO] 发送 : AA 05 0A 00 FF FF FF FF 55 0A
[2026 01 09 16:59:07.960] [INFO] 收到 : AA 05 0A 00 FF FF FF FF 55 0A
[2026 01 09 16:59:08.199] [INFO] 发送 : AA 05 09 00 FF FF FF FF 55 09
[2026 01 09 16:59:08.225] [INFO] 收到 : AA 05 09 00 FF FF FF FF 55 09
[2026 01 09 16:59:08.709] [INFO] 发送 : AA 05 0A 00 FF FF FF FF 55 0A
[2026 01 09 16:59:08.735] [INFO] 收到 : AA 05 0A 00 FF FF FF FF 55 0A
[2026 01 09 16:59:08.848] [INFO] 发送 : AA 05 09 00 FF FF FF FF 55 09
[2026 01 09 16:59:08.874] [INFO] 收到 : AA 05 09 00 FF FF FF FF 55 09
[2026 01 09 17:00:12.130] [INFO] Y轴开始移动，脉冲数9950
[2026 01 09 17:00:14.217] [INFO] Y轴移动结束, result = True, 用时:2086.527
[2026 01 09 17:00:14.218] [INFO] X轴开始移动，脉冲数450
[2026 01 09 17:00:14.788] [INFO] X轴移动结束, 用时:569.9746
[2026 01 09 17:00:14.788] [INFO] 0点位移动完成
[2026 01 09 17:00:14.790] [INFO] 开始取底托
[2026 01 09 17:00:14.790] [INFO] 开始夹具1复位
[2026 01 09 17:00:14.973] [INFO] 发送 : AA 05 06 00 FF FF FF FF 55 06
[2026 01 09 17:00:14.999] [INFO] 收到 : AA 05 06 00 FF FF FF FF 55 06
[2026 01 09 17:00:15.622] [INFO] 发送 : AA 18 27 10 00 1E 02 00 55 6E
[2026 01 09 17:00:15.648] [INFO] 收到 : AA 18 27 10 00 1E 02 00 55 6E
[2026 01 09 17:00:15.750] [INFO] 发送 : AA 0C 00 00 00 00 00 00 55 0B
[2026 01 09 17:00:15.776] [INFO] 收到 : AA 0C 00 00 00 00 00 00 55 0B
[2026 01 09 17:00:15.776] [INFO] 电机2运动状态：False
[2026 01 09 17:00:16.271] [INFO] 发送 : AA 05 06 01 FF FF FF FF 55 07
[2026 01 09 17:00:16.298] [INFO] 收到 : AA 05 06 01 FF FF FF FF 55 07
[2026 01 09 17:00:16.298] [INFO] 夹具1复位结束, result = True, 用时:1508.3438
[2026 01 09 17:00:16.300] [INFO] 开始抓取操作，上抬脉冲数:530
[2026 01 09 17:00:16.300] [INFO] 开始Z前复位
[2026 01 09 17:00:16.525] [INFO] 发送 : AA 05 05 00 FF FF FF FF 55 05
[2026 01 09 17:00:16.552] [INFO] 收到 : AA 05 05 00 FF FF FF FF 55 05
[2026 01 09 17:00:16.780] [INFO] 发送 : AA 16 4E 20 01 1E 17 FF 55 B8
[2026 01 09 17:00:17.303] [INFO] 夹具1控制:松开, 脉冲数:3100
[2026 01 09 17:00:17.574] [INFO] 收到 : AA 16 4E 20 01 1E 17 FF 55 B8
[2026 01 09 17:00:17.811] [INFO] 发送 : AA 05 06 00 FF FF FF FF 55 06
[2026 01 09 17:00:17.837] [INFO] 收到 : AA 05 06 00 FF FF FF FF 55 06
[2026 01 09 17:00:18.064] [INFO] 发送 : AA 05 05 00 FF FF FF FF 55 05
[2026 01 09 17:00:18.090] [INFO] 收到 : AA 05 05 00 FF FF FF FF 55 05
[2026 01 09 17:00:18.317] [INFO] 发送 : AA 12 0C 1C 01 1E 00 00 55 58
[2026 01 09 17:00:18.343] [INFO] 收到 : AA 12 0C 1C 01 1E 00 00 55 58
[2026 01 09 17:00:19.128] [INFO] 发送 : AA 0C 00 00 00 00 00 00 55 0B
[2026 01 09 17:00:19.154] [INFO] 收到 : AA 0C 01 01 00 00 00 00 55 0D
[2026 01 09 17:00:19.892] [INFO] 发送 : AA 0C 00 00 00 00 00 00 55 0B
[2026 01 09 17:00:19.918] [INFO] 收到 : AA 0C 00 01 00 00 00 00 55 0C
[2026 01 09 17:00:20.146] [INFO] 发送 : AA 05 05 01 FF FF FF FF 55 06
[2026 01 09 17:00:20.172] [INFO] 收到 : AA 05 05 01 FF FF FF FF 55 06
[2026 01 09 17:00:20.172] [INFO] Z前复位结束, result = True, 用时:3872.0394
[2026 01 09 17:00:20.174] [INFO] 开始Z轴补偿:后, 脉冲数:0
[2026 01 09 17:00:20.287] [INFO] 发送 : AA 05 05 00 FF FF FF FF 55 05
[2026 01 09 17:00:20.313] [INFO] 收到 : AA 05 05 00 FF FF FF FF 55 05
[2026 01 09 17:00:20.414] [INFO] 发送 : AA 0C 00 00 00 00 00 00 55 0B
[2026 01 09 17:00:20.440] [INFO] 收到 : AA 0C 00 00 00 00 00 00 55 0B
[2026 01 09 17:00:20.540] [INFO] 发送 : AA 08 00 00 00 1E 00 00 55 25
[2026 01 09 17:00:20.566] [INFO] 收到 : AA 08 00 00 00 1E 00 00 55 25
[2026 01 09 17:00:20.667] [INFO] 发送 : AA 05 06 01 FF FF FF FF 55 07
[2026 01 09 17:00:20.693] [INFO] 收到 : AA 05 06 01 FF FF FF FF 55 07
[2026 01 09 17:00:20.810] [INFO] 发送 : AA 0C 00 00 00 00 00 00 55 0B
[2026 01 09 17:00:20.836] [INFO] 收到 : AA 0C 00 00 00 00 00 00 55 0B
[2026 01 09 17:00:20.950] [INFO] 发送 : AA 05 05 01 FF FF FF FF 55 06
[2026 01 09 17:00:20.976] [INFO] 收到 : AA 05 05 01 FF FF FF FF 55 06
[2026 01 09 17:00:20.976] [INFO] 夹具1控制结束, result = True, 用时:3673.0353
[2026 01 09 17:00:21.076] [INFO] 发送 : AA 05 05 01 FF FF FF FF 55 06
[2026 01 09 17:00:21.102] [INFO] 收到 : AA 05 05 01 FF FF FF FF 55 06
[2026 01 09 17:00:21.103] [INFO] Z轴补偿结束, result = True, 用时:929.1481
[2026 01 09 17:00:21.104] [INFO] Y轴开始移动，脉冲数530
[2026 01 09 17:00:21.741] [INFO] Y轴移动结束, result = True, 用时:637.6908
[2026 01 09 17:00:21.743] [INFO] 夹具1控制:夹紧, 脉冲数:3100
[2026 01 09 17:00:21.917] [INFO] 发送 : AA 05 06 00 FF FF FF FF 55 06
[2026 01 09 17:00:21.942] [INFO] 收到 : AA 05 06 00 FF FF FF FF 55 06
[2026 01 09 17:00:22.057] [INFO] 发送 : AA 05 05 00 FF FF FF FF 55 05
[2026 01 09 17:00:22.083] [INFO] 收到 : AA 05 05 00 FF FF FF FF 55 05
[2026 01 09 17:00:22.201] [INFO] 发送 : AA 12 0A BE 00 1E 00 00 55 F7
[2026 01 09 17:00:22.227] [INFO] 收到 : AA 12 0A BE 00 1E 00 00 55 F7
[2026 01 09 17:00:22.851] [INFO] 发送 : AA 0C 00 00 00 00 00 00 55 0B
[2026 01 09 17:00:22.877] [INFO] 收到 : AA 0C 00 01 00 00 00 00 55 0C
[2026 01 09 17:00:23.514] [INFO] 发送 : AA 0C 00 00 00 00 00 00 55 0B
[2026 01 09 17:00:23.540] [INFO] 收到 : AA 0C 00 01 00 00 00 00 55 0C
[2026 01 09 17:00:23.957] [INFO] 发送 : AA 0C 00 00 00 00 00 00 55 0B
[2026 01 09 17:00:23.983] [INFO] 收到 : AA 0C 00 01 00 00 00 00 55 0C
[2026 01 09 17:00:24.397] [INFO] 发送 : AA 0C 00 00 00 00 00 00 55 0B
[2026 01 09 17:00:24.422] [INFO] 收到 : AA 0C 00 00 00 00 00 00 55 0B
[2026 01 09 17:00:24.540] [INFO] 发送 : AA 05 06 01 FF FF FF FF 55 07
[2026 01 09 17:00:24.566] [INFO] 收到 : AA 05 06 01 FF FF FF FF 55 07
[2026 01 09 17:00:24.794] [INFO] 发送 : AA 05 05 01 FF FF FF FF 55 06
[2026 01 09 17:00:24.820] [INFO] 收到 : AA 05 05 01 FF FF FF FF 55 06
[2026 01 09 17:00:24.821] [INFO] 夹具1控制结束, result = True, 用时:3077.2797
[2026 01 09 17:00:24.824] [INFO] 抓取结束, result = True, 用时:8523.6383
[2026 01 09 17:00:24.824] [INFO] Z轴复位开始
[2026 01 09 17:00:25.189] [INFO] 发送 : AA 05 05 00 FF FF FF FF 55 05
[2026 01 09 17:00:25.215] [INFO] 收到 : AA 05 05 00 FF FF FF FF 55 05
[2026 01 09 17:00:25.445] [INFO] 发送 : AA 16 4E 20 00 1E 18 FF 55 B8
[2026 01 09 17:00:25.471] [INFO] 收到 : AA 16 4E 20 00 1E 18 FF 55 B8
[2026 01 09 17:00:28.514] [INFO] 发送 : AA 05 05 01 FF FF FF FF 55 06
[2026 01 09 17:00:28.540] [INFO] 收到 : AA 05 05 01 FF FF FF FF 55 06
[2026 01 09 17:00:28.540] [INFO] Z轴复位结束
[2026 01 09 17:00:28.542] [INFO] 取底托结束, result = True, 用时:13752.0759
[2026 01 09 17:00:28.542] [INFO] 取货完成
[2026 01 09 17:00:28.542] [INFO] 开始送入打印
[2026 01 09 17:00:28.544] [INFO] X轴开始移动，脉冲数19550
[2026 01 09 17:00:31.492] [INFO] X轴移动结束, 用时:2948.4241
[2026 01 09 17:00:31.493] [INFO] Y轴开始移动，脉冲数 9210
[2026 01 09 17:00:33.585] [INFO] Y轴移动结束, result = True, 用时:2091.2228
[2026 01 09 17:00:33.585] [INFO] 夹具2控制:松开
[2026 01 09 17:00:33.695] [INFO] 发送 : AA 05 04 01 FF FF FF FF 55 05
[2026 01 09 17:00:33.721] [INFO] 收到 : AA 05 04 01 FF FF FF FF 55 05
[2026 01 09 17:00:33.722] [INFO] 夹具2控制结束, result = True, 用时:137.4229
[2026 01 09 17:00:33.722] [INFO] 开始Z前复位
[2026 01 09 17:00:33.823] [INFO] 发送 : AA 05 05 00 FF FF FF FF 55 05
[2026 01 09 17:00:33.849] [INFO] 收到 : AA 05 05 00 FF FF FF FF 55 05
[2026 01 09 17:00:34.078] [INFO] 发送 : AA 16 4E 20 01 1E 17 FF 55 B8
[2026 01 09 17:00:34.104] [INFO] 收到 : AA 16 4E 20 01 1E 17 FF 55 B8
[2026 01 09 17:00:37.008] [INFO] 发送 : AA 05 05 01 FF FF FF FF 55 06
[2026 01 09 17:00:37.034] [INFO] 收到 : AA 05 05 01 FF FF FF FF 55 06
[2026 01 09 17:00:37.034] [INFO] Z前复位结束, result = True, 用时:3311.967
[2026 01 09 17:00:37.036] [INFO] 开始Z轴补偿:前, 脉冲数:500
[2026 01 09 17:00:37.151] [INFO] 发送 : AA 05 05 00 FF FF FF FF 55 05
[2026 01 09 17:00:37.177] [INFO] 收到 : AA 05 05 00 FF FF FF FF 55 05
[2026 01 09 17:00:37.294] [INFO] 发送 : AA 08 01 F4 01 1E 00 00 55 1B
[2026 01 09 17:00:37.319] [INFO] 收到 : AA 08 01 F4 01 1E 00 00 55 1B
[2026 01 09 17:00:37.532] [INFO] 发送 : AA 0C 00 00 00 00 00 00 55 0B
[2026 01 09 17:00:37.558] [INFO] 收到 : AA 0C 01 00 00 00 00 00 55 0C
[2026 01 09 17:00:37.786] [INFO] 发送 : AA 0C 00 00 00 00 00 00 55 0B
[2026 01 09 17:00:37.813] [INFO] 收到 : AA 0C 01 00 00 00 00 00 55 0C
[2026 01 09 17:00:38.182] [INFO] 发送 : AA 0C 00 00 00 00 00 00 55 0B
[2026 01 09 17:00:38.208] [INFO] 收到 : AA 0C 01 00 00 00 00 00 55 0C
[2026 01 09 17:00:38.436] [INFO] 发送 : AA 0C 00 00 00 00 00 00 55 0B
[2026 01 09 17:00:38.462] [INFO] 收到 : AA 0C 00 00 00 00 00 00 55 0B
[2026 01 09 17:00:38.579] [INFO] 发送 : AA 05 05 01 FF FF FF FF 55 06
[2026 01 09 17:00:38.605] [INFO] 收到 : AA 05 05 01 FF FF FF FF 55 06
[2026 01 09 17:00:38.605] [INFO] Z轴补偿结束, result = True, 用时:1569.5966
[2026 01 09 17:00:38.607] [INFO] 夹具1控制:松开, 脉冲数:2000
[2026 01 09 17:00:38.721] [INFO] 发送 : AA 05 06 00 FF FF FF FF 55 06
[2026 01 09 17:00:38.747] [INFO] 收到 : AA 05 06 00 FF FF FF FF 55 06
[2026 01 09 17:00:38.849] [INFO] 发送 : AA 05 05 00 FF FF FF FF 55 05
[2026 01 09 17:00:38.875] [INFO] 收到 : AA 05 05 00 FF FF FF FF 55 05
[2026 01 09 17:00:38.992] [INFO] 发送 : AA 12 07 D0 01 1E 00 00 55 07
[2026 01 09 17:00:39.018] [INFO] 收到 : AA 12 07 D0 01 1E 00 00 55 07
[2026 01 09 17:00:39.644] [INFO] 发送 : AA 0C 00 00 00 00 00 00 55 0B
[2026 01 09 17:00:39.669] [INFO] 收到 : AA 0C 00 01 00 00 00 00 55 0C
[2026 01 09 17:00:40.153] [INFO] 发送 : AA 0C 00 00 00 00 00 00 55 0B
[2026 01 09 17:00:40.179] [INFO] 收到 : AA 0C 00 01 00 00 00 00 55 0C
[2026 01 09 17:00:40.593] [INFO] 发送 : AA 0C 00 00 00 00 00 00 55 0B
[2026 01 09 17:00:40.619] [INFO] 收到 : AA 0C 00 01 00 00 00 00 55 0C
[2026 01 09 17:00:41.036] [INFO] 发送 : AA 0C 00 00 00 00 00 00 55 0B
[2026 01 09 17:00:41.061] [INFO] 收到 : AA 0C 00 00 00 00 00 00 55 0B
[2026 01 09 17:00:41.177] [INFO] 发送 : AA 05 06 01 FF FF FF FF 55 07
[2026 01 09 17:00:41.203] [INFO] 收到 : AA 05 06 01 FF FF FF FF 55 07
[2026 01 09 17:00:41.445] [INFO] 发送 : AA 05 05 01 FF FF FF FF 55 06
[2026 01 09 17:00:41.471] [INFO] 收到 : AA 05 05 01 FF FF FF FF 55 06
[2026 01 09 17:00:41.471] [INFO] 夹具1控制结束, result = True, 用时:2864.4633
[2026 01 09 17:00:41.473] [INFO] Y轴开始移动，脉冲数 600
[2026 01 09 17:00:42.109] [INFO] Y轴移动结束, result = True, 用时:636.2828
[2026 01 09 17:00:42.110] [INFO] Z轴复位开始
[2026 01 09 17:00:42.619] [INFO] 开始夹具1复位
[2026 01 09 17:00:44.078] [INFO] 发送 : AA 05 06 00 FF FF FF FF 55 06
[2026 01 09 17:00:44.103] [INFO] 收到 : AA 05 06 00 FF FF FF FF 55 06
[2026 01 09 17:00:44.346] [INFO] 发送 : AA 05 05 00 FF FF FF FF 55 05
[2026 01 09 17:00:44.372] [INFO] 收到 : AA 05 05 00 FF FF FF FF 55 05
[2026 01 09 17:00:44.601] [INFO] 发送 : AA 16 4E 20 00 1E 18 FF 55 B8
[2026 01 09 17:00:44.627] [INFO] 收到 : AA 16 4E 20 00 1E 18 FF 55 B8
[2026 01 09 17:00:44.871] [INFO] 发送 : AA 18 27 10 00 1E 02 00 55 6E
[2026 01 09 17:00:44.897] [INFO] 收到 : AA 18 27 10 00 1E 02 00 55 6E
[2026 01 09 17:00:45.267] [INFO] 发送 : AA 0C 00 00 00 00 00 00 55 0B
[2026 01 09 17:00:45.293] [INFO] 收到 : AA 0C 01 01 00 00 00 00 55 0D
[2026 01 09 17:00:45.293] [INFO] 电机2运动状态：True
[2026 01 09 17:00:46.487] [INFO] 发送 : AA 05 06 01 FF FF FF FF 55 07
[2026 01 09 17:00:46.513] [INFO] 收到 : AA 05 06 01 FF FF FF FF 55 07
[2026 01 09 17:00:46.514] [INFO] 夹具1复位结束, result = True, 用时:3894.69
[2026 01 09 17:00:47.837] [INFO] 发送 : AA 05 05 01 FF FF FF FF 55 06
[2026 01 09 17:00:47.864] [INFO] 收到 : AA 05 05 01 FF FF FF FF 55 06
[2026 01 09 17:00:47.864] [INFO] Z轴复位结束
[2026 01 09 17:00:47.864] [INFO] 夹具2控制:夹紧
[2026 01 09 17:00:47.979] [INFO] 发送 : AA 05 04 00 FF FF FF FF 55 04
[2026 01 09 17:00:48.005] [INFO] 收到 : AA 05 04 00 FF FF FF FF 55 04
[2026 01 09 17:00:48.008] [INFO] 夹具2控制结束, result = True, 用时:143.6967
[2026 01 09 17:00:48.010] [INFO] 送入打印结束, result = True, 用时:19467.1655
[2026 01 09 17:00:48.010] [INFO] 送料点移动完成
[2026 01 09 17:00:48.011] [INFO] 开始出货操作
[2026 01 09 17:00:48.011] [INFO] 夹具2控制:松开
[2026 01 09 17:00:48.122] [INFO] 发送 : AA 05 04 01 FF FF FF FF 55 05
[2026 01 09 17:00:48.148] [INFO] 收到 : AA 05 04 01 FF FF FF FF 55 05
[2026 01 09 17:00:48.150] [INFO] 夹具2控制结束, result = True, 用时:138.7973
[2026 01 09 17:00:48.151] [INFO] 开始出货操作，上抬脉冲数:600
[2026 01 09 17:00:48.151] [INFO] 开始Z前复位
[2026 01 09 17:00:48.390] [INFO] 发送 : AA 05 05 00 FF FF FF FF 55 05
[2026 01 09 17:00:48.416] [INFO] 收到 : AA 05 05 00 FF FF FF FF 55 05
[2026 01 09 17:00:48.645] [INFO] 发送 : AA 16 4E 20 01 1E 17 FF 55 B8
[2026 01 09 17:00:48.671] [INFO] 收到 : AA 16 4E 20 01 1E 17 FF 55 B8
[2026 01 09 17:00:49.154] [INFO] 夹具1控制:松开, 脉冲数:2000
[2026 01 09 17:00:49.391] [INFO] 发送 : AA 05 06 00 FF FF FF FF 55 06
[2026 01 09 17:00:49.417] [INFO] 收到 : AA 05 06 00 FF FF FF FF 55 06
[2026 01 09 17:00:49.645] [INFO] 发送 : AA 05 05 00 FF FF FF FF 55 05
[2026 01 09 17:00:49.671] [INFO] 收到 : AA 05 05 00 FF FF FF FF 55 05
[2026 01 09 17:00:49.913] [INFO] 发送 : AA 12 07 D0 01 1E 00 00 55 07
[2026 01 09 17:00:49.939] [INFO] 收到 : AA 12 07 D0 01 1E 00 00 55 07
[2026 01 09 17:00:50.817] [INFO] 发送 : AA 0C 00 00 00 00 00 00 55 0B
[2026 01 09 17:00:50.843] [INFO] 收到 : AA 0C 01 01 00 00 00 00 55 0D
[2026 01 09 17:00:51.454] [INFO] 发送 : AA 0C 00 00 00 00 00 00 55 0B
[2026 01 09 17:00:51.480] [INFO] 收到 : AA 0C 00 01 00 00 00 00 55 0C
[2026 01 09 17:00:51.582] [INFO] 发送 : AA 05 05 01 FF FF FF FF 55 06
[2026 01 09 17:00:51.608] [INFO] 收到 : AA 05 05 01 FF FF FF FF 55 06
[2026 01 09 17:00:51.608] [INFO] Z前复位结束, result = True, 用时:3457.2698
[2026 01 09 17:00:51.610] [INFO] 开始Z轴补偿:前, 脉冲数:380
[2026 01 09 17:00:51.725] [INFO] 发送 : AA 05 05 00 FF FF FF FF 55 05
[2026 01 09 17:00:51.751] [INFO] 收到 : AA 05 05 00 FF FF FF FF 55 05
[2026 01 09 17:00:51.869] [INFO] 发送 : AA 08 01 7C 01 1E 00 00 55 A3
[2026 01 09 17:00:51.895] [INFO] 收到 : AA 08 01 7C 01 1E 00 00 55 A3
[2026 01 09 17:00:51.996] [INFO] 发送 : AA 0C 00 00 00 00 00 00 55 0B
[2026 01 09 17:00:52.023] [INFO] 收到 : AA 0C 01 00 00 00 00 00 55 0C
[2026 01 09 17:00:52.139] [INFO] 发送 : AA 05 06 01 FF FF FF FF 55 07
[2026 01 09 17:00:52.165] [INFO] 收到 : AA 05 06 01 FF FF FF FF 55 07
[2026 01 09 17:00:52.267] [INFO] 发送 : AA 0C 00 00 00 00 00 00 55 0B
[2026 01 09 17:00:52.293] [INFO] 收到 : AA 0C 01 00 00 00 00 00 55 0C
[2026 01 09 17:00:52.522] [INFO] 发送 : AA 05 05 01 FF FF FF FF 55 06
[2026 01 09 17:00:52.548] [INFO] 收到 : AA 05 05 01 FF FF FF FF 55 06
[2026 01 09 17:00:52.548] [INFO] 夹具1控制结束, result = True, 用时:3394.396
[2026 01 09 17:00:52.649] [INFO] 发送 : AA 0C 00 00 00 00 00 00 55 0B
[2026 01 09 17:00:52.676] [INFO] 收到 : AA 0C 00 00 00 00 00 00 55 0B
[2026 01 09 17:00:52.918] [INFO] 发送 : AA 05 05 01 FF FF FF FF 55 06
[2026 01 09 17:00:52.944] [INFO] 收到 : AA 05 05 01 FF FF FF FF 55 06
[2026 01 09 17:00:52.944] [INFO] Z轴补偿结束, result = True, 用时:1334.4455
[2026 01 09 17:00:52.944] [INFO] Y轴开始移动，脉冲数600
[2026 01 09 17:00:53.585] [INFO] Y轴移动结束, result = True, 用时:640.1351
[2026 01 09 17:00:53.587] [INFO] 夹具1控制:夹紧, 脉冲数:2000
[2026 01 09 17:00:53.695] [INFO] 发送 : AA 05 06 00 FF FF FF FF 55 06
[2026 01 09 17:00:53.721] [INFO] 收到 : AA 05 06 00 FF FF FF FF 55 06
[2026 01 09 17:00:53.837] [INFO] 发送 : AA 05 05 00 FF FF FF FF 55 05
[2026 01 09 17:00:53.863] [INFO] 收到 : AA 05 05 00 FF FF FF FF 55 05
[2026 01 09 17:00:53.979] [INFO] 发送 : AA 12 06 72 00 1E 00 00 55 A7
[2026 01 09 17:00:54.005] [INFO] 收到 : AA 12 06 72 00 1E 00 00 55 A7
[2026 01 09 17:00:54.630] [INFO] 发送 : AA 0C 00 00 00 00 00 00 55 0B
[2026 01 09 17:00:54.656] [INFO] 收到 : AA 0C 00 01 00 00 00 00 55 0C
[2026 01 09 17:00:55.138] [INFO] 发送 : AA 0C 00 00 00 00 00 00 55 0B
[2026 01 09 17:00:55.164] [INFO] 收到 : AA 0C 00 01 00 00 00 00 55 0C
[2026 01 09 17:00:55.582] [INFO] 发送 : AA 0C 00 00 00 00 00 00 55 0B
[2026 01 09 17:00:55.608] [INFO] 收到 : AA 0C 00 01 00 00 00 00 55 0C
[2026 01 09 17:00:56.027] [INFO] 发送 : AA 0C 00 00 00 00 00 00 55 0B
[2026 01 09 17:00:56.053] [INFO] 收到 : AA 0C 00 00 00 00 00 00 55 0B
[2026 01 09 17:00:56.282] [INFO] 发送 : AA 05 06 01 FF FF FF FF 55 07
[2026 01 09 17:00:56.308] [INFO] 收到 : AA 05 06 01 FF FF FF FF 55 07
[2026 01 09 17:00:56.537] [INFO] 发送 : AA 05 05 01 FF FF FF FF 55 06
[2026 01 09 17:00:56.564] [INFO] 收到 : AA 05 05 01 FF FF FF FF 55 06
[2026 01 09 17:00:56.564] [INFO] 夹具1控制结束, result = True, 用时:2977.1616
[2026 01 09 17:00:56.566] [INFO] 送料结束, result = True, 用时:8415.1524
[2026 01 09 17:00:56.566] [INFO] Z轴复位开始
[2026 01 09 17:00:57.060] [INFO] 发送 : AA 05 05 00 FF FF FF FF 55 05
[2026 01 09 17:00:57.086] [INFO] 收到 : AA 05 05 00 FF FF FF FF 55 05
[2026 01 09 17:00:57.314] [INFO] 发送 : AA 16 4E 20 00 1E 18 FF 55 B8
[2026 01 09 17:00:57.340] [INFO] 收到 : AA 16 4E 20 00 1E 18 FF 55 B8
[2026 01 09 17:01:00.355] [INFO] 发送 : AA 05 05 01 FF FF FF FF 55 06
[2026 01 09 17:01:00.381] [INFO] 收到 : AA 05 05 01 FF FF FF FF 55 06
[2026 01 09 17:01:00.381] [INFO] Z轴复位结束
[2026 01 09 17:01:00.381] [INFO] 夹具2控制:夹紧
[2026 01 09 17:01:00.609] [INFO] 发送 : AA 05 04 00 FF FF FF FF 55 04
[2026 01 09 17:01:00.635] [INFO] 收到 : AA 05 04 00 FF FF FF FF 55 04
[2026 01 09 17:01:00.638] [INFO] 夹具2控制结束, result = True, 用时:256.3777
[2026 01 09 17:01:00.639] [INFO] Y轴开始移动，脉冲数14850
[2026 01 09 17:01:03.210] [INFO] Y轴移动结束, result = True, 用时:2570.807
[2026 01 09 17:01:03.211] [INFO] X轴开始移动，脉冲数1650
[2026 01 09 17:01:04.193] [INFO] X轴移动结束, 用时:981.9945
[2026 01 09 17:01:04.510] [INFO] 发送 : AA 05 02 00 FF FF FF FF 55 02
[2026 01 09 17:01:04.535] [INFO] 收到 : AA 05 02 00 FF FF FF FF 55 02
[2026 01 09 17:01:04.637] [INFO] 发送 : AA 05 02 01 FF FF FF FF 55 03
[2026 01 09 17:01:04.663] [INFO] 收到 : AA 05 02 01 FF FF FF FF 55 03
[2026 01 09 17:01:04.664] [INFO] 开始Z前复位
[2026 01 09 17:01:04.765] [INFO] 发送 : AA 05 05 00 FF FF FF FF 55 05
[2026 01 09 17:01:04.791] [INFO] 收到 : AA 05 05 00 FF FF FF FF 55 05
[2026 01 09 17:01:04.907] [INFO] 发送 : AA 16 4E 20 01 1E 17 FF 55 B8
[2026 01 09 17:01:04.933] [INFO] 收到 : AA 16 4E 20 01 1E 17 FF 55 B8
[2026 01 09 17:01:05.161] [INFO] 发送 : AA 05 02 01 FF FF FF FF 55 03
[2026 01 09 17:01:05.187] [INFO] 收到 : AA 05 02 01 FF FF FF FF 55 03
[2026 01 09 17:01:05.919] [INFO] 发送 : AA 05 02 00 FF FF FF FF 55 02
[2026 01 09 17:01:05.945] [INFO] 收到 : AA 05 02 00 FF FF FF FF 55 02
[2026 01 09 17:01:06.839] [INFO] 发送 : AA 05 02 01 FF FF FF FF 55 03
[2026 01 09 17:01:06.865] [INFO] 收到 : AA 05 02 01 FF FF FF FF 55 03
[2026 01 09 17:01:07.583] [INFO] 发送 : AA 05 02 00 FF FF FF FF 55 02
[2026 01 09 17:01:07.609] [INFO] 收到 : AA 05 02 00 FF FF FF FF 55 02
[2026 01 09 17:01:07.980] [INFO] 发送 : AA 05 05 01 FF FF FF FF 55 06
[2026 01 09 17:01:08.006] [INFO] 收到 : AA 05 05 01 FF FF FF FF 55 06
[2026 01 09 17:01:08.007] [INFO] Z前复位结束, result = True, 用时:3343.0777
[2026 01 09 17:01:08.008] [INFO] 夹具1控制:松开, 脉冲数:2000
[2026 01 09 17:01:08.248] [INFO] 发送 : AA 05 06 00 FF FF FF FF 55 06
[2026 01 09 17:01:08.274] [INFO] 收到 : AA 05 06 00 FF FF FF FF 55 06
[2026 01 09 17:01:08.376] [INFO] 发送 : AA 05 02 01 FF FF FF FF 55 03
[2026 01 09 17:01:08.402] [INFO] 收到 : AA 05 02 01 FF FF FF FF 55 03
[2026 01 09 17:01:08.644] [INFO] 发送 : AA 05 05 00 FF FF FF FF 55 05
[2026 01 09 17:01:08.670] [INFO] 收到 : AA 05 05 00 FF FF FF FF 55 05
[2026 01 09 17:01:08.900] [INFO] 发送 : AA 12 07 D0 01 1E 00 00 55 07
[2026 01 09 17:01:08.925] [INFO] 收到 : AA 12 07 D0 01 1E 00 00 55 07
[2026 01 09 17:01:09.041] [INFO] 发送 : AA 05 02 00 FF FF FF FF 55 02
[2026 01 09 17:01:09.067] [INFO] 收到 : AA 05 02 00 FF FF FF FF 55 02
[2026 01 09 17:01:09.549] [INFO] 发送 : AA 0C 00 00 00 00 00 00 55 0B
[2026 01 09 17:01:09.575] [INFO] 收到 : AA 0C 00 01 00 00 00 00 55 0C
[2026 01 09 17:01:09.692] [INFO] 发送 : AA 05 02 01 FF FF FF FF 55 03
[2026 01 09 17:01:09.719] [INFO] 收到 : AA 05 02 01 FF FF FF FF 55 03
[2026 01 09 17:01:10.073] [INFO] 发送 : AA 0C 00 00 00 00 00 00 55 0B
[2026 01 09 17:01:10.110] [INFO] 收到 : AA 0C 00 01 00 00 00 00 55 0C
[2026 01 09 17:01:10.483] [INFO] 发送 : AA 05 02 00 FF FF FF FF 55 02
[2026 01 09 17:01:10.509] [INFO] 收到 : AA 05 02 00 FF FF FF FF 55 02
[2026 01 09 17:01:10.738] [INFO] 发送 : AA 0C 00 00 00 00 00 00 55 0B
[2026 01 09 17:01:10.764] [INFO] 收到 : AA 0C 00 00 00 00 00 00 55 0B
[2026 01 09 17:01:10.881] [INFO] 发送 : AA 05 06 01 FF FF FF FF 55 07
[2026 01 09 17:01:10.907] [INFO] 收到 : AA 05 06 01 FF FF FF FF 55 07
[2026 01 09 17:01:11.009] [INFO] 发送 : AA 05 05 01 FF FF FF FF 55 06
[2026 01 09 17:01:11.035] [INFO] 收到 : AA 05 05 01 FF FF FF FF 55 06
[2026 01 09 17:01:11.035] [INFO] 夹具1控制结束, result = True, 用时:3026.9849
[2026 01 09 17:01:11.037] [INFO] 开始Z轴补偿:后, 脉冲数:500
[2026 01 09 17:01:11.136] [INFO] 发送 : AA 05 02 01 FF FF FF FF 55 03
[2026 01 09 17:01:11.163] [INFO] 收到 : AA 05 02 01 FF FF FF FF 55 03
[2026 01 09 17:01:11.264] [INFO] 发送 : AA 05 05 00 FF FF FF FF 55 05
[2026 01 09 17:01:11.290] [INFO] 收到 : AA 05 05 00 FF FF FF FF 55 05
[2026 01 09 17:01:11.407] [INFO] 发送 : AA 08 01 F4 00 1E 00 00 55 1A
[2026 01 09 17:01:11.433] [INFO] 收到 : AA 08 01 F4 00 1E 00 00 55 1A
[2026 01 09 17:01:11.646] [INFO] 发送 : AA 0C 00 00 00 00 00 00 55 0B
[2026 01 09 17:01:11.672] [INFO] 收到 : AA 0C 01 00 00 00 00 00 55 0C
[2026 01 09 17:01:11.790] [INFO] 发送 : AA 05 02 00 FF FF FF FF 55 02
[2026 01 09 17:01:11.816] [INFO] 收到 : AA 05 02 00 FF FF FF FF 55 02
[2026 01 09 17:01:12.171] [INFO] 发送 : AA 0C 00 00 00 00 00 00 55 0B
[2026 01 09 17:01:12.197] [INFO] 收到 : AA 0C 01 00 00 00 00 00 55 0C
[2026 01 09 17:01:12.566] [INFO] 发送 : AA 0C 00 00 00 00 00 00 55 0B
[2026 01 09 17:01:12.593] [INFO] 收到 : AA 0C 00 00 00 00 00 00 55 0B
[2026 01 09 17:01:12.693] [INFO] 发送 : AA 05 02 01 FF FF FF FF 55 03
[2026 01 09 17:01:12.719] [INFO] 收到 : AA 05 02 01 FF FF FF FF 55 03
[2026 01 09 17:01:12.948] [INFO] 发送 : AA 05 05 01 FF FF FF FF 55 06
[2026 01 09 17:01:12.974] [INFO] 收到 : AA 05 05 01 FF FF FF FF 55 06
[2026 01 09 17:01:12.974] [INFO] Z轴补偿结束, result = True, 用时:1937.2595
[2026 01 09 17:01:12.975] [INFO] Y轴开始移动，脉冲数 800
[2026 01 09 17:01:13.344] [INFO] 发送 : AA 05 02 00 FF FF FF FF 55 02
[2026 01 09 17:01:13.370] [INFO] 收到 : AA 05 02 00 FF FF FF FF 55 02
[2026 01 09 17:01:13.742] [INFO] Y轴移动结束, result = True, 用时:767.2956
[2026 01 09 17:01:13.744] [INFO] 出货结束, result = True, 用时:25732.9987
[2026 01 09 17:01:13.869] [INFO] Z轴复位开始
[2026 01 09 17:01:14.119] [INFO] 发送 : AA 05 02 01 FF FF FF FF 55 03
[2026 01 09 17:01:14.246] [INFO] 夹具2控制:夹紧
[2026 01 09 17:01:14.933] [INFO] 收到 : AA 05 02 01 FF FF FF FF 55 03
[2026 01 09 17:01:15.164] [INFO] 发送 : AA 05 05 00 FF FF FF FF 55 05
[2026 01 09 17:01:15.190] [INFO] 收到 : AA 05 05 00 FF FF FF FF 55 05
[2026 01 09 17:01:15.306] [INFO] 发送 : AA 05 04 00 FF FF FF FF 55 04
[2026 01 09 17:01:15.332] [INFO] 收到 : AA 05 04 00 FF FF FF FF 55 04
[2026 01 09 17:01:15.337] [INFO] 夹具2控制结束, result = True, 用时:1090.2572
[2026 01 09 17:01:15.574] [INFO] 发送 : AA 16 4E 20 00 1E 18 FF 55 B8
[2026 01 09 17:01:15.600] [INFO] 收到 : AA 16 4E 20 00 1E 18 FF 55 B8
[2026 01 09 17:01:15.701] [INFO] 发送 : AA 05 02 00 FF FF FF FF 55 02
[2026 01 09 17:01:15.727] [INFO] 收到 : AA 05 02 00 FF FF FF FF 55 02
[2026 01 09 17:01:16.348] [INFO] 发送 : AA 05 02 01 FF FF FF FF 55 03
[2026 01 09 17:01:16.374] [INFO] 收到 : AA 05 02 01 FF FF FF FF 55 03
[2026 01 09 17:01:17.108] [INFO] 发送 : AA 05 02 00 FF FF FF FF 55 02
[2026 01 09 17:01:17.134] [INFO] 收到 : AA 05 02 00 FF FF FF FF 55 02
[2026 01 09 17:01:17.888] [INFO] 发送 : AA 05 02 01 FF FF FF FF 55 03
[2026 01 09 17:01:17.914] [INFO] 收到 : AA 05 02 01 FF FF FF FF 55 03
[2026 01 09 17:01:18.410] [INFO] 发送 : AA 05 05 01 FF FF FF FF 55 06
[2026 01 09 17:01:18.436] [INFO] 收到 : AA 05 05 01 FF FF FF FF 55 06
[2026 01 09 17:01:18.436] [INFO] Z轴复位结束
[2026 01 09 17:01:18.436] [INFO] 开始夹具1复位
[2026 01 09 17:01:18.537] [INFO] 发送 : AA 05 02 00 FF FF FF FF 55 02
[2026 01 09 17:01:18.563] [INFO] 收到 : AA 05 02 00 FF FF FF FF 55 02
[2026 01 09 17:01:18.679] [INFO] 发送 : AA 05 06 00 FF FF FF FF 55 06
[2026 01 09 17:01:18.704] [INFO] 收到 : AA 05 06 00 FF FF FF FF 55 06
[2026 01 09 17:01:18.821] [INFO] 发送 : AA 05 0A 00 FF FF FF FF 55 0A
[2026 01 09 17:01:19.487] [INFO] 收到 : AA 05 0A 00 FF FF FF FF 55 0A
[2026 01 09 17:01:19.598] [INFO] 发送 : AA 05 02 01 FF FF FF FF 55 03
[2026 01 09 17:01:19.624] [INFO] 收到 : AA 05 02 01 FF FF FF FF 55 03
[2026 01 09 17:01:19.853] [INFO] 发送 : AA 18 27 10 00 1E 02 00 55 6E
[2026 01 09 17:01:19.879] [INFO] 收到 : AA 18 27 10 00 1E 02 00 55 6E
[2026 01 09 17:01:19.981] [INFO] 发送 : AA 05 09 00 FF FF FF FF 55 09
[2026 01 09 17:01:20.007] [INFO] 收到 : AA 05 09 00 FF FF FF FF 55 09
[2026 01 09 17:01:20.236] [INFO] 发送 : AA 0C 00 00 00 00 00 00 55 0B
[2026 01 09 17:01:20.261] [INFO] 收到 : AA 0C 00 01 00 00 00 00 55 0C
[2026 01 09 17:01:20.262] [INFO] 电机2运动状态：True
[2026 01 09 17:01:21.330] [INFO] 发送 : AA 05 06 01 FF FF FF FF 55 07
[2026 01 09 17:01:21.357] [INFO] 收到 : AA 05 06 01 FF FF FF FF 55 07
[2026 01 09 17:01:21.357] [INFO] 夹具1复位结束, result = True, 用时:2921.2259
[2026 01 09 17:01:21.357] [INFO] X轴复位开始
[2026 01 09 17:01:27.053] [INFO] X轴复位结束
[2026 01 09 17:01:27.054] [INFO] Y轴复位开始
[2026 01 09 17:01:31.580] [INFO] Y轴复位结束
[2026 01 09 17:01:31.589] [INFO] Y轴开始移动，脉冲数9950
[2026 01 09 17:01:33.778] [INFO] Y轴移动结束, result = True, 用时:2188.202
[2026 01 09 17:01:33.779] [INFO] X轴开始移动，脉冲数450
[2026 01 09 17:01:34.409] [INFO] X轴移动结束, 用时:630.2961
[2026 01 09 17:01:34.410] [INFO] 0点位移动完成
[2026 01 09 17:01:34.412] [INFO] 开始取底托
[2026 01 09 17:01:34.412] [INFO] 开始夹具1复位
[2026 01 09 17:01:34.597] [INFO] 发送 : AA 05 06 00 FF FF FF FF 55 06
[2026 01 09 17:01:34.623] [INFO] 收到 : AA 05 06 00 FF FF FF FF 55 06
[2026 01 09 17:01:35.246] [INFO] 发送 : AA 18 27 10 00 1E 02 00 55 6E
[2026 01 09 17:01:35.272] [INFO] 收到 : AA 18 27 10 00 1E 02 00 55 6E
[2026 01 09 17:01:35.388] [INFO] 发送 : AA 0C 00 00 00 00 00 00 55 0B
[2026 01 09 17:01:35.414] [INFO] 收到 : AA 0C 00 00 00 00 00 00 55 0B
[2026 01 09 17:01:35.414] [INFO] 电机2运动状态：False
[2026 01 09 17:01:35.910] [INFO] 发送 : AA 05 06 01 FF FF FF FF 55 07
[2026 01 09 17:01:35.937] [INFO] 收到 : AA 05 06 01 FF FF FF FF 55 07
[2026 01 09 17:01:35.937] [INFO] 夹具1复位结束, result = True, 用时:1524.5042
[2026 01 09 17:01:35.938] [INFO] 开始抓取操作，上抬脉冲数:530
[2026 01 09 17:01:35.939] [INFO] 开始Z前复位
[2026 01 09 17:01:36.823] [INFO] 发送 : AA 05 05 00 FF FF FF FF 55 05
[2026 01 09 17:01:36.849] [INFO] 收到 : AA 05 05 00 FF FF FF FF 55 05
[2026 01 09 17:01:36.949] [INFO] 夹具1控制:松开, 脉冲数:3100
[2026 01 09 17:01:37.105] [INFO] 发送 : AA 16 4E 20 01 1E 17 FF 55 B8
[2026 01 09 17:01:37.131] [INFO] 收到 : AA 16 4E 20 01 1E 17 FF 55 B8
[2026 01 09 17:01:37.231] [INFO] 发送 : AA 05 06 00 FF FF FF FF 55 06
[2026 01 09 17:01:37.257] [INFO] 收到 : AA 05 06 00 FF FF FF FF 55 06
[2026 01 09 17:01:37.498] [INFO] 发送 : AA 05 05 00 FF FF FF FF 55 05
[2026 01 09 17:01:37.524] [INFO] 收到 : AA 05 05 00 FF FF FF FF 55 05
[2026 01 09 17:01:37.770] [INFO] 发送 : AA 12 0C 1C 01 1E 00 00 55 58
[2026 01 09 17:01:37.795] [INFO] 收到 : AA 12 0C 1C 01 1E 00 00 55 58
[2026 01 09 17:01:38.413] [INFO] 发送 : AA 0C 00 00 00 00 00 00 55 0B
[2026 01 09 17:01:38.439] [INFO] 收到 : AA 0C 01 01 00 00 00 00 55 0D
[2026 01 09 17:01:38.947] [INFO] 发送 : AA 0C 00 00 00 00 00 00 55 0B
[2026 01 09 17:01:38.972] [INFO] 收到 : AA 0C 01 01 00 00 00 00 55 0D
[2026 01 09 17:01:39.737] [INFO] 发送 : AA 0C 00 00 00 00 00 00 55 0B
[2026 01 09 17:01:39.763] [INFO] 收到 : AA 0C 00 00 00 00 00 00 55 0B
[2026 01 09 17:01:39.991] [INFO] 发送 : AA 05 06 01 FF FF FF FF 55 07
[2026 01 09 17:01:40.017] [INFO] 收到 : AA 05 06 01 FF FF FF FF 55 07
[2026 01 09 17:01:40.118] [INFO] 发送 : AA 05 05 01 FF FF FF FF 55 06
[2026 01 09 17:01:40.144] [INFO] 收到 : AA 05 05 01 FF FF FF FF 55 06
[2026 01 09 17:01:40.144] [INFO] Z前复位结束, result = True, 用时:4205.6096
[2026 01 09 17:01:40.146] [INFO] 开始Z轴补偿:后, 脉冲数:0
[2026 01 09 17:01:40.244] [INFO] 发送 : AA 05 05 01 FF FF FF FF 55 06
[2026 01 09 17:01:40.270] [INFO] 收到 : AA 05 05 01 FF FF FF FF 55 06
[2026 01 09 17:01:40.270] [INFO] 夹具1控制结束, result = True, 用时:3321.5031
[2026 01 09 17:01:40.371] [INFO] 发送 : AA 05 05 00 FF FF FF FF 55 05
[2026 01 09 17:01:40.397] [INFO] 收到 : AA 05 05 00 FF FF FF FF 55 05
[2026 01 09 17:01:40.513] [INFO] 发送 : AA 08 00 00 00 1E 00 00 55 25
[2026 01 09 17:01:40.539] [INFO] 收到 : AA 08 00 00 00 1E 00 00 55 25
[2026 01 09 17:01:40.768] [INFO] 发送 : AA 0C 00 00 00 00 00 00 55 0B
[2026 01 09 17:01:40.793] [INFO] 收到 : AA 0C 00 00 00 00 00 00 55 0B
[2026 01 09 17:01:41.035] [INFO] 发送 : AA 05 05 01 FF FF FF FF 55 06
[2026 01 09 17:01:41.061] [INFO] 收到 : AA 05 05 01 FF FF FF FF 55 06
[2026 01 09 17:01:41.061] [INFO] Z轴补偿结束, result = True, 用时:915.4789
[2026 01 09 17:01:41.062] [INFO] Y轴开始移动，脉冲数530
[2026 01 09 17:01:41.697] [INFO] Y轴移动结束, result = True, 用时:635.633
[2026 01 09 17:01:41.700] [INFO] 夹具1控制:夹紧, 脉冲数:3100
[2026 01 09 17:01:41.808] [INFO] 发送 : AA 05 06 00 FF FF FF FF 55 06
[2026 01 09 17:01:41.834] [INFO] 收到 : AA 05 06 00 FF FF FF FF 55 06
[2026 01 09 17:01:41.935] [INFO] 发送 : AA 05 05 00 FF FF FF FF 55 05
[2026 01 09 17:01:41.961] [INFO] 收到 : AA 05 05 00 FF FF FF FF 55 05
[2026 01 09 17:01:42.075] [INFO] 发送 : AA 12 0A BE 00 1E 00 00 55 F7
[2026 01 09 17:01:42.101] [INFO] 收到 : AA 12 0A BE 00 1E 00 00 55 F7
[2026 01 09 17:01:42.848] [INFO] 发送 : AA 0C 00 00 00 00 00 00 55 0B
[2026 01 09 17:01:42.874] [INFO] 收到 : AA 0C 00 01 00 00 00 00 55 0C
[2026 01 09 17:01:43.369] [INFO] 发送 : AA 0C 00 00 00 00 00 00 55 0B
[2026 01 09 17:01:43.395] [INFO] 收到 : AA 0C 00 01 00 00 00 00 55 0C
[2026 01 09 17:01:43.814] [INFO] 发送 : AA 0C 00 00 00 00 00 00 55 0B
[2026 01 09 17:01:43.845] [INFO] 收到 : AA 0C 00 01 00 00 00 00 55 0C
[2026 01 09 17:01:44.270] [INFO] 发送 : AA 0C 00 00 00 00 00 00 55 0B
[2026 01 09 17:01:44.296] [INFO] 收到 : AA 0C 00 00 00 00 00 00 55 0B
[2026 01 09 17:01:44.524] [INFO] 发送 : AA 05 06 01 FF FF FF FF 55 07
[2026 01 09 17:01:44.550] [INFO] 收到 : AA 05 06 01 FF FF FF FF 55 07
[2026 01 09 17:01:44.793] [INFO] 发送 : AA 05 05 01 FF FF FF FF 55 06
[2026 01 09 17:01:44.819] [INFO] 收到 : AA 05 05 01 FF FF FF FF 55 06
[2026 01 09 17:01:44.820] [INFO] 夹具1控制结束, result = True, 用时:3120.3598
[2026 01 09 17:01:44.823] [INFO] 抓取结束, result = True, 用时:8884.3763
[2026 01 09 17:01:44.823] [INFO] Z轴复位开始
[2026 01 09 17:01:45.312] [INFO] 发送 : AA 05 05 00 FF FF FF FF 55 05
[2026 01 09 17:01:45.338] [INFO] 收到 : AA 05 05 00 FF FF FF FF 55 05
[2026 01 09 17:01:45.454] [INFO] 发送 : AA 16 4E 20 00 1E 18 FF 55 B8
[2026 01 09 17:01:45.480] [INFO] 收到 : AA 16 4E 20 00 1E 18 FF 55 B8
[2026 01 09 17:01:48.837] [INFO] 发送 : AA 05 05 01 FF FF FF FF 55 06
[2026 01 09 17:01:48.863] [INFO] 收到 : AA 05 05 01 FF FF FF FF 55 06
[2026 01 09 17:01:48.863] [INFO] Z轴复位结束
[2026 01 09 17:01:48.865] [INFO] 取底托结束, result = True, 用时:14453.2023
[2026 01 09 17:01:48.866] [INFO] 取货完成
[2026 01 09 17:01:48.866] [INFO] 开始送入打印
[2026 01 09 17:01:48.867] [INFO] X轴开始移动，脉冲数19550
[2026 01 09 17:01:51.769] [INFO] X轴移动结束, 用时:2901.6422
[2026 01 09 17:01:51.771] [INFO] Y轴开始移动，脉冲数 9210
[2026 01 09 17:01:53.793] [INFO] Y轴移动结束, result = True, 用时:2022.0321
[2026 01 09 17:01:53.793] [INFO] 夹具2控制:松开
[2026 01 09 17:01:54.094] [INFO] 发送 : AA 05 04 01 FF FF FF FF 55 05
[2026 01 09 17:01:54.120] [INFO] 收到 : AA 05 04 01 FF FF FF FF 55 05
[2026 01 09 17:01:54.121] [INFO] 夹具2控制结束, result = True, 用时:328.058
[2026 01 09 17:01:54.122] [INFO] 开始Z前复位
[2026 01 09 17:01:54.349] [INFO] 发送 : AA 05 05 00 FF FF FF FF 55 05
[2026 01 09 17:01:54.375] [INFO] 收到 : AA 05 05 00 FF FF FF FF 55 05
[2026 01 09 17:01:54.604] [INFO] 发送 : AA 16 4E 20 01 1E 17 FF 55 B8
[2026 01 09 17:01:54.630] [INFO] 收到 : AA 16 4E 20 01 1E 17 FF 55 B8
[2026 01 09 17:01:57.442] [INFO] 发送 : AA 05 05 01 FF FF FF FF 55 06
[2026 01 09 17:01:57.468] [INFO] 收到 : AA 05 05 01 FF FF FF FF 55 06
[2026 01 09 17:01:57.469] [INFO] Z前复位结束, result = True, 用时:3347.076
[2026 01 09 17:01:57.470] [INFO] 开始Z轴补偿:前, 脉冲数:500
[2026 01 09 17:01:57.585] [INFO] 发送 : AA 05 05 00 FF FF FF FF 55 05
[2026 01 09 17:01:57.611] [INFO] 收到 : AA 05 05 00 FF FF FF FF 55 05
[2026 01 09 17:01:57.728] [INFO] 发送 : AA 08 01 F4 01 1E 00 00 55 1B
[2026 01 09 17:01:57.753] [INFO] 收到 : AA 08 01 F4 01 1E 00 00 55 1B
[2026 01 09 17:01:57.981] [INFO] 发送 : AA 0C 00 00 00 00 00 00 55 0B
[2026 01 09 17:01:58.007] [INFO] 收到 : AA 0C 01 00 00 00 00 00 55 0C
[2026 01 09 17:01:58.361] [INFO] 发送 : AA 0C 00 00 00 00 00 00 55 0B
[2026 01 09 17:01:58.387] [INFO] 收到 : AA 0C 01 00 00 00 00 00 55 0C
[2026 01 09 17:01:58.615] [INFO] 发送 : AA 0C 00 00 00 00 00 00 55 0B
[2026 01 09 17:01:58.641] [INFO] 收到 : AA 0C 01 00 00 00 00 00 55 0C
[2026 01 09 17:01:58.868] [INFO] 发送 : AA 0C 00 00 00 00 00 00 55 0B
[2026 01 09 17:01:58.895] [INFO] 收到 : AA 0C 00 00 00 00 00 00 55 0B
[2026 01 09 17:01:59.137] [INFO] 发送 : AA 05 05 01 FF FF FF FF 55 06
[2026 01 09 17:01:59.163] [INFO] 收到 : AA 05 05 01 FF FF FF FF 55 06
[2026 01 09 17:01:59.163] [INFO] Z轴补偿结束, result = True, 用时:1692.9863
[2026 01 09 17:01:59.165] [INFO] 夹具1控制:松开, 脉冲数:2000
[2026 01 09 17:01:59.280] [INFO] 发送 : AA 05 06 00 FF FF FF FF 55 06
[2026 01 09 17:01:59.306] [INFO] 收到 : AA 05 06 00 FF FF FF FF 55 06
[2026 01 09 17:01:59.422] [INFO] 发送 : AA 05 05 00 FF FF FF FF 55 05
[2026 01 09 17:01:59.448] [INFO] 收到 : AA 05 05 00 FF FF FF FF 55 05
[2026 01 09 17:01:59.566] [INFO] 发送 : AA 12 07 D0 01 1E 00 00 55 07
[2026 01 09 17:01:59.592] [INFO] 收到 : AA 12 07 D0 01 1E 00 00 55 07
[2026 01 09 17:02:00.343] [INFO] 发送 : AA 0C 00 00 00 00 00 00 55 0B
[2026 01 09 17:02:00.369] [INFO] 收到 : AA 0C 00 01 00 00 00 00 55 0C
[2026 01 09 17:02:00.787] [INFO] 发送 : AA 0C 00 00 00 00 00 00 55 0B
[2026 01 09 17:02:00.813] [INFO] 收到 : AA 0C 00 01 00 00 00 00 55 0C
[2026 01 09 17:02:01.231] [INFO] 发送 : AA 0C 00 00 00 00 00 00 55 0B
[2026 01 09 17:02:01.257] [INFO] 收到 : AA 0C 00 01 00 00 00 00 55 0C
[2026 01 09 17:02:01.769] [INFO] 发送 : AA 0C 00 00 00 00 00 00 55 0B
[2026 01 09 17:02:01.795] [INFO] 收到 : AA 0C 00 00 00 00 00 00 55 0B
[2026 01 09 17:02:02.023] [INFO] 发送 : AA 05 06 01 FF FF FF FF 55 07
[2026 01 09 17:02:02.049] [INFO] 收到 : AA 05 06 01 FF FF FF FF 55 07
[2026 01 09 17:02:02.278] [INFO] 发送 : AA 05 05 01 FF FF FF FF 55 06
[2026 01 09 17:02:02.304] [INFO] 收到 : AA 05 05 01 FF FF FF FF 55 06
[2026 01 09 17:02:02.304] [INFO] 夹具1控制结束, result = True, 用时:3139.3791
[2026 01 09 17:02:02.305] [INFO] Y轴开始移动，脉冲数 600
[2026 01 09 17:02:02.945] [INFO] Y轴移动结束, result = True, 用时:639.2312
[2026 01 09 17:02:02.945] [INFO] Z轴复位开始
[2026 01 09 17:02:03.180] [INFO] 发送 : AA 05 05 00 FF FF FF FF 55 05
[2026 01 09 17:02:03.210] [INFO] 收到 : AA 05 05 00 FF FF FF FF 55 05
[2026 01 09 17:02:03.450] [INFO] 开始夹具1复位
[2026 01 09 17:02:03.450] [INFO] 发送 : AA 16 4E 20 00 1E 18 FF 55 B8
[2026 01 09 17:02:03.477] [INFO] 收到 : AA 16 4E 20 00 1E 18 FF 55 B8
[2026 01 09 17:02:03.578] [INFO] 发送 : AA 05 06 00 FF FF FF FF 55 06
[2026 01 09 17:02:03.604] [INFO] 收到 : AA 05 06 00 FF FF FF FF 55 06
[2026 01 09 17:02:04.353] [INFO] 发送 : AA 18 27 10 00 1E 02 00 55 6E
[2026 01 09 17:02:04.388] [INFO] 收到 : AA 18 27 10 00 1E 02 00 55 6E
[2026 01 09 17:02:04.607] [INFO] 发送 : AA 0C 00 00 00 00 00 00 55 0B
[2026 01 09 17:02:04.633] [INFO] 收到 : AA 0C 01 01 00 00 00 00 55 0D
[2026 01 09 17:02:04.633] [INFO] 电机2运动状态：True
[2026 01 09 17:02:06.302] [INFO] 发送 : AA 05 06 01 FF FF FF FF 55 07
[2026 01 09 17:02:06.329] [INFO] 收到 : AA 05 06 01 FF FF FF FF 55 07
[2026 01 09 17:02:06.329] [INFO] 夹具1复位结束, result = True, 用时:2878.7162
[2026 01 09 17:02:06.573] [INFO] 发送 : AA 05 05 01 FF FF FF FF 55 06
[2026 01 09 17:02:06.599] [INFO] 收到 : AA 05 05 01 FF FF FF FF 55 06
[2026 01 09 17:02:06.599] [INFO] Z轴复位结束
[2026 01 09 17:02:06.600] [INFO] 夹具2控制:夹紧
[2026 01 09 17:02:06.715] [INFO] 发送 : AA 05 04 00 FF FF FF FF 55 04
[2026 01 09 17:02:06.741] [INFO] 收到 : AA 05 04 00 FF FF FF FF 55 04
[2026 01 09 17:02:06.744] [INFO] 夹具2控制结束, result = True, 用时:144.1266
[2026 01 09 17:02:06.745] [INFO] 送入打印结束, result = True, 用时:17879.5099
[2026 01 09 17:02:06.745] [INFO] 送料点移动完成
[2026 01 09 17:02:06.746] [INFO] 开始出货操作
[2026 01 09 17:02:06.747] [INFO] 夹具2控制:松开
[2026 01 09 17:02:06.858] [INFO] 发送 : AA 05 04 01 FF FF FF FF 55 05
[2026 01 09 17:02:06.884] [INFO] 收到 : AA 05 04 01 FF FF FF FF 55 05
[2026 01 09 17:02:06.887] [INFO] 夹具2控制结束, result = True, 用时:140.7067
[2026 01 09 17:02:06.889] [INFO] 开始出货操作，上抬脉冲数:600
[2026 01 09 17:02:06.890] [INFO] 开始Z前复位
[2026 01 09 17:02:07.001] [INFO] 发送 : AA 05 05 00 FF FF FF FF 55 05
[2026 01 09 17:02:07.027] [INFO] 收到 : AA 05 05 00 FF FF FF FF 55 05
[2026 01 09 17:02:07.283] [INFO] 发送 : AA 16 4E 20 01 1E 17 FF 55 B8
[2026 01 09 17:02:07.308] [INFO] 收到 : AA 16 4E 20 01 1E 17 FF 55 B8
[2026 01 09 17:02:07.901] [INFO] 夹具1控制:松开, 脉冲数:2000
[2026 01 09 17:02:08.010] [INFO] 发送 : AA 05 06 00 FF FF FF FF 55 06
[2026 01 09 17:02:08.035] [INFO] 收到 : AA 05 06 00 FF FF FF FF 55 06
[2026 01 09 17:02:08.264] [INFO] 发送 : AA 05 05 00 FF FF FF FF 55 05
[2026 01 09 17:02:08.290] [INFO] 收到 : AA 05 05 00 FF FF FF FF 55 05
[2026 01 09 17:02:08.517] [INFO] 发送 : AA 12 07 D0 01 1E 00 00 55 07
[2026 01 09 17:02:08.543] [INFO] 收到 : AA 12 07 D0 01 1E 00 00 55 07
[2026 01 09 17:02:09.484] [INFO] 发送 : AA 0C 00 00 00 00 00 00 55 0B
[2026 01 09 17:02:09.510] [INFO] 收到 : AA 0C 01 01 00 00 00 00 55 0D
[2026 01 09 17:02:10.131] [INFO] 发送 : AA 0C 00 00 00 00 00 00 55 0B
[2026 01 09 17:02:10.157] [INFO] 收到 : AA 0C 00 01 00 00 00 00 55 0C
[2026 01 09 17:02:10.257] [INFO] 发送 : AA 05 05 01 FF FF FF FF 55 06
[2026 01 09 17:02:10.283] [INFO] 收到 : AA 05 05 01 FF FF FF FF 55 06
[2026 01 09 17:02:10.283] [INFO] Z前复位结束, result = True, 用时:3393.6348
[2026 01 09 17:02:10.284] [INFO] 开始Z轴补偿:前, 脉冲数:380
[2026 01 09 17:02:10.385] [INFO] 发送 : AA 05 05 00 FF FF FF FF 55 05
[2026 01 09 17:02:10.411] [INFO] 收到 : AA 05 05 00 FF FF FF FF 55 05
[2026 01 09 17:02:10.512] [INFO] 发送 : AA 08 01 7C 01 1E 00 00 55 A3
[2026 01 09 17:02:10.538] [INFO] 收到 : AA 08 01 7C 01 1E 00 00 55 A3
[2026 01 09 17:02:10.639] [INFO] 发送 : AA 0C 00 00 00 00 00 00 55 0B
[2026 01 09 17:02:10.665] [INFO] 收到 : AA 0C 01 00 00 00 00 00 55 0C
[2026 01 09 17:02:10.766] [INFO] 发送 : AA 0C 00 00 00 00 00 00 55 0B
[2026 01 09 17:02:10.792] [INFO] 收到 : AA 0C 01 00 00 00 00 00 55 0C
[2026 01 09 17:02:10.893] [INFO] 发送 : AA 05 06 01 FF FF FF FF 55 07
[2026 01 09 17:02:10.919] [INFO] 收到 : AA 05 06 01 FF FF FF FF 55 07
[2026 01 09 17:02:11.161] [INFO] 发送 : AA 0C 00 00 00 00 00 00 55 0B
[2026 01 09 17:02:11.187] [INFO] 收到 : AA 0C 01 00 00 00 00 00 55 0C
[2026 01 09 17:02:11.303] [INFO] 发送 : AA 05 05 01 FF FF FF FF 55 06
[2026 01 09 17:02:11.329] [INFO] 收到 : AA 05 05 01 FF FF FF FF 55 06
[2026 01 09 17:02:11.329] [INFO] 夹具1控制结束, result = True, 用时:3428.7397
[2026 01 09 17:02:11.558] [INFO] 发送 : AA 0C 00 00 00 00 00 00 55 0B
[2026 01 09 17:02:11.584] [INFO] 收到 : AA 0C 00 00 00 00 00 00 55 0B
[2026 01 09 17:02:11.813] [INFO] 发送 : AA 05 05 01 FF FF FF FF 55 06
[2026 01 09 17:02:11.839] [INFO] 收到 : AA 05 05 01 FF FF FF FF 55 06
[2026 01 09 17:02:11.840] [INFO] Z轴补偿结束, result = True, 用时:1555.5379
[2026 01 09 17:02:11.840] [INFO] Y轴开始移动，脉冲数600
[2026 01 09 17:02:12.479] [INFO] Y轴移动结束, result = True, 用时:638.722
[2026 01 09 17:02:12.481] [INFO] 夹具1控制:夹紧, 脉冲数:2000
[2026 01 09 17:02:12.588] [INFO] 发送 : AA 05 06 00 FF FF FF FF 55 06
[2026 01 09 17:02:12.614] [INFO] 收到 : AA 05 06 00 FF FF FF FF 55 06
[2026 01 09 17:02:12.729] [INFO] 发送 : AA 05 05 00 FF FF FF FF 55 05
[2026 01 09 17:02:12.755] [INFO] 收到 : AA 05 05 00 FF FF FF FF 55 05
[2026 01 09 17:02:12.873] [INFO] 发送 : AA 12 06 72 00 1E 00 00 55 A7
[2026 01 09 17:02:12.898] [INFO] 收到 : AA 12 06 72 00 1E 00 00 55 A7
[2026 01 09 17:02:13.650] [INFO] 发送 : AA 0C 00 00 00 00 00 00 55 0B
[2026 01 09 17:02:13.676] [INFO] 收到 : AA 0C 00 01 00 00 00 00 55 0C
[2026 01 09 17:02:14.094] [INFO] 发送 : AA 0C 00 00 00 00 00 00 55 0B
[2026 01 09 17:02:14.120] [INFO] 收到 : AA 0C 00 01 00 00 00 00 55 0C
[2026 01 09 17:02:14.539] [INFO] 发送 : AA 0C 00 00 00 00 00 00 55 0B
[2026 01 09 17:02:14.565] [INFO] 收到 : AA 0C 00 01 00 00 00 00 55 0C
[2026 01 09 17:02:15.144] [INFO] 发送 : AA 0C 00 00 00 00 00 00 55 0B
[2026 01 09 17:02:15.170] [INFO] 收到 : AA 0C 00 00 00 00 00 00 55 0B
[2026 01 09 17:02:15.397] [INFO] 发送 : AA 05 06 01 FF FF FF FF 55 07
[2026 01 09 17:02:15.423] [INFO] 收到 : AA 05 06 01 FF FF FF FF 55 07
[2026 01 09 17:02:15.665] [INFO] 发送 : AA 05 05 01 FF FF FF FF 55 06
[2026 01 09 17:02:15.691] [INFO] 收到 : AA 05 05 01 FF FF FF FF 55 06
[2026 01 09 17:02:15.691] [INFO] 夹具1控制结束, result = True, 用时:3210.708
[2026 01 09 17:02:15.693] [INFO] 送料结束, result = True, 用时:8803.2632
[2026 01 09 17:02:15.693] [INFO] Z轴复位开始
[2026 01 09 17:02:16.078] [INFO] 发送 : AA 05 05 00 FF FF FF FF 55 05
[2026 01 09 17:02:16.104] [INFO] 收到 : AA 05 05 00 FF FF FF FF 55 05
[2026 01 09 17:02:16.220] [INFO] 发送 : AA 16 4E 20 00 1E 18 FF 55 B8
[2026 01 09 17:02:16.247] [INFO] 收到 : AA 16 4E 20 00 1E 18 FF 55 B8
[2026 01 09 17:02:19.598] [INFO] 发送 : AA 05 05 01 FF FF FF FF 55 06
[2026 01 09 17:02:19.624] [INFO] 收到 : AA 05 05 01 FF FF FF FF 55 06
[2026 01 09 17:02:19.624] [INFO] Z轴复位结束
[2026 01 09 17:02:19.624] [INFO] 夹具2控制:夹紧
[2026 01 09 17:02:19.740] [INFO] 发送 : AA 05 04 00 FF FF FF FF 55 04
[2026 01 09 17:02:19.766] [INFO] 收到 : AA 05 04 00 FF FF FF FF 55 04
[2026 01 09 17:02:19.770] [INFO] 夹具2控制结束, result = True, 用时:145.2736
[2026 01 09 17:02:19.772] [INFO] Y轴开始移动，脉冲数14850
[2026 01 09 17:02:22.306] [INFO] Y轴移动结束, result = True, 用时:2534.4273
[2026 01 09 17:02:22.308] [INFO] X轴开始移动，脉冲数1650
[2026 01 09 17:02:23.271] [INFO] X轴移动结束, 用时:963.2604
[2026 01 09 17:02:23.383] [INFO] 发送 : AA 05 02 01 FF FF FF FF 55 03
[2026 01 09 17:02:23.409] [INFO] 收到 : AA 05 02 01 FF FF FF FF 55 03
[2026 01 09 17:02:23.410] [INFO] 开始Z前复位
[2026 01 09 17:02:23.510] [INFO] 发送 : AA 05 02 00 FF FF FF FF 55 02
[2026 01 09 17:02:23.537] [INFO] 收到 : AA 05 02 00 FF FF FF FF 55 02
[2026 01 09 17:02:23.638] [INFO] 发送 : AA 05 05 00 FF FF FF FF 55 05
[2026 01 09 17:02:23.664] [INFO] 收到 : AA 05 05 00 FF FF FF FF 55 05
[2026 01 09 17:02:23.781] [INFO] 发送 : AA 16 4E 20 01 1E 17 FF 55 B8
[2026 01 09 17:02:23.807] [INFO] 收到 : AA 16 4E 20 01 1E 17 FF 55 B8
[2026 01 09 17:02:24.258] [INFO] 发送 : AA 05 02 01 FF FF FF FF 55 03
[2026 01 09 17:02:24.284] [INFO] 收到 : AA 05 02 01 FF FF FF FF 55 03
[2026 01 09 17:02:25.051] [INFO] 发送 : AA 05 02 00 FF FF FF FF 55 02
[2026 01 09 17:02:25.077] [INFO] 收到 : AA 05 02 00 FF FF FF FF 55 02
[2026 01 09 17:02:25.715] [INFO] 发送 : AA 05 02 01 FF FF FF FF 55 03
[2026 01 09 17:02:25.741] [INFO] 收到 : AA 05 02 01 FF FF FF FF 55 03
[2026 01 09 17:02:26.701] [INFO] 发送 : AA 05 02 00 FF FF FF FF 55 02
[2026 01 09 17:02:26.727] [INFO] 收到 : AA 05 02 00 FF FF FF FF 55 02
[2026 01 09 17:02:26.828] [INFO] 发送 : AA 05 05 01 FF FF FF FF 55 06
[2026 01 09 17:02:26.854] [INFO] 收到 : AA 05 05 01 FF FF FF FF 55 06
[2026 01 09 17:02:26.854] [INFO] Z前复位结束, result = True, 用时:3444.8757
[2026 01 09 17:02:26.856] [INFO] 夹具1控制:松开, 脉冲数:2000
[2026 01 09 17:02:27.083] [INFO] 发送 : AA 05 06 00 FF FF FF FF 55 06
[2026 01 09 17:02:27.109] [INFO] 收到 : AA 05 06 00 FF FF FF FF 55 06
[2026 01 09 17:02:27.337] [INFO] 发送 : AA 05 05 00 FF FF FF FF 55 05
[2026 01 09 17:02:27.363] [INFO] 收到 : AA 05 05 00 FF FF FF FF 55 05
[2026 01 09 17:02:27.591] [INFO] 发送 : AA 05 02 01 FF FF FF FF 55 03
[2026 01 09 17:02:27.617] [INFO] 收到 : AA 05 02 01 FF FF FF FF 55 03
[2026 01 09 17:02:27.718] [INFO] 发送 : AA 12 07 D0 01 1E 00 00 55 07
[2026 01 09 17:02:27.744] [INFO] 收到 : AA 12 07 D0 01 1E 00 00 55 07
[2026 01 09 17:02:28.240] [INFO] 发送 : AA 05 02 00 FF FF FF FF 55 02
[2026 01 09 17:02:28.266] [INFO] 收到 : AA 05 02 00 FF FF FF FF 55 02
[2026 01 09 17:02:28.366] [INFO] 发送 : AA 0C 00 00 00 00 00 00 55 0B
[2026 01 09 17:02:28.392] [INFO] 收到 : AA 0C 00 01 00 00 00 00 55 0C
[2026 01 09 17:02:28.810] [INFO] 发送 : AA 0C 00 00 00 00 00 00 55 0B
[2026 01 09 17:02:28.838] [INFO] 收到 : AA 0C 00 01 00 00 00 00 55 0C
[2026 01 09 17:02:28.953] [INFO] 发送 : AA 05 02 01 FF FF FF FF 55 03
[2026 01 09 17:02:28.979] [INFO] 收到 : AA 05 02 01 FF FF FF FF 55 03
[2026 01 09 17:02:29.462] [INFO] 发送 : AA 0C 00 00 00 00 00 00 55 0B
[2026 01 09 17:02:29.488] [INFO] 收到 : AA 0C 00 01 00 00 00 00 55 0C
[2026 01 09 17:02:29.603] [INFO] 发送 : AA 05 02 00 FF FF FF FF 55 02
[2026 01 09 17:02:29.628] [INFO] 收到 : AA 05 02 00 FF FF FF FF 55 02
[2026 01 09 17:02:29.906] [INFO] 发送 : AA 0C 00 00 00 00 00 00 55 0B
[2026 01 09 17:02:29.931] [INFO] 收到 : AA 0C 00 00 00 00 00 00 55 0B
[2026 01 09 17:02:30.034] [INFO] 发送 : AA 05 06 01 FF FF FF FF 55 07
[2026 01 09 17:02:30.060] [INFO] 收到 : AA 05 06 01 FF FF FF FF 55 07
[2026 01 09 17:02:30.175] [INFO] 发送 : AA 05 05 01 FF FF FF FF 55 06
[2026 01 09 17:02:30.201] [INFO] 收到 : AA 05 05 01 FF FF FF FF 55 06
[2026 01 09 17:02:30.201] [INFO] 夹具1控制结束, result = True, 用时:3345.3251
[2026 01 09 17:02:30.202] [INFO] 开始Z轴补偿:后, 脉冲数:500
[2026 01 09 17:02:30.301] [INFO] 发送 : AA 05 02 01 FF FF FF FF 55 03
[2026 01 09 17:02:30.327] [INFO] 收到 : AA 05 02 01 FF FF FF FF 55 03
[2026 01 09 17:02:30.429] [INFO] 发送 : AA 05 05 00 FF FF FF FF 55 05
[2026 01 09 17:02:30.455] [INFO] 收到 : AA 05 05 00 FF FF FF FF 55 05
[2026 01 09 17:02:30.682] [INFO] 发送 : AA 08 01 F4 00 1E 00 00 55 1A
[2026 01 09 17:02:30.708] [INFO] 收到 : AA 08 01 F4 00 1E 00 00 55 1A
[2026 01 09 17:02:31.078] [INFO] 发送 : AA 0C 00 00 00 00 00 00 55 0B
[2026 01 09 17:02:31.104] [INFO] 收到 : AA 0C 01 00 00 00 00 00 55 0C
[2026 01 09 17:02:31.219] [INFO] 发送 : AA 05 02 00 FF FF FF FF 55 02
[2026 01 09 17:02:31.245] [INFO] 收到 : AA 05 02 00 FF FF FF FF 55 02
[2026 01 09 17:02:31.473] [INFO] 发送 : AA 0C 00 00 00 00 00 00 55 0B
[2026 01 09 17:02:31.498] [INFO] 收到 : AA 0C 01 00 00 00 00 00 55 0C
[2026 01 09 17:02:31.728] [INFO] 发送 : AA 0C 00 00 00 00 00 00 55 0B
[2026 01 09 17:02:31.754] [INFO] 收到 : AA 0C 00 00 00 00 00 00 55 0B
[2026 01 09 17:02:31.871] [INFO] 发送 : AA 05 05 01 FF FF FF FF 55 06
[2026 01 09 17:02:31.897] [INFO] 收到 : AA 05 05 01 FF FF FF FF 55 06
[2026 01 09 17:02:31.897] [INFO] Z轴补偿结束, result = True, 用时:1695.3683
[2026 01 09 17:02:31.899] [INFO] Y轴开始移动，脉冲数 800
[2026 01 09 17:02:31.998] [INFO] 发送 : AA 05 02 01 FF FF FF FF 55 03
[2026 01 09 17:02:32.024] [INFO] 收到 : AA 05 02 01 FF FF FF FF 55 03
[2026 01 09 17:02:32.652] [INFO] 发送 : AA 05 02 00 FF FF FF FF 55 02
[2026 01 09 17:02:32.667] [INFO] Y轴移动结束, result = True, 用时:768.3508
[2026 01 09 17:02:32.670] [INFO] 出货结束, result = True, 用时:25923.9464
[2026 01 09 17:02:32.678] [INFO] 收到 : AA 05 02 00 FF FF FF FF 55 02
[2026 01 09 17:02:32.793] [INFO] Z轴复位开始
[2026 01 09 17:02:33.174] [INFO] 夹具2控制:夹紧
[2026 01 09 17:02:33.727] [INFO] 发送 : AA 05 04 00 FF FF FF FF 55 04
[2026 01 09 17:02:33.754] [INFO] 收到 : AA 05 04 00 FF FF FF FF 55 04
[2026 01 09 17:02:33.757] [INFO] 夹具2控制结束, result = True, 用时:583.1043
[2026 01 09 17:02:33.868] [INFO] 发送 : AA 05 02 01 FF FF FF FF 55 03
[2026 01 09 17:02:33.894] [INFO] 收到 : AA 05 02 01 FF FF FF FF 55 03
[2026 01 09 17:02:33.994] [INFO] 发送 : AA 05 05 00 FF FF FF FF 55 05
[2026 01 09 17:02:34.020] [INFO] 收到 : AA 05 05 00 FF FF FF FF 55 05
[2026 01 09 17:02:34.248] [INFO] 发送 : AA 16 4E 20 00 1E 18 FF 55 B8
[2026 01 09 17:02:34.274] [INFO] 收到 : AA 16 4E 20 00 1E 18 FF 55 B8
[2026 01 09 17:02:34.517] [INFO] 发送 : AA 05 02 00 FF FF FF FF 55 02
[2026 01 09 17:02:34.547] [INFO] 收到 : AA 05 02 00 FF FF FF FF 55 02
[2026 01 09 17:02:35.232] [INFO] 发送 : AA 05 02 01 FF FF FF FF 55 03
[2026 01 09 17:02:35.258] [INFO] 收到 : AA 05 02 01 FF FF FF FF 55 03
[2026 01 09 17:02:35.880] [INFO] 发送 : AA 05 02 00 FF FF FF FF 55 02
[2026 01 09 17:02:35.906] [INFO] 收到 : AA 05 02 00 FF FF FF FF 55 02
[2026 01 09 17:02:36.644] [INFO] 发送 : AA 05 02 01 FF FF FF FF 55 03
[2026 01 09 17:02:36.670] [INFO] 收到 : AA 05 02 01 FF FF FF FF 55 03
[2026 01 09 17:02:37.042] [INFO] 发送 : AA 05 05 01 FF FF FF FF 55 06
[2026 01 09 17:02:37.068] [INFO] 收到 : AA 05 05 01 FF FF FF FF 55 06
[2026 01 09 17:02:37.068] [INFO] Z轴复位结束
[2026 01 09 17:02:37.068] [INFO] 开始夹具1复位
[2026 01 09 17:02:37.184] [INFO] 发送 : AA 05 06 00 FF FF FF FF 55 06
[2026 01 09 17:02:37.210] [INFO] 收到 : AA 05 06 00 FF FF FF FF 55 06
[2026 01 09 17:02:37.325] [INFO] 发送 : AA 05 02 00 FF FF FF FF 55 02
[2026 01 09 17:02:37.351] [INFO] 收到 : AA 05 02 00 FF FF FF FF 55 02
[2026 01 09 17:02:37.831] [INFO] 发送 : AA 18 27 10 00 1E 02 00 55 6E
[2026 01 09 17:02:37.857] [INFO] 收到 : AA 18 27 10 00 1E 02 00 55 6E
[2026 01 09 17:02:38.084] [INFO] 发送 : AA 0C 00 00 00 00 00 00 55 0B
[2026 01 09 17:02:38.110] [INFO] 收到 : AA 0C 00 01 00 00 00 00 55 0C
[2026 01 09 17:02:38.110] [INFO] 电机2运动状态：True
[2026 01 09 17:02:38.211] [INFO] 发送 : AA 05 02 01 FF FF FF FF 55 03
[2026 01 09 17:02:38.237] [INFO] 收到 : AA 05 02 01 FF FF FF FF 55 03
[2026 01 09 17:02:39.306] [INFO] 发送 : AA 05 06 01 FF FF FF FF 55 07
[2026 01 09 17:02:39.332] [INFO] 收到 : AA 05 06 01 FF FF FF FF 55 07
[2026 01 09 17:02:39.333] [INFO] 夹具1复位结束, result = True, 用时:2264.4013
[2026 01 09 17:02:39.333] [INFO] X轴复位开始
[2026 01 09 17:02:45.035] [INFO] X轴复位结束
[2026 01 09 17:02:45.036] [INFO] Y轴复位开始
[2026 01 09 17:02:49.605] [INFO] Y轴复位结束
[2026 01 09 17:02:49.613] [INFO] Y轴开始移动，脉冲数9950
[2026 01 09 17:02:51.684] [INFO] Y轴移动结束, result = True, 用时:2070.9748
[2026 01 09 17:02:51.685] [INFO] X轴开始移动，脉冲数450
[2026 01 09 17:02:52.251] [INFO] X轴移动结束, 用时:566.6158
[2026 01 09 17:02:52.252] [INFO] 0点位移动完成
[2026 01 09 17:02:52.254] [INFO] 开始取底托
[2026 01 09 17:02:52.254] [INFO] 开始夹具1复位
[2026 01 09 17:02:52.550] [INFO] 发送 : AA 05 06 00 FF FF FF FF 55 06
[2026 01 09 17:02:52.576] [INFO] 收到 : AA 05 06 00 FF FF FF FF 55 06
[2026 01 09 17:02:53.197] [INFO] 发送 : AA 18 27 10 00 1E 02 00 55 6E
[2026 01 09 17:02:53.223] [INFO] 收到 : AA 18 27 10 00 1E 02 00 55 6E
[2026 01 09 17:02:53.324] [INFO] 发送 : AA 0C 00 00 00 00 00 00 55 0B
[2026 01 09 17:02:53.350] [INFO] 收到 : AA 0C 00 00 00 00 00 00 55 0B
[2026 01 09 17:02:53.350] [INFO] 电机2运动状态：False
[2026 01 09 17:02:53.735] [INFO] 发送 : AA 05 06 01 FF FF FF FF 55 07
[2026 01 09 17:02:53.761] [INFO] 收到 : AA 05 06 01 FF FF FF FF 55 07
[2026 01 09 17:02:53.762] [INFO] 夹具1复位结束, result = True, 用时:1507.9512
[2026 01 09 17:02:53.763] [INFO] 开始抓取操作，上抬脉冲数:530
[2026 01 09 17:02:53.763] [INFO] 开始Z前复位
[2026 01 09 17:02:54.004] [INFO] 发送 : AA 05 05 00 FF FF FF FF 55 05
[2026 01 09 17:02:54.779] [INFO] 夹具1控制:松开, 脉冲数:3100
[2026 01 09 17:02:55.772] [INFO] 收到 : AA 05 05 00 FF FF FF FF 55 05
[2026 01 09 17:02:56.024] [INFO] 发送 : AA 05 06 00 FF FF FF FF 55 06
[2026 01 09 17:02:56.050] [INFO] 收到 : AA 05 06 00 FF FF FF FF 55 06
[2026 01 09 17:02:56.150] [INFO] 发送 : AA 16 4E 20 01 1E 17 FF 55 B8
[2026 01 09 17:02:56.176] [INFO] 收到 : AA 16 4E 20 01 1E 17 FF 55 B8
[2026 01 09 17:02:56.403] [INFO] 发送 : AA 05 05 00 FF FF FF FF 55 05
[2026 01 09 17:02:56.429] [INFO] 收到 : AA 05 05 00 FF FF FF FF 55 05
[2026 01 09 17:02:56.783] [INFO] 发送 : AA 12 0C 1C 01 1E 00 00 55 58
[2026 01 09 17:02:56.809] [INFO] 收到 : AA 12 0C 1C 01 1E 00 00 55 58
[2026 01 09 17:02:57.429] [INFO] 发送 : AA 0C 00 00 00 00 00 00 55 0B
[2026 01 09 17:02:57.454] [INFO] 收到 : AA 0C 01 01 00 00 00 00 55 0D
[2026 01 09 17:02:57.981] [INFO] 发送 : AA 0C 00 00 00 00 00 00 55 0B
[2026 01 09 17:02:58.007] [INFO] 收到 : AA 0C 01 01 00 00 00 00 55 0D
[2026 01 09 17:02:58.755] [INFO] 发送 : AA 0C 00 00 00 00 00 00 55 0B
[2026 01 09 17:02:58.781] [INFO] 收到 : AA 0C 00 00 00 00 00 00 55 0B
[2026 01 09 17:02:59.024] [INFO] 发送 : AA 05 06 01 FF FF FF FF 55 07
[2026 01 09 17:02:59.050] [INFO] 收到 : AA 05 06 01 FF FF FF FF 55 07
[2026 01 09 17:02:59.151] [INFO] 发送 : AA 05 05 01 FF FF FF FF 55 06
[2026 01 09 17:02:59.177] [INFO] 收到 : AA 05 05 01 FF FF FF FF 55 06
[2026 01 09 17:02:59.177] [INFO] Z前复位结束, result = True, 用时:5413.8956
[2026 01 09 17:02:59.179] [INFO] 开始Z轴补偿:后, 脉冲数:0
[2026 01 09 17:02:59.293] [INFO] 发送 : AA 05 05 01 FF FF FF FF 55 06
[2026 01 09 17:02:59.319] [INFO] 收到 : AA 05 05 01 FF FF FF FF 55 06
[2026 01 09 17:02:59.319] [INFO] 夹具1控制结束, result = True, 用时:4540.1169
[2026 01 09 17:02:59.419] [INFO] 发送 : AA 05 05 00 FF FF FF FF 55 05
[2026 01 09 17:02:59.445] [INFO] 收到 : AA 05 05 00 FF FF FF FF 55 05
[2026 01 09 17:02:59.560] [INFO] 发送 : AA 08 00 00 00 1E 00 00 55 25
[2026 01 09 17:02:59.586] [INFO] 收到 : AA 08 00 00 00 1E 00 00 55 25
[2026 01 09 17:02:59.830] [INFO] 发送 : AA 0C 00 00 00 00 00 00 55 0B
[2026 01 09 17:02:59.856] [INFO] 收到 : AA 0C 00 00 00 00 00 00 55 0B
[2026 01 09 17:03:00.084] [INFO] 发送 : AA 05 05 01 FF FF FF FF 55 06
[2026 01 09 17:03:00.110] [INFO] 收到 : AA 05 05 01 FF FF FF FF 55 06
[2026 01 09 17:03:00.111] [INFO] Z轴补偿结束, result = True, 用时:931.6846
[2026 01 09 17:03:00.111] [INFO] Y轴开始移动，脉冲数530
[2026 01 09 17:03:00.743] [INFO] Y轴移动结束, result = True, 用时:631.9515
[2026 01 09 17:03:00.744] [INFO] 夹具1控制:夹紧, 脉冲数:3100
[2026 01 09 17:03:00.853] [INFO] 发送 : AA 05 06 00 FF FF FF FF 55 06
[2026 01 09 17:03:00.879] [INFO] 收到 : AA 05 06 00 FF FF FF FF 55 06
[2026 01 09 17:03:00.981] [INFO] 发送 : AA 05 05 00 FF FF FF FF 55 05
[2026 01 09 17:03:01.007] [INFO] 收到 : AA 05 05 00 FF FF FF FF 55 05
[2026 01 09 17:03:01.122] [INFO] 发送 : AA 12 0A BE 00 1E 00 00 55 F7
[2026 01 09 17:03:01.148] [INFO] 收到 : AA 12 0A BE 00 1E 00 00 55 F7
[2026 01 09 17:03:01.769] [INFO] 发送 : AA 0C 00 00 00 00 00 00 55 0B
[2026 01 09 17:03:01.795] [INFO] 收到 : AA 0C 00 01 00 00 00 00 55 0C
[2026 01 09 17:03:02.431] [INFO] 发送 : AA 0C 00 00 00 00 00 00 55 0B
[2026 01 09 17:03:02.456] [INFO] 收到 : AA 0C 00 01 00 00 00 00 55 0C
[2026 01 09 17:03:02.872] [INFO] 发送 : AA 0C 00 00 00 00 00 00 55 0B
[2026 01 09 17:03:02.898] [INFO] 收到 : AA 0C 00 01 00 00 00 00 55 0C
[2026 01 09 17:03:03.316] [INFO] 发送 : AA 0C 00 00 00 00 00 00 55 0B
[2026 01 09 17:03:03.342] [INFO] 收到 : AA 0C 00 00 00 00 00 00 55 0B
[2026 01 09 17:03:03.460] [INFO] 发送 : AA 05 06 01 FF FF FF FF 55 07
[2026 01 09 17:03:03.494] [INFO] 收到 : AA 05 06 01 FF FF FF FF 55 07
[2026 01 09 17:03:03.731] [INFO] 发送 : AA 05 05 01 FF FF FF FF 55 06
[2026 01 09 17:03:03.757] [INFO] 收到 : AA 05 05 01 FF FF FF FF 55 06
[2026 01 09 17:03:03.757] [INFO] 夹具1控制结束, result = True, 用时:3012.8317
[2026 01 09 17:03:03.760] [INFO] 抓取结束, result = True, 用时:9996.8602
[2026 01 09 17:03:03.760] [INFO] Z轴复位开始
[2026 01 09 17:03:04.280] [INFO] 发送 : AA 05 05 00 FF FF FF FF 55 05
[2026 01 09 17:03:04.306] [INFO] 收到 : AA 05 05 00 FF FF FF FF 55 05
[2026 01 09 17:03:04.533] [INFO] 发送 : AA 16 4E 20 00 1E 18 FF 55 B8
[2026 01 09 17:03:04.559] [INFO] 收到 : AA 16 4E 20 00 1E 18 FF 55 B8
[2026 01 09 17:03:07.696] [INFO] 发送 : AA 05 05 01 FF FF FF FF 55 06
[2026 01 09 17:03:07.722] [INFO] 收到 : AA 05 05 01 FF FF FF FF 55 06
[2026 01 09 17:03:07.722] [INFO] Z轴复位结束
[2026 01 09 17:03:07.723] [INFO] 取底托结束, result = True, 用时:15469.4909
[2026 01 09 17:03:07.723] [INFO] 取货完成
[2026 01 09 17:03:07.723] [INFO] 开始送入打印
[2026 01 09 17:03:07.724] [INFO] X轴开始移动，脉冲数19550
[2026 01 09 17:03:10.687] [INFO] X轴移动结束, 用时:2963.505
[2026 01 09 17:03:10.689] [INFO] Y轴开始移动，脉冲数 9210
[2026 01 09 17:03:12.721] [INFO] Y轴移动结束, result = True, 用时:2032.407
[2026 01 09 17:03:12.722] [INFO] 夹具2控制:松开
[2026 01 09 17:03:12.925] [INFO] 发送 : AA 05 04 01 FF FF FF FF 55 05
[2026 01 09 17:03:12.951] [INFO] 收到 : AA 05 04 01 FF FF FF FF 55 05
[2026 01 09 17:03:12.954] [INFO] 夹具2控制结束, result = True, 用时:232.456
[2026 01 09 17:03:12.954] [INFO] 开始Z前复位
[2026 01 09 17:03:13.180] [INFO] 发送 : AA 05 05 00 FF FF FF FF 55 05
[2026 01 09 17:03:13.208] [INFO] 收到 : AA 05 05 00 FF FF FF FF 55 05
[2026 01 09 17:03:13.451] [INFO] 发送 : AA 16 4E 20 01 1E 17 FF 55 B8
[2026 01 09 17:03:13.477] [INFO] 收到 : AA 16 4E 20 01 1E 17 FF 55 B8
[2026 01 09 17:03:16.194] [INFO] 发送 : AA 05 05 01 FF FF FF FF 55 06
[2026 01 09 17:03:16.220] [INFO] 收到 : AA 05 05 01 FF FF FF FF 55 06
[2026 01 09 17:03:16.220] [INFO] Z前复位结束, result = True, 用时:3266.2576
[2026 01 09 17:03:16.222] [INFO] 开始Z轴补偿:前, 脉冲数:500
[2026 01 09 17:03:16.337] [INFO] 发送 : AA 05 05 00 FF FF FF FF 55 05
[2026 01 09 17:03:16.363] [INFO] 收到 : AA 05 05 00 FF FF FF FF 55 05
[2026 01 09 17:03:16.478] [INFO] 发送 : AA 08 01 F4 01 1E 00 00 55 1B
[2026 01 09 17:03:16.504] [INFO] 收到 : AA 08 01 F4 01 1E 00 00 55 1B
[2026 01 09 17:03:16.717] [INFO] 发送 : AA 0C 00 00 00 00 00 00 55 0B
[2026 01 09 17:03:16.743] [INFO] 收到 : AA 0C 01 00 00 00 00 00 55 0C
[2026 01 09 17:03:16.972] [INFO] 发送 : AA 0C 00 00 00 00 00 00 55 0B
[2026 01 09 17:03:16.998] [INFO] 收到 : AA 0C 01 00 00 00 00 00 55 0C
[2026 01 09 17:03:17.352] [INFO] 发送 : AA 0C 00 00 00 00 00 00 55 0B
[2026 01 09 17:03:17.378] [INFO] 收到 : AA 0C 01 00 00 00 00 00 55 0C
[2026 01 09 17:03:17.606] [INFO] 发送 : AA 0C 00 00 00 00 00 00 55 0B
[2026 01 09 17:03:17.632] [INFO] 收到 : AA 0C 00 00 00 00 00 00 55 0B
[2026 01 09 17:03:17.859] [INFO] 发送 : AA 05 05 01 FF FF FF FF 55 06
[2026 01 09 17:03:17.885] [INFO] 收到 : AA 05 05 01 FF FF FF FF 55 06
[2026 01 09 17:03:17.886] [INFO] Z轴补偿结束, result = True, 用时:1664.114
[2026 01 09 17:03:17.887] [INFO] 夹具1控制:松开, 脉冲数:2000
[2026 01 09 17:03:18.003] [INFO] 发送 : AA 05 06 00 FF FF FF FF 55 06
[2026 01 09 17:03:18.029] [INFO] 收到 : AA 05 06 00 FF FF FF FF 55 06
[2026 01 09 17:03:18.131] [INFO] 发送 : AA 05 05 00 FF FF FF FF 55 05
[2026 01 09 17:03:18.157] [INFO] 收到 : AA 05 05 00 FF FF FF FF 55 05
[2026 01 09 17:03:18.274] [INFO] 发送 : AA 12 07 D0 01 1E 00 00 55 07
[2026 01 09 17:03:18.301] [INFO] 收到 : AA 12 07 D0 01 1E 00 00 55 07
[2026 01 09 17:03:18.922] [INFO] 发送 : AA 0C 00 00 00 00 00 00 55 0B
[2026 01 09 17:03:18.949] [INFO] 收到 : AA 0C 00 01 00 00 00 00 55 0C
[2026 01 09 17:03:19.443] [INFO] 发送 : AA 0C 00 00 00 00 00 00 55 0B
[2026 01 09 17:03:19.469] [INFO] 收到 : AA 0C 00 01 00 00 00 00 55 0C
[2026 01 09 17:03:19.887] [INFO] 发送 : AA 0C 00 00 00 00 00 00 55 0B
[2026 01 09 17:03:19.913] [INFO] 收到 : AA 0C 00 01 00 00 00 00 55 0C
[2026 01 09 17:03:20.333] [INFO] 发送 : AA 0C 00 00 00 00 00 00 55 0B
[2026 01 09 17:03:20.359] [INFO] 收到 : AA 0C 00 00 00 00 00 00 55 0B
[2026 01 09 17:03:20.475] [INFO] 发送 : AA 05 06 01 FF FF FF FF 55 07
[2026 01 09 17:03:20.501] [INFO] 收到 : AA 05 06 01 FF FF FF FF 55 07
[2026 01 09 17:03:20.731] [INFO] 发送 : AA 05 05 01 FF FF FF FF 55 06
[2026 01 09 17:03:20.757] [INFO] 收到 : AA 05 05 01 FF FF FF FF 55 06
[2026 01 09 17:03:20.757] [INFO] 夹具1控制结束, result = True, 用时:2869.7229
[2026 01 09 17:03:20.759] [INFO] Y轴开始移动，脉冲数 600
[2026 01 09 17:03:21.397] [INFO] Y轴移动结束, result = True, 用时:638.0818
[2026 01 09 17:03:21.398] [INFO] Z轴复位开始
[2026 01 09 17:03:21.904] [INFO] 开始夹具1复位
[2026 01 09 17:03:23.254] [INFO] 发送 : AA 05 06 00 FF FF FF FF 55 06
[2026 01 09 17:03:23.280] [INFO] 收到 : AA 05 06 00 FF FF FF FF 55 06
[2026 01 09 17:03:23.636] [INFO] 发送 : AA 05 05 00 FF FF FF FF 55 05
[2026 01 09 17:03:25.691] [INFO] 收到 : AA 05 05 00 FF FF FF FF 55 05
[2026 01 09 17:03:25.929] [INFO] 发送 : AA 18 27 10 00 1E 02 00 55 6E
[2026 01 09 17:03:25.954] [INFO] 收到 : AA 18 27 10 00 1E 02 00 55 6E
[2026 01 09 17:03:26.055] [INFO] 发送 : AA 16 4E 20 00 1E 18 FF 55 B8
[2026 01 09 17:03:26.081] [INFO] 收到 : AA 16 4E 20 00 1E 18 FF 55 B8
[2026 01 09 17:03:26.309] [INFO] 发送 : AA 0C 00 00 00 00 00 00 55 0B
[2026 01 09 17:03:26.335] [INFO] 收到 : AA 0C 01 01 00 00 00 00 55 0D
[2026 01 09 17:03:26.335] [INFO] 电机2运动状态：True
[2026 01 09 17:03:27.835] [INFO] 发送 : AA 05 06 01 FF FF FF FF 55 07
[2026 01 09 17:03:27.861] [INFO] 收到 : AA 05 06 01 FF FF FF FF 55 07
[2026 01 09 17:03:27.861] [INFO] 夹具1复位结束, result = True, 用时:5957.251
[2026 01 09 17:03:29.183] [INFO] 发送 : AA 05 05 01 FF FF FF FF 55 06
[2026 01 09 17:03:29.209] [INFO] 收到 : AA 05 05 01 FF FF FF FF 55 06
[2026 01 09 17:03:29.210] [INFO] Z轴复位结束
[2026 01 09 17:03:29.210] [INFO] 夹具2控制:夹紧
[2026 01 09 17:03:29.325] [INFO] 发送 : AA 05 04 00 FF FF FF FF 55 04
[2026 01 09 17:03:29.351] [INFO] 收到 : AA 05 04 00 FF FF FF FF 55 04
[2026 01 09 17:03:29.354] [INFO] 夹具2控制结束, result = True, 用时:144.0183
[2026 01 09 17:03:29.356] [INFO] 送入打印结束, result = True, 用时:21632.9198
[2026 01 09 17:03:29.356] [INFO] 送料点移动完成
[2026 01 09 17:03:29.357] [INFO] 开始出货操作
[2026 01 09 17:03:29.358] [INFO] 夹具2控制:松开
[2026 01 09 17:03:29.467] [INFO] 发送 : AA 05 04 01 FF FF FF FF 55 05
[2026 01 09 17:03:29.493] [INFO] 收到 : AA 05 04 01 FF FF FF FF 55 05
[2026 01 09 17:03:29.494] [INFO] 夹具2控制结束, result = True, 用时:136.8858
[2026 01 09 17:03:29.496] [INFO] 开始出货操作，上抬脉冲数:600
[2026 01 09 17:03:29.496] [INFO] 开始Z前复位
[2026 01 09 17:03:29.721] [INFO] 发送 : AA 05 05 00 FF FF FF FF 55 05
[2026 01 09 17:03:29.746] [INFO] 收到 : AA 05 05 00 FF FF FF FF 55 05
[2026 01 09 17:03:29.976] [INFO] 发送 : AA 16 4E 20 01 1E 17 FF 55 B8
[2026 01 09 17:03:30.002] [INFO] 收到 : AA 16 4E 20 01 1E 17 FF 55 B8
[2026 01 09 17:03:30.503] [INFO] 夹具1控制:松开, 脉冲数:2000
[2026 01 09 17:03:30.724] [INFO] 发送 : AA 05 06 00 FF FF FF FF 55 06
[2026 01 09 17:03:30.750] [INFO] 收到 : AA 05 06 00 FF FF FF FF 55 06
[2026 01 09 17:03:31.009] [INFO] 发送 : AA 05 05 00 FF FF FF FF 55 05
[2026 01 09 17:03:31.035] [INFO] 收到 : AA 05 05 00 FF FF FF FF 55 05
[2026 01 09 17:03:31.264] [INFO] 发送 : AA 12 07 D0 01 1E 00 00 55 07
[2026 01 09 17:03:31.290] [INFO] 收到 : AA 12 07 D0 01 1E 00 00 55 07
[2026 01 09 17:03:32.154] [INFO] 发送 : AA 0C 00 00 00 00 00 00 55 0B
[2026 01 09 17:03:32.180] [INFO] 收到 : AA 0C 01 01 00 00 00 00 55 0D
[2026 01 09 17:03:32.676] [INFO] 发送 : AA 0C 00 00 00 00 00 00 55 0B
[2026 01 09 17:03:32.702] [INFO] 收到 : AA 0C 00 01 00 00 00 00 55 0C
[2026 01 09 17:03:32.804] [INFO] 发送 : AA 05 05 01 FF FF FF FF 55 06
[2026 01 09 17:03:32.830] [INFO] 收到 : AA 05 05 01 FF FF FF FF 55 06
[2026 01 09 17:03:32.831] [INFO] Z前复位结束, result = True, 用时:3334.6285
[2026 01 09 17:03:32.833] [INFO] 开始Z轴补偿:前, 脉冲数:380
[2026 01 09 17:03:32.946] [INFO] 发送 : AA 05 05 00 FF FF FF FF 55 05
[2026 01 09 17:03:32.972] [INFO] 收到 : AA 05 05 00 FF FF FF FF 55 05
[2026 01 09 17:03:33.074] [INFO] 发送 : AA 08 01 7C 01 1E 00 00 55 A3
[2026 01 09 17:03:33.101] [INFO] 收到 : AA 08 01 7C 01 1E 00 00 55 A3
[2026 01 09 17:03:33.202] [INFO] 发送 : AA 0C 00 00 00 00 00 00 55 0B
[2026 01 09 17:03:33.228] [INFO] 收到 : AA 0C 01 00 00 00 00 00 55 0C
[2026 01 09 17:03:33.333] [INFO] 发送 : AA 0C 00 00 00 00 00 00 55 0B
[2026 01 09 17:03:33.359] [INFO] 收到 : AA 0C 01 00 00 00 00 00 55 0C
[2026 01 09 17:03:33.470] [INFO] 发送 : AA 05 06 01 FF FF FF FF 55 07
[2026 01 09 17:03:33.496] [INFO] 收到 : AA 05 06 01 FF FF FF FF 55 07
[2026 01 09 17:03:33.724] [INFO] 发送 : AA 0C 00 00 00 00 00 00 55 0B
[2026 01 09 17:03:33.750] [INFO] 收到 : AA 0C 01 00 00 00 00 00 55 0C
[2026 01 09 17:03:33.852] [INFO] 发送 : AA 05 05 01 FF FF FF FF 55 06
[2026 01 09 17:03:33.878] [INFO] 收到 : AA 05 05 01 FF FF FF FF 55 06
[2026 01 09 17:03:33.878] [INFO] 夹具1控制结束, result = True, 用时:3375.9114
[2026 01 09 17:03:34.249] [INFO] 发送 : AA 0C 00 00 00 00 00 00 55 0B
[2026 01 09 17:03:34.275] [INFO] 收到 : AA 0C 00 00 00 00 00 00 55 0B
[2026 01 09 17:03:34.516] [INFO] 发送 : AA 05 05 01 FF FF FF FF 55 06
[2026 01 09 17:03:34.553] [INFO] 收到 : AA 05 05 01 FF FF FF FF 55 06
[2026 01 09 17:03:34.554] [INFO] Z轴补偿结束, result = True, 用时:1720.9472
[2026 01 09 17:03:34.554] [INFO] Y轴开始移动，脉冲数600
[2026 01 09 17:03:35.187] [INFO] Y轴移动结束, result = True, 用时:633.0505
[2026 01 09 17:03:35.189] [INFO] 夹具1控制:夹紧, 脉冲数:2000
[2026 01 09 17:03:35.297] [INFO] 发送 : AA 05 06 00 FF FF FF FF 55 06
[2026 01 09 17:03:35.323] [INFO] 收到 : AA 05 06 00 FF FF FF FF 55 06
[2026 01 09 17:03:35.424] [INFO] 发送 : AA 05 05 00 FF FF FF FF 55 05
[2026 01 09 17:03:35.450] [INFO] 收到 : AA 05 05 00 FF FF FF FF 55 05
[2026 01 09 17:03:35.565] [INFO] 发送 : AA 12 06 72 00 1E 00 00 55 A7
[2026 01 09 17:03:35.591] [INFO] 收到 : AA 12 06 72 00 1E 00 00 55 A7
[2026 01 09 17:03:36.372] [INFO] 发送 : AA 0C 00 00 00 00 00 00 55 0B
[2026 01 09 17:03:36.398] [INFO] 收到 : AA 0C 00 01 00 00 00 00 55 0C
[2026 01 09 17:03:36.819] [INFO] 发送 : AA 0C 00 00 00 00 00 00 55 0B
[2026 01 09 17:03:36.845] [INFO] 收到 : AA 0C 00 01 00 00 00 00 55 0C
[2026 01 09 17:03:37.265] [INFO] 发送 : AA 0C 00 00 00 00 00 00 55 0B
[2026 01 09 17:03:37.291] [INFO] 收到 : AA 0C 00 01 00 00 00 00 55 0C
[2026 01 09 17:03:37.805] [INFO] 发送 : AA 0C 00 00 00 00 00 00 55 0B
[2026 01 09 17:03:37.830] [INFO] 收到 : AA 0C 00 00 00 00 00 00 55 0B
[2026 01 09 17:03:38.059] [INFO] 发送 : AA 05 06 01 FF FF FF FF 55 07
[2026 01 09 17:03:38.085] [INFO] 收到 : AA 05 06 01 FF FF FF FF 55 07
[2026 01 09 17:03:38.328] [INFO] 发送 : AA 05 05 01 FF FF FF FF 55 06
[2026 01 09 17:03:38.355] [INFO] 收到 : AA 05 05 01 FF FF FF FF 55 06
[2026 01 09 17:03:38.355] [INFO] 夹具1控制结束, result = True, 用时:3166.4063
[2026 01 09 17:03:38.358] [INFO] 送料结束, result = True, 用时:8861.7174
[2026 01 09 17:03:38.358] [INFO] Z轴复位开始
[2026 01 09 17:03:38.708] [INFO] 发送 : AA 05 05 00 FF FF FF FF 55 05
[2026 01 09 17:03:38.733] [INFO] 收到 : AA 05 05 00 FF FF FF FF 55 05
[2026 01 09 17:03:38.835] [INFO] 发送 : AA 16 4E 20 00 1E 18 FF 55 B8
[2026 01 09 17:03:38.861] [INFO] 收到 : AA 16 4E 20 00 1E 18 FF 55 B8
[2026 01 09 17:03:42.215] [INFO] 发送 : AA 05 05 01 FF FF FF FF 55 06
[2026 01 09 17:03:42.240] [INFO] 收到 : AA 05 05 01 FF FF FF FF 55 06
[2026 01 09 17:03:42.241] [INFO] Z轴复位结束
[2026 01 09 17:03:42.241] [INFO] 夹具2控制:夹紧
[2026 01 09 17:03:42.356] [INFO] 发送 : AA 05 04 00 FF FF FF FF 55 04
[2026 01 09 17:03:42.383] [INFO] 收到 : AA 05 04 00 FF FF FF FF 55 04
[2026 01 09 17:03:42.386] [INFO] 夹具2控制结束, result = True, 用时:145.3165
[2026 01 09 17:03:42.387] [INFO] Y轴开始移动，脉冲数14850
[2026 01 09 17:03:44.988] [INFO] Y轴移动结束, result = True, 用时:2600.9443
[2026 01 09 17:03:44.990] [INFO] X轴开始移动，脉冲数1650
[2026 01 09 17:03:46.131] [INFO] X轴移动结束, 用时:1140.7424
[2026 01 09 17:03:46.241] [INFO] 发送 : AA 05 02 01 FF FF FF FF 55 03
[2026 01 09 17:03:46.267] [INFO] 收到 : AA 05 02 01 FF FF FF FF 55 03
[2026 01 09 17:03:46.268] [INFO] 开始Z前复位
[2026 01 09 17:03:46.369] [INFO] 发送 : AA 05 02 00 FF FF FF FF 55 02
[2026 01 09 17:03:46.395] [INFO] 收到 : AA 05 02 00 FF FF FF FF 55 02
[2026 01 09 17:03:46.510] [INFO] 发送 : AA 05 05 00 FF FF FF FF 55 05
[2026 01 09 17:03:46.536] [INFO] 收到 : AA 05 05 00 FF FF FF FF 55 05
[2026 01 09 17:03:46.657] [INFO] 发送 : AA 16 4E 20 01 1E 17 FF 55 B8
[2026 01 09 17:03:46.683] [INFO] 收到 : AA 16 4E 20 01 1E 17 FF 55 B8
[2026 01 09 17:03:47.129] [INFO] 发送 : AA 05 02 01 FF FF FF FF 55 03
[2026 01 09 17:03:47.155] [INFO] 收到 : AA 05 02 01 FF FF FF FF 55 03
[2026 01 09 17:03:47.907] [INFO] 发送 : AA 05 02 00 FF FF FF FF 55 02
[2026 01 09 17:03:47.933] [INFO] 收到 : AA 05 02 00 FF FF FF FF 55 02
[2026 01 09 17:03:48.652] [INFO] 发送 : AA 05 02 01 FF FF FF FF 55 03
[2026 01 09 17:03:48.678] [INFO] 收到 : AA 05 02 01 FF FF FF FF 55 03
[2026 01 09 17:03:49.426] [INFO] 发送 : AA 05 02 00 FF FF FF FF 55 02
[2026 01 09 17:03:49.452] [INFO] 收到 : AA 05 02 00 FF FF FF FF 55 02
[2026 01 09 17:03:50.076] [INFO] 发送 : AA 05 05 01 FF FF FF FF 55 06
[2026 01 09 17:03:50.102] [INFO] 收到 : AA 05 05 01 FF FF FF FF 55 06
[2026 01 09 17:03:50.102] [INFO] Z前复位结束, result = True, 用时:3834.576
[2026 01 09 17:03:50.104] [INFO] 夹具1控制:松开, 脉冲数:2000
[2026 01 09 17:03:50.217] [INFO] 发送 : AA 05 02 01 FF FF FF FF 55 03
[2026 01 09 17:03:50.243] [INFO] 收到 : AA 05 02 01 FF FF FF FF 55 03
[2026 01 09 17:03:50.347] [INFO] 发送 : AA 05 06 00 FF FF FF FF 55 06
[2026 01 09 17:03:50.373] [INFO] 收到 : AA 05 06 00 FF FF FF FF 55 06
[2026 01 09 17:03:50.487] [INFO] 发送 : AA 05 05 00 FF FF FF FF 55 05
[2026 01 09 17:03:50.513] [INFO] 收到 : AA 05 05 00 FF FF FF FF 55 05
[2026 01 09 17:03:50.615] [INFO] 发送 : AA 12 07 D0 01 1E 00 00 55 07
[2026 01 09 17:03:50.641] [INFO] 收到 : AA 12 07 D0 01 1E 00 00 55 07
[2026 01 09 17:03:50.869] [INFO] 发送 : AA 05 02 00 FF FF FF FF 55 02
[2026 01 09 17:03:50.895] [INFO] 收到 : AA 05 02 00 FF FF FF FF 55 02
[2026 01 09 17:03:51.376] [INFO] 发送 : AA 0C 00 00 00 00 00 00 55 0B
[2026 01 09 17:03:51.402] [INFO] 收到 : AA 0C 00 01 00 00 00 00 55 0C
[2026 01 09 17:03:51.645] [INFO] 发送 : AA 05 02 01 FF FF FF FF 55 03
[2026 01 09 17:03:51.672] [INFO] 收到 : AA 05 02 01 FF FF FF FF 55 03
[2026 01 09 17:03:51.913] [INFO] 发送 : AA 0C 00 00 00 00 00 00 55 0B
[2026 01 09 17:03:51.940] [INFO] 收到 : AA 0C 00 01 00 00 00 00 55 0C
[2026 01 09 17:03:52.295] [INFO] 发送 : AA 05 02 00 FF FF FF FF 55 02
[2026 01 09 17:03:52.321] [INFO] 收到 : AA 05 02 00 FF FF FF FF 55 02
[2026 01 09 17:03:52.421] [INFO] 发送 : AA 0C 00 00 00 00 00 00 55 0B
[2026 01 09 17:03:52.447] [INFO] 收到 : AA 0C 00 00 00 00 00 00 55 0B
[2026 01 09 17:03:52.564] [INFO] 发送 : AA 05 06 01 FF FF FF FF 55 07
[2026 01 09 17:03:52.590] [INFO] 收到 : AA 05 06 01 FF FF FF FF 55 07
[2026 01 09 17:03:52.691] [INFO] 发送 : AA 05 05 01 FF FF FF FF 55 06
[2026 01 09 17:03:52.717] [INFO] 收到 : AA 05 05 01 FF FF FF FF 55 06
[2026 01 09 17:03:52.718] [INFO] 夹具1控制结束, result = True, 用时:2613.7657
[2026 01 09 17:03:52.720] [INFO] 开始Z轴补偿:后, 脉冲数:500
[2026 01 09 17:03:52.834] [INFO] 发送 : AA 05 05 00 FF FF FF FF 55 05
[2026 01 09 17:03:52.860] [INFO] 收到 : AA 05 05 00 FF FF FF FF 55 05
[2026 01 09 17:03:52.961] [INFO] 发送 : AA 05 02 01 FF FF FF FF 55 03
[2026 01 09 17:03:52.987] [INFO] 收到 : AA 05 02 01 FF FF FF FF 55 03
[2026 01 09 17:03:53.216] [INFO] 发送 : AA 08 01 F4 00 1E 00 00 55 1A
[2026 01 09 17:03:53.242] [INFO] 收到 : AA 08 01 F4 00 1E 00 00 55 1A
[2026 01 09 17:03:53.598] [INFO] 发送 : AA 0C 00 00 00 00 00 00 55 0B
[2026 01 09 17:03:53.624] [INFO] 收到 : AA 0C 01 00 00 00 00 00 55 0C
[2026 01 09 17:03:53.866] [INFO] 发送 : AA 05 02 00 FF FF FF FF 55 02
[2026 01 09 17:03:53.893] [INFO] 收到 : AA 05 02 00 FF FF FF FF 55 02
[2026 01 09 17:03:54.008] [INFO] 发送 : AA 0C 00 00 00 00 00 00 55 0B
[2026 01 09 17:03:54.033] [INFO] 收到 : AA 0C 01 00 00 00 00 00 55 0C
[2026 01 09 17:03:54.246] [INFO] 发送 : AA 0C 00 00 00 00 00 00 55 0B
[2026 01 09 17:03:54.272] [INFO] 收到 : AA 0C 00 00 00 00 00 00 55 0B
[2026 01 09 17:03:54.389] [INFO] 发送 : AA 05 05 01 FF FF FF FF 55 06
[2026 01 09 17:03:54.415] [INFO] 收到 : AA 05 05 01 FF FF FF FF 55 06
[2026 01 09 17:03:54.416] [INFO] Z轴补偿结束, result = True, 用时:1695.8431
[2026 01 09 17:03:54.417] [INFO] Y轴开始移动，脉冲数 800
[2026 01 09 17:03:54.517] [INFO] 发送 : AA 05 02 01 FF FF FF FF 55 03
[2026 01 09 17:03:54.543] [INFO] 收到 : AA 05 02 01 FF FF FF FF 55 03
[2026 01 09 17:03:55.102] [INFO] Y轴移动结束, result = True, 用时:685.0975
[2026 01 09 17:03:55.104] [INFO] 出货结束, result = True, 用时:25746.7523
[2026 01 09 17:03:55.166] [INFO] 发送 : AA 05 02 00 FF FF FF FF 55 02
[2026 01 09 17:03:55.192] [INFO] 收到 : AA 05 02 00 FF FF FF FF 55 02
[2026 01 09 17:03:55.291] [INFO] Z轴复位开始
[2026 01 09 17:03:55.609] [INFO] 夹具2控制:夹紧
[2026 01 09 17:03:55.815] [INFO] 发送 : AA 05 05 00 FF FF FF FF 55 05
[2026 01 09 17:03:55.841] [INFO] 收到 : AA 05 05 00 FF FF FF FF 55 05
[2026 01 09 17:03:55.941] [INFO] 发送 : AA 05 04 00 FF FF FF FF 55 04
[2026 01 09 17:03:55.968] [INFO] 收到 : AA 05 04 00 FF FF FF FF 55 04
[2026 01 09 17:03:55.970] [INFO] 夹具2控制结束, result = True, 用时:361.6678
[2026 01 09 17:03:56.083] [INFO] 发送 : AA 05 02 01 FF FF FF FF 55 03
[2026 01 09 17:03:56.124] [INFO] 收到 : AA 05 02 01 FF FF FF FF 55 03
[2026 01 09 17:03:56.226] [INFO] 发送 : AA 16 4E 20 00 1E 18 FF 55 B8
[2026 01 09 17:03:56.252] [INFO] 收到 : AA 16 4E 20 00 1E 18 FF 55 B8
[2026 01 09 17:03:56.748] [INFO] 发送 : AA 05 02 00 FF FF FF FF 55 02
[2026 01 09 17:03:56.774] [INFO] 收到 : AA 05 02 00 FF FF FF FF 55 02
[2026 01 09 17:03:57.525] [INFO] 发送 : AA 05 02 01 FF FF FF FF 55 03
[2026 01 09 17:03:57.551] [INFO] 收到 : AA 05 02 01 FF FF FF FF 55 03
[2026 01 09 17:03:58.237] [INFO] 发送 : AA 05 02 00 FF FF FF FF 55 02
[2026 01 09 17:03:58.263] [INFO] 收到 : AA 05 02 00 FF FF FF FF 55 02
[2026 01 09 17:03:58.919] [INFO] 发送 : AA 05 02 01 FF FF FF FF 55 03
[2026 01 09 17:03:58.945] [INFO] 收到 : AA 05 02 01 FF FF FF FF 55 03
[2026 01 09 17:03:59.174] [INFO] 发送 : AA 05 05 01 FF FF FF FF 55 06
[2026 01 09 17:03:59.200] [INFO] 收到 : AA 05 05 01 FF FF FF FF 55 06
[2026 01 09 17:03:59.200] [INFO] Z轴复位结束
[2026 01 09 17:03:59.200] [INFO] 开始夹具1复位
[2026 01 09 17:03:59.429] [INFO] 发送 : AA 05 06 00 FF FF FF FF 55 06
[2026 01 09 17:03:59.455] [INFO] 收到 : AA 05 06 00 FF FF FF FF 55 06
[2026 01 09 17:03:59.709] [INFO] 发送 : AA 05 02 00 FF FF FF FF 55 02
[2026 01 09 17:03:59.737] [INFO] 收到 : AA 05 02 00 FF FF FF FF 55 02
[2026 01 09 17:04:00.105] [INFO] 发送 : AA 18 27 10 00 1E 02 00 55 6E
[2026 01 09 17:04:00.131] [INFO] 收到 : AA 18 27 10 00 1E 02 00 55 6E
[2026 01 09 17:04:00.233] [INFO] 发送 : AA 0C 00 00 00 00 00 00 55 0B
[2026 01 09 17:04:00.258] [INFO] 收到 : AA 0C 00 01 00 00 00 00 55 0C
[2026 01 09 17:04:00.259] [INFO] 电机2运动状态：True
[2026 01 09 17:04:00.360] [INFO] 发送 : AA 05 02 01 FF FF FF FF 55 03
[2026 01 09 17:04:00.386] [INFO] 收到 : AA 05 02 01 FF FF FF FF 55 03
[2026 01 09 17:04:01.532] [INFO] 发送 : AA 05 06 01 FF FF FF FF 55 07
[2026 01 09 17:04:01.558] [INFO] 收到 : AA 05 06 01 FF FF FF FF 55 07
[2026 01 09 17:04:01.558] [INFO] 夹具1复位结束, result = True, 用时:2358.1462
[2026 01 09 17:04:01.559] [INFO] X轴复位开始
[2026 01 09 17:04:07.288] [INFO] X轴复位结束
[2026 01 09 17:04:07.288] [INFO] Y轴复位开始
[2026 01 09 17:04:11.661] [INFO] Y轴复位结束
[2026 01 09 17:04:11.671] [INFO] Y轴开始移动，脉冲数9950
[2026 01 09 17:04:13.822] [INFO] Y轴移动结束, result = True, 用时:2150.1272
[2026 01 09 17:04:13.822] [INFO] X轴开始移动，脉冲数450
[2026 01 09 17:04:14.453] [INFO] X轴移动结束, 用时:630.4922
[2026 01 09 17:04:14.453] [INFO] 0点位移动完成
[2026 01 09 17:04:14.456] [INFO] 开始取底托
[2026 01 09 17:04:14.456] [INFO] 开始夹具1复位
[2026 01 09 17:04:14.562] [INFO] 发送 : AA 05 06 00 FF FF FF FF 55 06
[2026 01 09 17:04:14.588] [INFO] 收到 : AA 05 06 00 FF FF FF FF 55 06
[2026 01 09 17:04:15.349] [INFO] 发送 : AA 18 27 10 00 1E 02 00 55 6E
[2026 01 09 17:04:15.375] [INFO] 收到 : AA 18 27 10 00 1E 02 00 55 6E
[2026 01 09 17:04:15.615] [INFO] 发送 : AA 0C 00 00 00 00 00 00 55 0B
[2026 01 09 17:04:15.641] [INFO] 收到 : AA 0C 00 00 00 00 00 00 55 0B
[2026 01 09 17:04:15.642] [INFO] 电机2运动状态：False
[2026 01 09 17:04:16.023] [INFO] 发送 : AA 05 06 01 FF FF FF FF 55 07
[2026 01 09 17:04:16.049] [INFO] 收到 : AA 05 06 01 FF FF FF FF 55 07
[2026 01 09 17:04:16.049] [INFO] 夹具1复位结束, result = True, 用时:1593.1683
[2026 01 09 17:04:16.051] [INFO] 开始抓取操作，上抬脉冲数:530
[2026 01 09 17:04:16.051] [INFO] 开始Z前复位
[2026 01 09 17:04:16.164] [INFO] 发送 : AA 05 05 00 FF FF FF FF 55 05
[2026 01 09 17:04:17.072] [INFO] 夹具1控制:松开, 脉冲数:3100
[2026 01 09 17:04:17.951] [INFO] 收到 : AA 05 05 00 FF FF FF FF 55 05
[2026 01 09 17:04:18.187] [INFO] 发送 : AA 05 06 00 FF FF FF FF 55 06
[2026 01 09 17:04:18.213] [INFO] 收到 : AA 05 06 00 FF FF FF FF 55 06
[2026 01 09 17:04:18.313] [INFO] 发送 : AA 16 4E 20 01 1E 17 FF 55 B8
[2026 01 09 17:04:18.962] [INFO] 收到 : AA 16 4E 20 01 1E 17 FF 55 B8
[2026 01 09 17:04:19.213] [INFO] 发送 : AA 05 05 00 FF FF FF FF 55 05
[2026 01 09 17:04:19.239] [INFO] 收到 : AA 05 05 00 FF FF FF FF 55 05
[2026 01 09 17:04:19.606] [INFO] 发送 : AA 12 0C 1C 01 1E 00 00 55 58
[2026 01 09 17:04:19.632] [INFO] 收到 : AA 12 0C 1C 01 1E 00 00 55 58
[2026 01 09 17:04:20.252] [INFO] 发送 : AA 0C 00 00 00 00 00 00 55 0B
[2026 01 09 17:04:20.278] [INFO] 收到 : AA 0C 01 01 00 00 00 00 55 0D
[2026 01 09 17:04:20.882] [INFO] 发送 : AA 0C 00 00 00 00 00 00 55 0B
[2026 01 09 17:04:20.908] [INFO] 收到 : AA 0C 00 01 00 00 00 00 55 0C
[2026 01 09 17:04:21.405] [INFO] 发送 : AA 0C 00 00 00 00 00 00 55 0B
[2026 01 09 17:04:21.431] [INFO] 收到 : AA 0C 00 01 00 00 00 00 55 0C
[2026 01 09 17:04:21.687] [INFO] 发送 : AA 05 05 01 FF FF FF FF 55 06
[2026 01 09 17:04:21.713] [INFO] 收到 : AA 05 05 01 FF FF FF FF 55 06
[2026 01 09 17:04:21.713] [INFO] Z前复位结束, result = True, 用时:5661.9098
[2026 01 09 17:04:21.715] [INFO] 开始Z轴补偿:后, 脉冲数:0
[2026 01 09 17:04:21.941] [INFO] 发送 : AA 05 05 00 FF FF FF FF 55 05
[2026 01 09 17:04:21.967] [INFO] 收到 : AA 05 05 00 FF FF FF FF 55 05
[2026 01 09 17:04:22.081] [INFO] 发送 : AA 0C 00 00 00 00 00 00 55 0B
[2026 01 09 17:04:22.107] [INFO] 收到 : AA 0C 00 00 00 00 00 00 55 0B
[2026 01 09 17:04:22.335] [INFO] 发送 : AA 08 00 00 00 1E 00 00 55 25
[2026 01 09 17:04:22.361] [INFO] 收到 : AA 08 00 00 00 1E 00 00 55 25
[2026 01 09 17:04:22.476] [INFO] 发送 : AA 05 06 01 FF FF FF FF 55 07
[2026 01 09 17:04:22.502] [INFO] 收到 : AA 05 06 01 FF FF FF FF 55 07
[2026 01 09 17:04:22.617] [INFO] 发送 : AA 0C 00 00 00 00 00 00 55 0B
[2026 01 09 17:04:22.643] [INFO] 收到 : AA 0C 00 00 00 00 00 00 55 0B
[2026 01 09 17:04:22.744] [INFO] 发送 : AA 05 05 01 FF FF FF FF 55 06
[2026 01 09 17:04:22.770] [INFO] 收到 : AA 05 05 01 FF FF FF FF 55 06
[2026 01 09 17:04:22.770] [INFO] 夹具1控制结束, result = True, 用时:5698.2438
[2026 01 09 17:04:22.871] [INFO] 发送 : AA 05 05 01 FF FF FF FF 55 06
[2026 01 09 17:04:22.897] [INFO] 收到 : AA 05 05 01 FF FF FF FF 55 06
[2026 01 09 17:04:22.897] [INFO] Z轴补偿结束, result = True, 用时:1182.4167
[2026 01 09 17:04:22.897] [INFO] Y轴开始移动，脉冲数530
[2026 01 09 17:04:23.532] [INFO] Y轴移动结束, result = True, 用时:633.9379
[2026 01 09 17:04:23.534] [INFO] 夹具1控制:夹紧, 脉冲数:3100
[2026 01 09 17:04:23.642] [INFO] 发送 : AA 05 06 00 FF FF FF FF 55 06
[2026 01 09 17:04:23.668] [INFO] 收到 : AA 05 06 00 FF FF FF FF 55 06
[2026 01 09 17:04:23.909] [INFO] 发送 : AA 05 05 00 FF FF FF FF 55 05
[2026 01 09 17:04:23.935] [INFO] 收到 : AA 05 05 00 FF FF FF FF 55 05
[2026 01 09 17:04:24.177] [INFO] 发送 : AA 12 0A BE 00 1E 00 00 55 F7
[2026 01 09 17:04:24.203] [INFO] 收到 : AA 12 0A BE 00 1E 00 00 55 F7
[2026 01 09 17:04:24.825] [INFO] 发送 : AA 0C 00 00 00 00 00 00 55 0B
[2026 01 09 17:04:24.851] [INFO] 收到 : AA 0C 00 01 00 00 00 00 55 0C
[2026 01 09 17:04:25.269] [INFO] 发送 : AA 0C 00 00 00 00 00 00 55 0B
[2026 01 09 17:04:25.295] [INFO] 收到 : AA 0C 00 01 00 00 00 00 55 0C
[2026 01 09 17:04:25.709] [INFO] 发送 : AA 0C 00 00 00 00 00 00 55 0B
[2026 01 09 17:04:25.735] [INFO] 收到 : AA 0C 00 01 00 00 00 00 55 0C
[2026 01 09 17:04:26.357] [INFO] 发送 : AA 0C 00 00 00 00 00 00 55 0B
[2026 01 09 17:04:26.383] [INFO] 收到 : AA 0C 00 00 00 00 00 00 55 0B
[2026 01 09 17:04:26.499] [INFO] 发送 : AA 05 06 01 FF FF FF FF 55 07
[2026 01 09 17:04:26.525] [INFO] 收到 : AA 05 06 01 FF FF FF FF 55 07
[2026 01 09 17:04:26.640] [INFO] 发送 : AA 05 05 01 FF FF FF FF 55 06
[2026 01 09 17:04:26.666] [INFO] 收到 : AA 05 05 01 FF FF FF FF 55 06
[2026 01 09 17:04:26.667] [INFO] 夹具1控制结束, result = True, 用时:3132.9885
[2026 01 09 17:04:26.669] [INFO] 抓取结束, result = True, 用时:10618.6456
[2026 01 09 17:04:26.670] [INFO] Z轴复位开始
[2026 01 09 17:04:26.926] [INFO] 发送 : AA 05 05 00 FF FF FF FF 55 05
[2026 01 09 17:04:26.952] [INFO] 收到 : AA 05 05 00 FF FF FF FF 55 05
[2026 01 09 17:04:27.065] [INFO] 发送 : AA 16 4E 20 00 1E 18 FF 55 B8
[2026 01 09 17:04:27.091] [INFO] 收到 : AA 16 4E 20 00 1E 18 FF 55 B8
[2026 01 09 17:04:30.154] [INFO] 发送 : AA 05 05 01 FF FF FF FF 55 06
[2026 01 09 17:04:30.180] [INFO] 收到 : AA 05 05 01 FF FF FF FF 55 06
[2026 01 09 17:04:30.180] [INFO] Z轴复位结束
[2026 01 09 17:04:30.181] [INFO] 取底托结束, result = True, 用时:15725.6229
[2026 01 09 17:04:30.181] [INFO] 取货完成
[2026 01 09 17:04:30.182] [INFO] 开始送入打印
[2026 01 09 17:04:30.182] [INFO] X轴开始移动，脉冲数19550
[2026 01 09 17:04:33.120] [INFO] X轴移动结束, 用时:2937.6701
[2026 01 09 17:04:33.122] [INFO] Y轴开始移动，脉冲数 9210
[2026 01 09 17:04:35.154] [INFO] Y轴移动结束, result = True, 用时:2031.7587
[2026 01 09 17:04:35.155] [INFO] 夹具2控制:松开
[2026 01 09 17:04:35.342] [INFO] 发送 : AA 05 04 01 FF FF FF FF 55 05
[2026 01 09 17:04:35.368] [INFO] 收到 : AA 05 04 01 FF FF FF FF 55 05
[2026 01 09 17:04:35.369] [INFO] 夹具2控制结束, result = True, 用时:214.8727
[2026 01 09 17:04:35.370] [INFO] 开始Z前复位
[2026 01 09 17:04:35.484] [INFO] 发送 : AA 05 05 00 FF FF FF FF 55 05
[2026 01 09 17:04:35.510] [INFO] 收到 : AA 05 05 00 FF FF FF FF 55 05
[2026 01 09 17:04:35.627] [INFO] 发送 : AA 16 4E 20 01 1E 17 FF 55 B8
[2026 01 09 17:04:35.653] [INFO] 收到 : AA 16 4E 20 01 1E 17 FF 55 B8
[2026 01 09 17:04:38.627] [INFO] 发送 : AA 05 05 01 FF FF FF FF 55 06
[2026 01 09 17:04:38.654] [INFO] 收到 : AA 05 05 01 FF FF FF FF 55 06
[2026 01 09 17:04:38.654] [INFO] Z前复位结束, result = True, 用时:3284.3948
[2026 01 09 17:04:38.655] [INFO] 开始Z轴补偿:前, 脉冲数:500
[2026 01 09 17:04:38.897] [INFO] 发送 : AA 05 05 00 FF FF FF FF 55 05
[2026 01 09 17:04:38.923] [INFO] 收到 : AA 05 05 00 FF FF FF FF 55 05
[2026 01 09 17:04:39.152] [INFO] 发送 : AA 08 01 F4 01 1E 00 00 55 1B
[2026 01 09 17:04:39.178] [INFO] 收到 : AA 08 01 F4 01 1E 00 00 55 1B
[2026 01 09 17:04:39.407] [INFO] 发送 : AA 0C 00 00 00 00 00 00 55 0B
[2026 01 09 17:04:39.433] [INFO] 收到 : AA 0C 01 00 00 00 00 00 55 0C
[2026 01 09 17:04:39.646] [INFO] 发送 : AA 0C 00 00 00 00 00 00 55 0B
[2026 01 09 17:04:39.672] [INFO] 收到 : AA 0C 01 00 00 00 00 00 55 0C
[2026 01 09 17:04:39.885] [INFO] 发送 : AA 0C 00 00 00 00 00 00 55 0B
[2026 01 09 17:04:39.911] [INFO] 收到 : AA 0C 01 00 00 00 00 00 55 0C
[2026 01 09 17:04:40.137] [INFO] 发送 : AA 0C 00 00 00 00 00 00 55 0B
[2026 01 09 17:04:40.164] [INFO] 收到 : AA 0C 00 00 00 00 00 00 55 0B
[2026 01 09 17:04:40.281] [INFO] 发送 : AA 05 05 01 FF FF FF FF 55 06
[2026 01 09 17:04:40.307] [INFO] 收到 : AA 05 05 01 FF FF FF FF 55 06
[2026 01 09 17:04:40.307] [INFO] Z轴补偿结束, result = True, 用时:1651.4442
[2026 01 09 17:04:40.308] [INFO] 夹具1控制:松开, 脉冲数:2000
[2026 01 09 17:04:40.408] [INFO] 发送 : AA 05 06 00 FF FF FF FF 55 06
[2026 01 09 17:04:40.434] [INFO] 收到 : AA 05 06 00 FF FF FF FF 55 06
[2026 01 09 17:04:40.663] [INFO] 发送 : AA 05 05 00 FF FF FF FF 55 05
[2026 01 09 17:04:40.689] [INFO] 收到 : AA 05 05 00 FF FF FF FF 55 05
[2026 01 09 17:04:40.917] [INFO] 发送 : AA 12 07 D0 01 1E 00 00 55 07
[2026 01 09 17:04:40.943] [INFO] 收到 : AA 12 07 D0 01 1E 00 00 55 07
[2026 01 09 17:04:41.659] [INFO] 发送 : AA 0C 00 00 00 00 00 00 55 0B
[2026 01 09 17:04:41.685] [INFO] 收到 : AA 0C 00 01 00 00 00 00 55 0C
[2026 01 09 17:04:42.104] [INFO] 发送 : AA 0C 00 00 00 00 00 00 55 0B
[2026 01 09 17:04:42.130] [INFO] 收到 : AA 0C 00 01 00 00 00 00 55 0C
[2026 01 09 17:04:42.549] [INFO] 发送 : AA 0C 00 00 00 00 00 00 55 0B
[2026 01 09 17:04:42.574] [INFO] 收到 : AA 0C 00 01 00 00 00 00 55 0C
[2026 01 09 17:04:43.056] [INFO] 发送 : AA 0C 00 00 00 00 00 00 55 0B
[2026 01 09 17:04:43.081] [INFO] 收到 : AA 0C 00 00 00 00 00 00 55 0B
[2026 01 09 17:04:43.184] [INFO] 发送 : AA 05 06 01 FF FF FF FF 55 07
[2026 01 09 17:04:43.210] [INFO] 收到 : AA 05 06 01 FF FF FF FF 55 07
[2026 01 09 17:04:43.311] [INFO] 发送 : AA 05 05 01 FF FF FF FF 55 06
[2026 01 09 17:04:43.337] [INFO] 收到 : AA 05 05 01 FF FF FF FF 55 06
[2026 01 09 17:04:43.338] [INFO] 夹具1控制结束, result = True, 用时:3029.6311
[2026 01 09 17:04:43.339] [INFO] Y轴开始移动，脉冲数 600
[2026 01 09 17:04:43.976] [INFO] Y轴移动结束, result = True, 用时:636.8236
[2026 01 09 17:04:43.976] [INFO] Z轴复位开始
[2026 01 09 17:04:44.486] [INFO] 开始夹具1复位
[2026 01 09 17:04:46.488] [INFO] 发送 : AA 05 06 00 FF FF FF FF 55 06
[2026 01 09 17:04:46.514] [INFO] 收到 : AA 05 06 00 FF FF FF FF 55 06
[2026 01 09 17:04:46.616] [INFO] 发送 : AA 05 05 00 FF FF FF FF 55 05
[2026 01 09 17:04:46.642] [INFO] 收到 : AA 05 05 00 FF FF FF FF 55 05
[2026 01 09 17:04:46.995] [INFO] 发送 : AA 16 4E 20 00 1E 18 FF 55 B8
[2026 01 09 17:04:47.022] [INFO] 收到 : AA 16 4E 20 00 1E 18 FF 55 B8
[2026 01 09 17:04:47.249] [INFO] 发送 : AA 18 27 10 00 1E 02 00 55 6E
[2026 01 09 17:04:47.275] [INFO] 收到 : AA 18 27 10 00 1E 02 00 55 6E
[2026 01 09 17:04:47.629] [INFO] 发送 : AA 0C 00 00 00 00 00 00 55 0B
[2026 01 09 17:04:47.655] [INFO] 收到 : AA 0C 01 01 00 00 00 00 55 0D
[2026 01 09 17:04:47.656] [INFO] 电机2运动状态：True
[2026 01 09 17:04:48.767] [INFO] 发送 : AA 05 06 01 FF FF FF FF 55 07
[2026 01 09 17:04:48.793] [INFO] 收到 : AA 05 06 01 FF FF FF FF 55 07
[2026 01 09 17:04:48.794] [INFO] 夹具1复位结束, result = True, 用时:4307.8656
[2026 01 09 17:04:50.131] [INFO] 发送 : AA 05 05 01 FF FF FF FF 55 06
[2026 01 09 17:04:50.157] [INFO] 收到 : AA 05 05 01 FF FF FF FF 55 06
[2026 01 09 17:04:50.157] [INFO] Z轴复位结束
[2026 01 09 17:04:50.158] [INFO] 夹具2控制:夹紧
[2026 01 09 17:04:50.273] [INFO] 发送 : AA 05 04 00 FF FF FF FF 55 04
[2026 01 09 17:04:50.299] [INFO] 收到 : AA 05 04 00 FF FF FF FF 55 04
[2026 01 09 17:04:50.302] [INFO] 夹具2控制结束, result = True, 用时:144.7072
[2026 01 09 17:04:50.304] [INFO] 送入打印结束, result = True, 用时:20122.9013
[2026 01 09 17:04:50.305] [INFO] 送料点移动完成
[2026 01 09 17:04:50.305] [INFO] 开始出货操作
[2026 01 09 17:04:50.306] [INFO] 夹具2控制:松开
[2026 01 09 17:04:50.417] [INFO] 发送 : AA 05 04 01 FF FF FF FF 55 05
[2026 01 09 17:04:50.443] [INFO] 收到 : AA 05 04 01 FF FF FF FF 55 05
[2026 01 09 17:04:50.446] [INFO] 夹具2控制结束, result = True, 用时:140.0137
[2026 01 09 17:04:50.448] [INFO] 开始出货操作，上抬脉冲数:600
[2026 01 09 17:04:50.448] [INFO] 开始Z前复位
[2026 01 09 17:04:50.688] [INFO] 发送 : AA 05 05 00 FF FF FF FF 55 05
[2026 01 09 17:04:50.714] [INFO] 收到 : AA 05 05 00 FF FF FF FF 55 05
[2026 01 09 17:04:50.942] [INFO] 发送 : AA 16 4E 20 01 1E 17 FF 55 B8
[2026 01 09 17:04:50.967] [INFO] 收到 : AA 16 4E 20 01 1E 17 FF 55 B8
[2026 01 09 17:04:51.452] [INFO] 夹具1控制:松开, 脉冲数:2000
[2026 01 09 17:04:51.690] [INFO] 发送 : AA 05 06 00 FF FF FF FF 55 06
[2026 01 09 17:04:51.716] [INFO] 收到 : AA 05 06 00 FF FF FF FF 55 06
[2026 01 09 17:04:51.945] [INFO] 发送 : AA 05 05 00 FF FF FF FF 55 05
[2026 01 09 17:04:51.971] [INFO] 收到 : AA 05 05 00 FF FF FF FF 55 05
[2026 01 09 17:04:52.339] [INFO] 发送 : AA 12 07 D0 01 1E 00 00 55 07
[2026 01 09 17:04:52.365] [INFO] 收到 : AA 12 07 D0 01 1E 00 00 55 07
[2026 01 09 17:04:53.131] [INFO] 发送 : AA 0C 00 00 00 00 00 00 55 0B
[2026 01 09 17:04:53.157] [INFO] 收到 : AA 0C 01 01 00 00 00 00 55 0D
[2026 01 09 17:04:53.653] [INFO] 发送 : AA 0C 00 00 00 00 00 00 55 0B
[2026 01 09 17:04:53.680] [INFO] 收到 : AA 0C 00 01 00 00 00 00 55 0C
[2026 01 09 17:04:53.781] [INFO] 发送 : AA 05 05 01 FF FF FF FF 55 06
[2026 01 09 17:04:53.807] [INFO] 收到 : AA 05 05 01 FF FF FF FF 55 06
[2026 01 09 17:04:53.807] [INFO] Z前复位结束, result = True, 用时:3359.1114
[2026 01 09 17:04:53.809] [INFO] 开始Z轴补偿:前, 脉冲数:380
[2026 01 09 17:04:53.924] [INFO] 发送 : AA 05 05 00 FF FF FF FF 55 05
[2026 01 09 17:04:53.951] [INFO] 收到 : AA 05 05 00 FF FF FF FF 55 05
[2026 01 09 17:04:54.066] [INFO] 发送 : AA 08 01 7C 01 1E 00 00 55 A3
[2026 01 09 17:04:54.092] [INFO] 收到 : AA 08 01 7C 01 1E 00 00 55 A3
[2026 01 09 17:04:54.194] [INFO] 发送 : AA 0C 00 00 00 00 00 00 55 0B
[2026 01 09 17:04:54.220] [INFO] 收到 : AA 0C 01 00 00 00 00 00 55 0C
[2026 01 09 17:04:54.334] [INFO] 发送 : AA 0C 00 00 00 00 00 00 55 0B
[2026 01 09 17:04:54.360] [INFO] 收到 : AA 0C 01 00 00 00 00 00 55 0C
[2026 01 09 17:04:54.462] [INFO] 发送 : AA 05 06 01 FF FF FF FF 55 07
[2026 01 09 17:04:54.488] [INFO] 收到 : AA 05 06 01 FF FF FF FF 55 07
[2026 01 09 17:04:54.717] [INFO] 发送 : AA 0C 00 00 00 00 00 00 55 0B
[2026 01 09 17:04:54.743] [INFO] 收到 : AA 0C 01 00 00 00 00 00 55 0C
[2026 01 09 17:04:54.844] [INFO] 发送 : AA 05 05 01 FF FF FF FF 55 06
[2026 01 09 17:04:54.870] [INFO] 收到 : AA 05 05 01 FF FF FF FF 55 06
[2026 01 09 17:04:54.870] [INFO] 夹具1控制结束, result = True, 用时:3418.6736
[2026 01 09 17:04:55.113] [INFO] 发送 : AA 0C 00 00 00 00 00 00 55 0B
[2026 01 09 17:04:55.139] [INFO] 收到 : AA 0C 00 00 00 00 00 00 55 0B
[2026 01 09 17:04:55.380] [INFO] 发送 : AA 05 05 01 FF FF FF FF 55 06
[2026 01 09 17:04:55.410] [INFO] 收到 : AA 05 05 01 FF FF FF FF 55 06
[2026 01 09 17:04:55.410] [INFO] Z轴补偿结束, result = True, 用时:1601.5772
[2026 01 09 17:04:55.410] [INFO] Y轴开始移动，脉冲数600
[2026 01 09 17:04:56.048] [INFO] Y轴移动结束, result = True, 用时:637.6776
[2026 01 09 17:04:56.050] [INFO] 夹具1控制:夹紧, 脉冲数:2000
[2026 01 09 17:04:56.160] [INFO] 发送 : AA 05 06 00 FF FF FF FF 55 06
[2026 01 09 17:04:56.186] [INFO] 收到 : AA 05 06 00 FF FF FF FF 55 06
[2026 01 09 17:04:56.301] [INFO] 发送 : AA 05 05 00 FF FF FF FF 55 05
[2026 01 09 17:04:56.327] [INFO] 收到 : AA 05 05 00 FF FF FF FF 55 05
[2026 01 09 17:04:56.444] [INFO] 发送 : AA 12 06 72 00 1E 00 00 55 A7
[2026 01 09 17:04:56.470] [INFO] 收到 : AA 12 06 72 00 1E 00 00 55 A7
[2026 01 09 17:04:57.206] [INFO] 发送 : AA 0C 00 00 00 00 00 00 55 0B
[2026 01 09 17:04:57.232] [INFO] 收到 : AA 0C 00 01 00 00 00 00 55 0C
[2026 01 09 17:04:57.650] [INFO] 发送 : AA 0C 00 00 00 00 00 00 55 0B
[2026 01 09 17:04:57.676] [INFO] 收到 : AA 0C 00 01 00 00 00 00 55 0C
[2026 01 09 17:04:58.094] [INFO] 发送 : AA 0C 00 00 00 00 00 00 55 0B
[2026 01 09 17:04:58.120] [INFO] 收到 : AA 0C 00 01 00 00 00 00 55 0C
[2026 01 09 17:04:58.635] [INFO] 发送 : AA 0C 00 00 00 00 00 00 55 0B
[2026 01 09 17:04:58.661] [INFO] 收到 : AA 0C 00 00 00 00 00 00 55 0B
[2026 01 09 17:04:58.890] [INFO] 发送 : AA 05 06 01 FF FF FF FF 55 07
[2026 01 09 17:04:58.916] [INFO] 收到 : AA 05 06 01 FF FF FF FF 55 07
[2026 01 09 17:04:59.145] [INFO] 发送 : AA 05 05 01 FF FF FF FF 55 06
[2026 01 09 17:04:59.171] [INFO] 收到 : AA 05 05 01 FF FF FF FF 55 06
[2026 01 09 17:04:59.171] [INFO] 夹具1控制结束, result = True, 用时:3121.3688
[2026 01 09 17:04:59.173] [INFO] 送料结束, result = True, 用时:8725.5659
[2026 01 09 17:04:59.174] [INFO] Z轴复位开始
[2026 01 09 17:04:59.539] [INFO] 发送 : AA 05 05 00 FF FF FF FF 55 05
[2026 01 09 17:04:59.565] [INFO] 收到 : AA 05 05 00 FF FF FF FF 55 05
[2026 01 09 17:04:59.680] [INFO] 发送 : AA 16 4E 20 00 1E 18 FF 55 B8
[2026 01 09 17:04:59.706] [INFO] 收到 : AA 16 4E 20 00 1E 18 FF 55 B8
[2026 01 09 17:05:03.154] [INFO] 发送 : AA 05 05 01 FF FF FF FF 55 06
[2026 01 09 17:05:03.180] [INFO] 收到 : AA 05 05 01 FF FF FF FF 55 06
[2026 01 09 17:05:03.181] [INFO] Z轴复位结束
[2026 01 09 17:05:03.181] [INFO] 夹具2控制:夹紧
[2026 01 09 17:05:03.296] [INFO] 发送 : AA 05 04 00 FF FF FF FF 55 04
[2026 01 09 17:05:03.322] [INFO] 收到 : AA 05 04 00 FF FF FF FF 55 04
[2026 01 09 17:05:03.324] [INFO] 夹具2控制结束, result = True, 用时:143.6225
[2026 01 09 17:05:03.327] [INFO] Y轴开始移动，脉冲数14850
[2026 01 09 17:05:05.931] [INFO] Y轴移动结束, result = True, 用时:2604.0231
[2026 01 09 17:05:05.932] [INFO] X轴开始移动，脉冲数1650
[2026 01 09 17:05:07.009] [INFO] X轴移动结束, 用时:1076.4887
[2026 01 09 17:05:07.120] [INFO] 发送 : AA 05 02 01 FF FF FF FF 55 03
[2026 01 09 17:05:07.147] [INFO] 收到 : AA 05 02 01 FF FF FF FF 55 03
[2026 01 09 17:05:07.147] [INFO] 开始Z前复位
[2026 01 09 17:05:07.248] [INFO] 发送 : AA 05 02 00 FF FF FF FF 55 02
[2026 01 09 17:05:07.274] [INFO] 收到 : AA 05 02 00 FF FF FF FF 55 02
[2026 01 09 17:05:07.375] [INFO] 发送 : AA 05 05 00 FF FF FF FF 55 05
[2026 01 09 17:05:07.401] [INFO] 收到 : AA 05 05 00 FF FF FF FF 55 05
[2026 01 09 17:05:07.503] [INFO] 发送 : AA 16 4E 20 01 1E 17 FF 55 B8
[2026 01 09 17:05:07.529] [INFO] 收到 : AA 16 4E 20 01 1E 17 FF 55 B8
[2026 01 09 17:05:07.979] [INFO] 发送 : AA 05 02 01 FF FF FF FF 55 03
[2026 01 09 17:05:08.005] [INFO] 收到 : AA 05 02 01 FF FF FF FF 55 03
[2026 01 09 17:05:08.757] [INFO] 发送 : AA 05 02 00 FF FF FF FF 55 02
[2026 01 09 17:05:08.782] [INFO] 收到 : AA 05 02 00 FF FF FF FF 55 02
[2026 01 09 17:05:09.490] [INFO] 发送 : AA 05 02 01 FF FF FF FF 55 03
[2026 01 09 17:05:09.516] [INFO] 收到 : AA 05 02 01 FF FF FF FF 55 03
[2026 01 09 17:05:10.315] [INFO] 发送 : AA 05 02 00 FF FF FF FF 55 02
[2026 01 09 17:05:10.341] [INFO] 收到 : AA 05 02 00 FF FF FF FF 55 02
[2026 01 09 17:05:10.443] [INFO] 发送 : AA 05 05 01 FF FF FF FF 55 06
[2026 01 09 17:05:10.469] [INFO] 收到 : AA 05 05 01 FF FF FF FF 55 06
[2026 01 09 17:05:10.470] [INFO] Z前复位结束, result = True, 用时:3322.7587
[2026 01 09 17:05:10.472] [INFO] 夹具1控制:松开, 脉冲数:2000
[2026 01 09 17:05:10.711] [INFO] 发送 : AA 05 06 00 FF FF FF FF 55 06
[2026 01 09 17:05:10.737] [INFO] 收到 : AA 05 06 00 FF FF FF FF 55 06
[2026 01 09 17:05:10.980] [INFO] 发送 : AA 05 05 00 FF FF FF FF 55 05
[2026 01 09 17:05:11.006] [INFO] 收到 : AA 05 05 00 FF FF FF FF 55 05
[2026 01 09 17:05:11.107] [INFO] 发送 : AA 05 02 01 FF FF FF FF 55 03
[2026 01 09 17:05:11.132] [INFO] 收到 : AA 05 02 01 FF FF FF FF 55 03
[2026 01 09 17:05:11.233] [INFO] 发送 : AA 12 07 D0 01 1E 00 00 55 07
[2026 01 09 17:05:11.260] [INFO] 收到 : AA 12 07 D0 01 1E 00 00 55 07
[2026 01 09 17:05:11.758] [INFO] 发送 : AA 05 02 00 FF FF FF FF 55 02
[2026 01 09 17:05:11.784] [INFO] 收到 : AA 05 02 00 FF FF FF FF 55 02
[2026 01 09 17:05:11.888] [INFO] 发送 : AA 0C 00 00 00 00 00 00 55 0B
[2026 01 09 17:05:11.914] [INFO] 收到 : AA 0C 00 01 00 00 00 00 55 0C
[2026 01 09 17:05:12.538] [INFO] 发送 : AA 05 02 01 FF FF FF FF 55 03
[2026 01 09 17:05:12.564] [INFO] 收到 : AA 05 02 01 FF FF FF FF 55 03
[2026 01 09 17:05:12.665] [INFO] 发送 : AA 0C 00 00 00 00 00 00 55 0B
[2026 01 09 17:05:12.691] [INFO] 收到 : AA 0C 00 01 00 00 00 00 55 0C
[2026 01 09 17:05:13.110] [INFO] 发送 : AA 0C 00 00 00 00 00 00 55 0B
[2026 01 09 17:05:13.135] [INFO] 收到 : AA 0C 00 00 00 00 00 00 55 0B
[2026 01 09 17:05:13.236] [INFO] 发送 : AA 05 02 00 FF FF FF FF 55 02
[2026 01 09 17:05:13.262] [INFO] 收到 : AA 05 02 00 FF FF FF FF 55 02
[2026 01 09 17:05:13.363] [INFO] 发送 : AA 05 06 01 FF FF FF FF 55 07
[2026 01 09 17:05:13.390] [INFO] 收到 : AA 05 06 01 FF FF FF FF 55 07
[2026 01 09 17:05:13.618] [INFO] 发送 : AA 05 05 01 FF FF FF FF 55 06
[2026 01 09 17:05:13.644] [INFO] 收到 : AA 05 05 01 FF FF FF FF 55 06
[2026 01 09 17:05:13.644] [INFO] 夹具1控制结束, result = True, 用时:3172.797
[2026 01 09 17:05:13.645] [INFO] 开始Z轴补偿:后, 脉冲数:500
[2026 01 09 17:05:13.761] [INFO] 发送 : AA 05 05 00 FF FF FF FF 55 05
[2026 01 09 17:05:13.786] [INFO] 收到 : AA 05 05 00 FF FF FF FF 55 05
[2026 01 09 17:05:13.888] [INFO] 发送 : AA 05 02 01 FF FF FF FF 55 03
[2026 01 09 17:05:13.914] [INFO] 收到 : AA 05 02 01 FF FF FF FF 55 03
[2026 01 09 17:05:14.015] [INFO] 发送 : AA 08 01 F4 00 1E 00 00 55 1A
[2026 01 09 17:05:14.041] [INFO] 收到 : AA 08 01 F4 00 1E 00 00 55 1A
[2026 01 09 17:05:14.277] [INFO] 发送 : AA 0C 00 00 00 00 00 00 55 0B
[2026 01 09 17:05:14.303] [INFO] 收到 : AA 0C 01 00 00 00 00 00 55 0C
[2026 01 09 17:05:14.668] [INFO] 发送 : AA 05 02 00 FF FF FF FF 55 02
[2026 01 09 17:05:14.694] [INFO] 收到 : AA 05 02 00 FF FF FF FF 55 02
[2026 01 09 17:05:14.796] [INFO] 发送 : AA 0C 00 00 00 00 00 00 55 0B
[2026 01 09 17:05:14.822] [INFO] 收到 : AA 0C 01 00 00 00 00 00 55 0C
[2026 01 09 17:05:15.064] [INFO] 发送 : AA 0C 00 00 00 00 00 00 55 0B
[2026 01 09 17:05:15.090] [INFO] 收到 : AA 0C 00 00 00 00 00 00 55 0B
[2026 01 09 17:05:15.205] [INFO] 发送 : AA 05 05 01 FF FF FF FF 55 06
[2026 01 09 17:05:15.231] [INFO] 收到 : AA 05 05 01 FF FF FF FF 55 06
[2026 01 09 17:05:15.232] [INFO] Z轴补偿结束, result = True, 用时:1586.6608
[2026 01 09 17:05:15.234] [INFO] Y轴开始移动，脉冲数 800
[2026 01 09 17:05:15.333] [INFO] 发送 : AA 05 02 01 FF FF FF FF 55 03
[2026 01 09 17:05:15.359] [INFO] 收到 : AA 05 02 01 FF FF FF FF 55 03
[2026 01 09 17:05:15.986] [INFO] 发送 : AA 05 02 00 FF FF FF FF 55 02
[2026 01 09 17:05:16.002] [INFO] Y轴移动结束, result = True, 用时:768.629
[2026 01 09 17:05:16.005] [INFO] 出货结束, result = True, 用时:25699.5064
[2026 01 09 17:05:16.012] [INFO] 收到 : AA 05 02 00 FF FF FF FF 55 02
[2026 01 09 17:05:16.130] [INFO] Z轴复位开始
[2026 01 09 17:05:16.508] [INFO] 夹具2控制:夹紧
[2026 01 09 17:05:17.097] [INFO] 发送 : AA 05 04 00 FF FF FF FF 55 04
[2026 01 09 17:05:17.123] [INFO] 收到 : AA 05 04 00 FF FF FF FF 55 04
[2026 01 09 17:05:17.126] [INFO] 夹具2控制结束, result = True, 用时:617.9108
[2026 01 09 17:05:17.224] [INFO] 发送 : AA 05 02 01 FF FF FF FF 55 03
[2026 01 09 17:05:17.251] [INFO] 收到 : AA 05 02 01 FF FF FF FF 55 03
[2026 01 09 17:05:17.478] [INFO] 发送 : AA 05 05 00 FF FF FF FF 55 05
[2026 01 09 17:05:17.504] [INFO] 收到 : AA 05 05 00 FF FF FF FF 55 05
[2026 01 09 17:05:17.732] [INFO] 发送 : AA 16 4E 20 00 1E 18 FF 55 B8
[2026 01 09 17:05:17.758] [INFO] 收到 : AA 16 4E 20 00 1E 18 FF 55 B8
[2026 01 09 17:05:17.984] [INFO] 发送 : AA 05 02 00 FF FF FF FF 55 02
[2026 01 09 17:05:18.010] [INFO] 收到 : AA 05 02 00 FF FF FF FF 55 02
[2026 01 09 17:05:18.698] [INFO] 发送 : AA 05 02 01 FF FF FF FF 55 03
[2026 01 09 17:05:18.724] [INFO] 收到 : AA 05 02 01 FF FF FF FF 55 03
[2026 01 09 17:05:19.346] [INFO] 发送 : AA 05 02 00 FF FF FF FF 55 02
[2026 01 09 17:05:19.372] [INFO] 收到 : AA 05 02 00 FF FF FF FF 55 02
[2026 01 09 17:05:19.997] [INFO] 发送 : AA 05 02 01 FF FF FF FF 55 03
[2026 01 09 17:05:20.023] [INFO] 收到 : AA 05 02 01 FF FF FF FF 55 03
[2026 01 09 17:05:20.409] [INFO] 发送 : AA 05 05 01 FF FF FF FF 55 06
[2026 01 09 17:05:20.434] [INFO] 收到 : AA 05 05 01 FF FF FF FF 55 06
[2026 01 09 17:05:20.435] [INFO] Z轴复位结束
[2026 01 09 17:05:20.435] [INFO] 开始夹具1复位
[2026 01 09 17:05:20.536] [INFO] 发送 : AA 05 06 00 FF FF FF FF 55 06
[2026 01 09 17:05:20.562] [INFO] 收到 : AA 05 06 00 FF FF FF FF 55 06
[2026 01 09 17:05:20.663] [INFO] 发送 : AA 05 02 00 FF FF FF FF 55 02
[2026 01 09 17:05:20.689] [INFO] 收到 : AA 05 02 00 FF FF FF FF 55 02
[2026 01 09 17:05:21.202] [INFO] 发送 : AA 18 27 10 00 1E 02 00 55 6E
[2026 01 09 17:05:21.228] [INFO] 收到 : AA 18 27 10 00 1E 02 00 55 6E
[2026 01 09 17:05:21.457] [INFO] 发送 : AA 05 02 01 FF FF FF FF 55 03
[2026 01 09 17:05:21.483] [INFO] 收到 : AA 05 02 01 FF FF FF FF 55 03
[2026 01 09 17:05:21.585] [INFO] 发送 : AA 0C 00 00 00 00 00 00 55 0B
[2026 01 09 17:05:21.610] [INFO] 收到 : AA 0C 00 01 00 00 00 00 55 0C
[2026 01 09 17:05:21.611] [INFO] 电机2运动状态：True
[2026 01 09 17:05:22.679] [INFO] 发送 : AA 05 06 01 FF FF FF FF 55 07
[2026 01 09 17:05:22.705] [INFO] 收到 : AA 05 06 01 FF FF FF FF 55 07
[2026 01 09 17:05:22.706] [INFO] 夹具1复位结束, result = True, 用时:2270.9692
[2026 01 09 17:05:22.706] [INFO] X轴复位开始
[2026 01 09 17:05:28.471] [INFO] X轴复位结束
[2026 01 09 17:05:28.472] [INFO] Y轴复位开始
[2026 01 09 17:05:32.975] [INFO] Y轴复位结束
[2026 01 09 17:05:32.985] [INFO] Y轴开始移动，脉冲数9950
[2026 01 09 17:05:35.184] [INFO] Y轴移动结束, result = True, 用时:2198.8934
[2026 01 09 17:05:35.185] [INFO] X轴开始移动，脉冲数450
[2026 01 09 17:05:35.816] [INFO] X轴移动结束, 用时:630.8433
[2026 01 09 17:05:35.816] [INFO] 0点位移动完成
[2026 01 09 17:05:35.818] [INFO] 开始取底托
[2026 01 09 17:05:35.818] [INFO] 开始夹具1复位
[2026 01 09 17:05:36.146] [INFO] 发送 : AA 05 06 00 FF FF FF FF 55 06
[2026 01 09 17:05:36.178] [INFO] 收到 : AA 05 06 00 FF FF FF FF 55 06
[2026 01 09 17:05:36.793] [INFO] 发送 : AA 18 27 10 00 1E 02 00 55 6E
[2026 01 09 17:05:36.819] [INFO] 收到 : AA 18 27 10 00 1E 02 00 55 6E
[2026 01 09 17:05:36.934] [INFO] 发送 : AA 0C 00 00 00 00 00 00 55 0B
[2026 01 09 17:05:36.960] [INFO] 收到 : AA 0C 00 00 00 00 00 00 55 0B
[2026 01 09 17:05:36.960] [INFO] 电机2运动状态：False
[2026 01 09 17:05:37.473] [INFO] 发送 : AA 05 06 01 FF FF FF FF 55 07
[2026 01 09 17:05:37.499] [INFO] 收到 : AA 05 06 01 FF FF FF FF 55 07
[2026 01 09 17:05:37.499] [INFO] 夹具1复位结束, result = True, 用时:1680.7904
[2026 01 09 17:05:37.501] [INFO] 开始抓取操作，上抬脉冲数:530
[2026 01 09 17:05:37.501] [INFO] 开始Z前复位
[2026 01 09 17:05:38.263] [INFO] 发送 : AA 05 05 00 FF FF FF FF 55 05
[2026 01 09 17:05:38.517] [INFO] 夹具1控制:松开, 脉冲数:3100
[2026 01 09 17:05:39.667] [INFO] 收到 : AA 05 05 00 FF FF FF FF 55 05
[2026 01 09 17:05:39.918] [INFO] 发送 : AA 05 06 00 FF FF FF FF 55 06
[2026 01 09 17:05:39.944] [INFO] 收到 : AA 05 06 00 FF FF FF FF 55 06
[2026 01 09 17:05:40.173] [INFO] 发送 : AA 16 4E 20 01 1E 17 FF 55 B8
[2026 01 09 17:05:40.199] [INFO] 收到 : AA 16 4E 20 01 1E 17 FF 55 B8
[2026 01 09 17:05:40.440] [INFO] 发送 : AA 05 05 00 FF FF FF FF 55 05
[2026 01 09 17:05:40.466] [INFO] 收到 : AA 05 05 00 FF FF FF FF 55 05
[2026 01 09 17:05:40.694] [INFO] 发送 : AA 12 0C 1C 01 1E 00 00 55 58
[2026 01 09 17:05:41.689] [INFO] 收到 : AA 12 0C 1C 01 1E 00 00 55 58
[2026 01 09 17:05:42.602] [INFO] 发送 : AA 0C 00 00 00 00 00 00 55 0B
[2026 01 09 17:05:42.628] [INFO] 收到 : AA 0C 01 00 00 00 00 00 55 0C
[2026 01 09 17:05:42.982] [INFO] 发送 : AA 05 06 01 FF FF FF FF 55 07
[2026 01 09 17:05:43.008] [INFO] 收到 : AA 05 06 01 FF FF FF FF 55 07
[2026 01 09 17:05:43.265] [INFO] 发送 : AA 05 05 01 FF FF FF FF 55 06
[2026 01 09 17:05:43.291] [INFO] 收到 : AA 05 05 01 FF FF FF FF 55 06
[2026 01 09 17:05:43.291] [INFO] 夹具1控制结束, result = True, 用时:4774.1322
[2026 01 09 17:05:43.405] [INFO] 发送 : AA 05 05 01 FF FF FF FF 55 06
[2026 01 09 17:05:43.431] [INFO] 收到 : AA 05 05 01 FF FF FF FF 55 06
[2026 01 09 17:05:43.432] [INFO] Z前复位结束, result = True, 用时:5930.8006
[2026 01 09 17:05:43.433] [INFO] 开始Z轴补偿:后, 脉冲数:0
[2026 01 09 17:05:43.546] [INFO] 发送 : AA 05 05 00 FF FF FF FF 55 05
[2026 01 09 17:05:43.572] [INFO] 收到 : AA 05 05 00 FF FF FF FF 55 05
[2026 01 09 17:05:43.689] [INFO] 发送 : AA 08 00 00 00 1E 00 00 55 25
[2026 01 09 17:05:43.715] [INFO] 收到 : AA 08 00 00 00 1E 00 00 55 25
[2026 01 09 17:05:44.036] [INFO] 发送 : AA 0C 00 00 00 00 00 00 55 0B
[2026 01 09 17:05:44.062] [INFO] 收到 : AA 0C 00 00 00 00 00 00 55 0B
[2026 01 09 17:05:44.289] [INFO] 发送 : AA 05 05 01 FF FF FF FF 55 06
[2026 01 09 17:05:44.315] [INFO] 收到 : AA 05 05 01 FF FF FF FF 55 06
[2026 01 09 17:05:44.316] [INFO] Z轴补偿结束, result = True, 用时:882.7975
[2026 01 09 17:05:44.316] [INFO] Y轴开始移动，脉冲数530
[2026 01 09 17:05:44.953] [INFO] Y轴移动结束, result = True, 用时:636.5943
[2026 01 09 17:05:44.955] [INFO] 夹具1控制:夹紧, 脉冲数:3100
[2026 01 09 17:05:45.063] [INFO] 发送 : AA 05 06 00 FF FF FF FF 55 06
[2026 01 09 17:05:45.090] [INFO] 收到 : AA 05 06 00 FF FF FF FF 55 06
[2026 01 09 17:05:45.331] [INFO] 发送 : AA 05 05 00 FF FF FF FF 55 05
[2026 01 09 17:05:45.357] [INFO] 收到 : AA 05 05 00 FF FF FF FF 55 05
[2026 01 09 17:05:45.472] [INFO] 发送 : AA 12 0A BE 00 1E 00 00 55 F7
[2026 01 09 17:05:45.498] [INFO] 收到 : AA 12 0A BE 00 1E 00 00 55 F7
[2026 01 09 17:05:46.235] [INFO] 发送 : AA 0C 00 00 00 00 00 00 55 0B
[2026 01 09 17:05:46.260] [INFO] 收到 : AA 0C 00 01 00 00 00 00 55 0C
[2026 01 09 17:05:46.676] [INFO] 发送 : AA 0C 00 00 00 00 00 00 55 0B
[2026 01 09 17:05:46.702] [INFO] 收到 : AA 0C 00 01 00 00 00 00 55 0C
[2026 01 09 17:05:47.117] [INFO] 发送 : AA 0C 00 00 00 00 00 00 55 0B
[2026 01 09 17:05:47.143] [INFO] 收到 : AA 0C 00 01 00 00 00 00 55 0C
[2026 01 09 17:05:47.558] [INFO] 发送 : AA 0C 00 00 00 00 00 00 55 0B
[2026 01 09 17:05:47.583] [INFO] 收到 : AA 0C 00 00 00 00 00 00 55 0B
[2026 01 09 17:05:47.811] [INFO] 发送 : AA 05 06 01 FF FF FF FF 55 07
[2026 01 09 17:05:47.837] [INFO] 收到 : AA 05 06 01 FF FF FF FF 55 07
[2026 01 09 17:05:48.079] [INFO] 发送 : AA 05 05 01 FF FF FF FF 55 06
[2026 01 09 17:05:48.105] [INFO] 收到 : AA 05 05 01 FF FF FF FF 55 06
[2026 01 09 17:05:48.105] [INFO] 夹具1控制结束, result = True, 用时:3150.0928
[2026 01 09 17:05:48.107] [INFO] 抓取结束, result = True, 用时:10606.5678
[2026 01 09 17:05:48.107] [INFO] Z轴复位开始
[2026 01 09 17:05:48.619] [INFO] 发送 : AA 05 05 00 FF FF FF FF 55 05
[2026 01 09 17:05:48.645] [INFO] 收到 : AA 05 05 00 FF FF FF FF 55 05
[2026 01 09 17:05:48.758] [INFO] 发送 : AA 16 4E 20 00 1E 18 FF 55 B8
[2026 01 09 17:05:48.784] [INFO] 收到 : AA 16 4E 20 00 1E 18 FF 55 B8
[2026 01 09 17:05:52.001] [INFO] 发送 : AA 05 05 01 FF FF FF FF 55 06
[2026 01 09 17:05:52.027] [INFO] 收到 : AA 05 05 01 FF FF FF FF 55 06
[2026 01 09 17:05:52.028] [INFO] Z轴复位结束
[2026 01 09 17:05:52.030] [INFO] 取底托结束, result = True, 用时:16211.7868
[2026 01 09 17:05:52.030] [INFO] 取货完成
[2026 01 09 17:05:52.030] [INFO] 开始送入打印
[2026 01 09 17:05:52.031] [INFO] X轴开始移动，脉冲数19550
[2026 01 09 17:05:54.993] [INFO] X轴移动结束, 用时:2961.9858
[2026 01 09 17:05:54.995] [INFO] Y轴开始移动，脉冲数 9210
[2026 01 09 17:05:57.024] [INFO] Y轴移动结束, result = True, 用时:2029.2284
[2026 01 09 17:05:57.025] [INFO] 夹具2控制:松开
[2026 01 09 17:05:57.245] [INFO] 发送 : AA 05 04 01 FF FF FF FF 55 05
[2026 01 09 17:05:57.271] [INFO] 收到 : AA 05 04 01 FF FF FF FF 55 05
[2026 01 09 17:05:57.275] [INFO] 夹具2控制结束, result = True, 用时:249.8351
[2026 01 09 17:05:57.275] [INFO] 开始Z前复位
[2026 01 09 17:05:57.500] [INFO] 发送 : AA 05 05 00 FF FF FF FF 55 05
[2026 01 09 17:05:57.526] [INFO] 收到 : AA 05 05 00 FF FF FF FF 55 05
[2026 01 09 17:05:57.754] [INFO] 发送 : AA 16 4E 20 01 1E 17 FF 55 B8
[2026 01 09 17:05:57.780] [INFO] 收到 : AA 16 4E 20 01 1E 17 FF 55 B8
[2026 01 09 17:06:00.487] [INFO] 发送 : AA 05 05 01 FF FF FF FF 55 06
[2026 01 09 17:06:00.513] [INFO] 收到 : AA 05 05 01 FF FF FF FF 55 06
[2026 01 09 17:06:00.513] [INFO] Z前复位结束, result = True, 用时:3237.9504
[2026 01 09 17:06:00.514] [INFO] 开始Z轴补偿:前, 脉冲数:500
[2026 01 09 17:06:00.624] [INFO] 发送 : AA 05 05 00 FF FF FF FF 55 05
[2026 01 09 17:06:00.650] [INFO] 收到 : AA 05 05 00 FF FF FF FF 55 05
[2026 01 09 17:06:00.766] [INFO] 发送 : AA 08 01 F4 01 1E 00 00 55 1B
[2026 01 09 17:06:00.793] [INFO] 收到 : AA 08 01 F4 01 1E 00 00 55 1B
[2026 01 09 17:06:01.021] [INFO] 发送 : AA 0C 00 00 00 00 00 00 55 0B
[2026 01 09 17:06:01.047] [INFO] 收到 : AA 0C 01 00 00 00 00 00 55 0C
[2026 01 09 17:06:01.276] [INFO] 发送 : AA 0C 00 00 00 00 00 00 55 0B
[2026 01 09 17:06:01.302] [INFO] 收到 : AA 0C 01 00 00 00 00 00 55 0C
[2026 01 09 17:06:01.671] [INFO] 发送 : AA 0C 00 00 00 00 00 00 55 0B
[2026 01 09 17:06:02.462] [INFO] 收到 : AA 0C 01 00 00 00 00 00 55 0C
[2026 01 09 17:06:02.710] [INFO] 发送 : AA 0C 00 00 00 00 00 00 55 0B
[2026 01 09 17:06:02.736] [INFO] 收到 : AA 0C 00 00 00 00 00 00 55 0B
[2026 01 09 17:06:02.842] [INFO] 发送 : AA 05 05 01 FF FF FF FF 55 06
[2026 01 09 17:06:02.876] [INFO] 收到 : AA 05 05 01 FF FF FF FF 55 06
[2026 01 09 17:06:02.876] [INFO] Z轴补偿结束, result = True, 用时:2362.6995
[2026 01 09 17:06:02.877] [INFO] 夹具1控制:松开, 脉冲数:2000
[2026 01 09 17:06:02.984] [INFO] 发送 : AA 05 06 00 FF FF FF FF 55 06
[2026 01 09 17:06:03.010] [INFO] 收到 : AA 05 06 00 FF FF FF FF 55 06
[2026 01 09 17:06:03.112] [INFO] 发送 : AA 05 05 00 FF FF FF FF 55 05
[2026 01 09 17:06:03.138] [INFO] 收到 : AA 05 05 00 FF FF FF FF 55 05
[2026 01 09 17:06:03.254] [INFO] 发送 : AA 12 07 D0 01 1E 00 00 55 07
[2026 01 09 17:06:03.280] [INFO] 收到 : AA 12 07 D0 01 1E 00 00 55 07
[2026 01 09 17:06:03.950] [INFO] 发送 : AA 0C 00 00 00 00 00 00 55 0B
[2026 01 09 17:06:03.976] [INFO] 收到 : AA 0C 00 01 00 00 00 00 55 0C
[2026 01 09 17:06:04.457] [INFO] 发送 : AA 0C 00 00 00 00 00 00 55 0B
[2026 01 09 17:06:04.483] [INFO] 收到 : AA 0C 00 01 00 00 00 00 55 0C
[2026 01 09 17:06:04.901] [INFO] 发送 : AA 0C 00 00 00 00 00 00 55 0B
[2026 01 09 17:06:04.927] [INFO] 收到 : AA 0C 00 01 00 00 00 00 55 0C
[2026 01 09 17:06:05.346] [INFO] 发送 : AA 0C 00 00 00 00 00 00 55 0B
[2026 01 09 17:06:05.372] [INFO] 收到 : AA 0C 00 00 00 00 00 00 55 0B
[2026 01 09 17:06:05.489] [INFO] 发送 : AA 05 06 01 FF FF FF FF 55 07
[2026 01 09 17:06:05.515] [INFO] 收到 : AA 05 06 01 FF FF FF FF 55 07
[2026 01 09 17:06:05.744] [INFO] 发送 : AA 05 05 01 FF FF FF FF 55 06
[2026 01 09 17:06:05.770] [INFO] 收到 : AA 05 05 01 FF FF FF FF 55 06
[2026 01 09 17:06:05.770] [INFO] 夹具1控制结束, result = True, 用时:2892.4495
[2026 01 09 17:06:05.771] [INFO] Y轴开始移动，脉冲数 600
[2026 01 09 17:06:06.393] [INFO] Y轴移动结束, result = True, 用时:622.5847
[2026 01 09 17:06:06.394] [INFO] Z轴复位开始
[2026 01 09 17:06:06.630] [INFO] 发送 : AA 05 05 00 FF FF FF FF 55 05
[2026 01 09 17:06:06.656] [INFO] 收到 : AA 05 05 00 FF FF FF FF 55 05
[2026 01 09 17:06:06.773] [INFO] 发送 : AA 16 4E 20 00 1E 18 FF 55 B8
[2026 01 09 17:06:06.799] [INFO] 收到 : AA 16 4E 20 00 1E 18 FF 55 B8
[2026 01 09 17:06:06.900] [INFO] 开始夹具1复位
[2026 01 09 17:06:07.012] [INFO] 发送 : AA 05 06 00 FF FF FF FF 55 06
[2026 01 09 17:06:07.038] [INFO] 收到 : AA 05 06 00 FF FF FF FF 55 06
[2026 01 09 17:06:07.801] [INFO] 发送 : AA 18 27 10 00 1E 02 00 55 6E
[2026 01 09 17:06:07.827] [INFO] 收到 : AA 18 27 10 00 1E 02 00 55 6E
[2026 01 09 17:06:08.069] [INFO] 发送 : AA 0C 00 00 00 00 00 00 55 0B
[2026 01 09 17:06:08.095] [INFO] 收到 : AA 0C 01 01 00 00 00 00 55 0D
[2026 01 09 17:06:08.095] [INFO] 电机2运动状态：True
[2026 01 09 17:06:09.609] [INFO] 发送 : AA 05 06 01 FF FF FF FF 55 07
[2026 01 09 17:06:09.634] [INFO] 收到 : AA 05 06 01 FF FF FF FF 55 07
[2026 01 09 17:06:09.635] [INFO] 夹具1复位结束, result = True, 用时:2734.3847
[2026 01 09 17:06:10.243] [INFO] 发送 : AA 05 05 01 FF FF FF FF 55 06
[2026 01 09 17:06:10.269] [INFO] 收到 : AA 05 05 01 FF FF FF FF 55 06
[2026 01 09 17:06:10.269] [INFO] Z轴复位结束
[2026 01 09 17:06:10.269] [INFO] 夹具2控制:夹紧
[2026 01 09 17:06:10.525] [INFO] 发送 : AA 05 04 00 FF FF FF FF 55 04
[2026 01 09 17:06:10.551] [INFO] 收到 : AA 05 04 00 FF FF FF FF 55 04
[2026 01 09 17:06:10.554] [INFO] 夹具2控制结束, result = True, 用时:284.4381
[2026 01 09 17:06:10.556] [INFO] 送入打印结束, result = True, 用时:18525.958
[2026 01 09 17:06:10.556] [INFO] 送料点移动完成
[2026 01 09 17:06:10.559] [INFO] 开始出货操作
[2026 01 09 17:06:10.559] [INFO] 夹具2控制:松开
[2026 01 09 17:06:10.668] [INFO] 发送 : AA 05 04 01 FF FF FF FF 55 05
[2026 01 09 17:06:10.693] [INFO] 收到 : AA 05 04 01 FF FF FF FF 55 05
[2026 01 09 17:06:10.694] [INFO] 夹具2控制结束, result = True, 用时:135.6676
[2026 01 09 17:06:10.695] [INFO] 开始出货操作，上抬脉冲数:600
[2026 01 09 17:06:10.695] [INFO] 开始Z前复位
[2026 01 09 17:06:10.811] [INFO] 发送 : AA 05 05 00 FF FF FF FF 55 05
[2026 01 09 17:06:10.837] [INFO] 收到 : AA 05 05 00 FF FF FF FF 55 05
[2026 01 09 17:06:10.953] [INFO] 发送 : AA 16 4E 20 01 1E 17 FF 55 B8
[2026 01 09 17:06:10.979] [INFO] 收到 : AA 16 4E 20 01 1E 17 FF 55 B8
[2026 01 09 17:06:11.727] [INFO] 夹具1控制:松开, 脉冲数:2000
[2026 01 09 17:06:11.937] [INFO] 发送 : AA 05 06 00 FF FF FF FF 55 06
[2026 01 09 17:06:11.963] [INFO] 收到 : AA 05 06 00 FF FF FF FF 55 06
[2026 01 09 17:06:12.333] [INFO] 发送 : AA 05 05 00 FF FF FF FF 55 05
[2026 01 09 17:06:12.358] [INFO] 收到 : AA 05 05 00 FF FF FF FF 55 05
[2026 01 09 17:06:12.741] [INFO] 发送 : AA 12 07 D0 01 1E 00 00 55 07
[2026 01 09 17:06:12.767] [INFO] 收到 : AA 12 07 D0 01 1E 00 00 55 07
[2026 01 09 17:06:13.394] [INFO] 发送 : AA 0C 00 00 00 00 00 00 55 0B
[2026 01 09 17:06:13.420] [INFO] 收到 : AA 0C 00 01 00 00 00 00 55 0C
[2026 01 09 17:06:13.807] [INFO] 发送 : AA 05 05 01 FF FF FF FF 55 06
[2026 01 09 17:06:13.834] [INFO] 收到 : AA 05 05 01 FF FF FF FF 55 06
[2026 01 09 17:06:13.834] [INFO] Z前复位结束, result = True, 用时:3138.5009
[2026 01 09 17:06:13.835] [INFO] 开始Z轴补偿:前, 脉冲数:380
[2026 01 09 17:06:13.949] [INFO] 发送 : AA 0C 00 00 00 00 00 00 55 0B
[2026 01 09 17:06:13.975] [INFO] 收到 : AA 0C 00 01 00 00 00 00 55 0C
[2026 01 09 17:06:14.076] [INFO] 发送 : AA 05 05 00 FF FF FF FF 55 05
[2026 01 09 17:06:14.102] [INFO] 收到 : AA 05 05 00 FF FF FF FF 55 05
[2026 01 09 17:06:14.331] [INFO] 发送 : AA 08 01 7C 01 1E 00 00 55 A3
[2026 01 09 17:06:14.357] [INFO] 收到 : AA 08 01 7C 01 1E 00 00 55 A3
[2026 01 09 17:06:14.459] [INFO] 发送 : AA 0C 00 00 00 00 00 00 55 0B
[2026 01 09 17:06:14.491] [INFO] 收到 : AA 0C 01 01 00 00 00 00 55 0D
[2026 01 09 17:06:14.729] [INFO] 发送 : AA 0C 00 00 00 00 00 00 55 0B
[2026 01 09 17:06:14.755] [INFO] 收到 : AA 0C 01 00 00 00 00 00 55 0C
[2026 01 09 17:06:15.111] [INFO] 发送 : AA 0C 00 00 00 00 00 00 55 0B
[2026 01 09 17:06:15.137] [INFO] 收到 : AA 0C 00 00 00 00 00 00 55 0B
[2026 01 09 17:06:15.238] [INFO] 发送 : AA 0C 00 00 00 00 00 00 55 0B
[2026 01 09 17:06:15.264] [INFO] 收到 : AA 0C 00 00 00 00 00 00 55 0B
[2026 01 09 17:06:15.365] [INFO] 发送 : AA 05 05 01 FF FF FF FF 55 06
[2026 01 09 17:06:15.391] [INFO] 收到 : AA 05 05 01 FF FF FF FF 55 06
[2026 01 09 17:06:15.391] [INFO] Z轴补偿结束, result = True, 用时:1556.4953
[2026 01 09 17:06:15.492] [INFO] 发送 : AA 05 06 01 FF FF FF FF 55 07
[2026 01 09 17:06:15.518] [INFO] 收到 : AA 05 06 01 FF FF FF FF 55 07
[2026 01 09 17:06:15.620] [INFO] 发送 : AA 05 05 01 FF FF FF FF 55 06
[2026 01 09 17:06:15.646] [INFO] 收到 : AA 05 05 01 FF FF FF FF 55 06
[2026 01 09 17:06:15.647] [INFO] 夹具1控制结束, result = True, 用时:3919.8612
[2026 01 09 17:06:15.647] [INFO] Y轴开始移动，脉冲数600
[2026 01 09 17:06:16.303] [INFO] Y轴移动结束, result = True, 用时:655.4826
[2026 01 09 17:06:16.305] [INFO] 夹具1控制:夹紧, 脉冲数:2000
[2026 01 09 17:06:16.414] [INFO] 发送 : AA 05 06 00 FF FF FF FF 55 06
[2026 01 09 17:06:16.440] [INFO] 收到 : AA 05 06 00 FF FF FF FF 55 06
[2026 01 09 17:06:16.667] [INFO] 发送 : AA 05 05 00 FF FF FF FF 55 05
[2026 01 09 17:06:16.693] [INFO] 收到 : AA 05 05 00 FF FF FF FF 55 05
[2026 01 09 17:06:17.046] [INFO] 发送 : AA 12 06 72 00 1E 00 00 55 A7
[2026 01 09 17:06:17.072] [INFO] 收到 : AA 12 06 72 00 1E 00 00 55 A7
[2026 01 09 17:06:17.697] [INFO] 发送 : AA 0C 00 00 00 00 00 00 55 0B
[2026 01 09 17:06:17.723] [INFO] 收到 : AA 0C 00 01 00 00 00 00 55 0C
[2026 01 09 17:06:18.141] [INFO] 发送 : AA 0C 00 00 00 00 00 00 55 0B
[2026 01 09 17:06:18.167] [INFO] 收到 : AA 0C 00 01 00 00 00 00 55 0C
[2026 01 09 17:06:18.583] [INFO] 发送 : AA 0C 00 00 00 00 00 00 55 0B
[2026 01 09 17:06:18.609] [INFO] 收到 : AA 0C 00 01 00 00 00 00 55 0C
[2026 01 09 17:06:19.093] [INFO] 发送 : AA 0C 00 00 00 00 00 00 55 0B
[2026 01 09 17:06:19.118] [INFO] 收到 : AA 0C 00 00 00 00 00 00 55 0B
[2026 01 09 17:06:19.220] [INFO] 发送 : AA 05 06 01 FF FF FF FF 55 07
[2026 01 09 17:06:19.246] [INFO] 收到 : AA 05 06 01 FF FF FF FF 55 07
[2026 01 09 17:06:19.347] [INFO] 发送 : AA 05 05 01 FF FF FF FF 55 06
[2026 01 09 17:06:19.373] [INFO] 收到 : AA 05 05 01 FF FF FF FF 55 06
[2026 01 09 17:06:19.374] [INFO] 夹具1控制结束, result = True, 用时:3068.4391
[2026 01 09 17:06:19.377] [INFO] 送料结束, result = True, 用时:8681.5459
[2026 01 09 17:06:19.377] [INFO] Z轴复位开始
[2026 01 09 17:06:19.619] [INFO] 发送 : AA 05 05 00 FF FF FF FF 55 05
[2026 01 09 17:06:19.645] [INFO] 收到 : AA 05 05 00 FF FF FF FF 55 05
[2026 01 09 17:06:19.762] [INFO] 发送 : AA 16 4E 20 00 1E 18 FF 55 B8
[2026 01 09 17:06:19.788] [INFO] 收到 : AA 16 4E 20 00 1E 18 FF 55 B8
[2026 01 09 17:06:22.996] [INFO] 发送 : AA 05 05 01 FF FF FF FF 55 06
[2026 01 09 17:06:23.022] [INFO] 收到 : AA 05 05 01 FF FF FF FF 55 06
[2026 01 09 17:06:23.022] [INFO] Z轴复位结束
[2026 01 09 17:06:23.023] [INFO] 夹具2控制:夹紧
[2026 01 09 17:06:23.138] [INFO] 发送 : AA 05 04 00 FF FF FF FF 55 04
[2026 01 09 17:06:23.164] [INFO] 收到 : AA 05 04 00 FF FF FF FF 55 04
[2026 01 09 17:06:23.167] [INFO] 夹具2控制结束, result = True, 用时:144.3538
[2026 01 09 17:06:23.169] [INFO] Y轴开始移动，脉冲数14850
[2026 01 09 17:06:25.773] [INFO] Y轴移动结束, result = True, 用时:2603.6591
[2026 01 09 17:06:25.775] [INFO] X轴开始移动，脉冲数1650
[2026 01 09 17:06:26.791] [INFO] X轴移动结束, 用时:1016.6597
[2026 01 09 17:06:26.903] [INFO] 发送 : AA 05 02 01 FF FF FF FF 55 03
[2026 01 09 17:06:26.929] [INFO] 收到 : AA 05 02 01 FF FF FF FF 55 03
[2026 01 09 17:06:26.929] [INFO] 开始Z前复位
[2026 01 09 17:06:27.029] [INFO] 发送 : AA 05 02 00 FF FF FF FF 55 02
[2026 01 09 17:06:27.055] [INFO] 收到 : AA 05 02 00 FF FF FF FF 55 02
[2026 01 09 17:06:27.157] [INFO] 发送 : AA 05 05 00 FF FF FF FF 55 05
[2026 01 09 17:06:27.183] [INFO] 收到 : AA 05 05 00 FF FF FF FF 55 05
[2026 01 09 17:06:27.555] [INFO] 发送 : AA 16 4E 20 01 1E 17 FF 55 B8
[2026 01 09 17:06:27.581] [INFO] 收到 : AA 16 4E 20 01 1E 17 FF 55 B8
[2026 01 09 17:06:27.683] [INFO] 发送 : AA 05 02 01 FF FF FF FF 55 03
[2026 01 09 17:06:27.709] [INFO] 收到 : AA 05 02 01 FF FF FF FF 55 03
[2026 01 09 17:06:28.460] [INFO] 发送 : AA 05 02 00 FF FF FF FF 55 02
[2026 01 09 17:06:28.486] [INFO] 收到 : AA 05 02 00 FF FF FF FF 55 02
[2026 01 09 17:06:29.192] [INFO] 发送 : AA 05 02 01 FF FF FF FF 55 03
[2026 01 09 17:06:29.218] [INFO] 收到 : AA 05 02 01 FF FF FF FF 55 03
[2026 01 09 17:06:29.968] [INFO] 发送 : AA 05 02 00 FF FF FF FF 55 02
[2026 01 09 17:06:29.994] [INFO] 收到 : AA 05 02 00 FF FF FF FF 55 02
[2026 01 09 17:06:30.492] [INFO] 发送 : AA 05 05 01 FF FF FF FF 55 06
[2026 01 09 17:06:30.518] [INFO] 收到 : AA 05 05 01 FF FF FF FF 55 06
[2026 01 09 17:06:30.519] [INFO] Z前复位结束, result = True, 用时:3589.6121
[2026 01 09 17:06:30.521] [INFO] 夹具1控制:松开, 脉冲数:2000
[2026 01 09 17:06:30.620] [INFO] 发送 : AA 05 02 01 FF FF FF FF 55 03
[2026 01 09 17:06:30.645] [INFO] 收到 : AA 05 02 01 FF FF FF FF 55 03
[2026 01 09 17:06:30.760] [INFO] 发送 : AA 05 06 00 FF FF FF FF 55 06
[2026 01 09 17:06:30.787] [INFO] 收到 : AA 05 06 00 FF FF FF FF 55 06
[2026 01 09 17:06:30.888] [INFO] 发送 : AA 05 05 00 FF FF FF FF 55 05
[2026 01 09 17:06:30.913] [INFO] 收到 : AA 05 05 00 FF FF FF FF 55 05
[2026 01 09 17:06:31.015] [INFO] 发送 : AA 12 07 D0 01 1E 00 00 55 07
[2026 01 09 17:06:31.041] [INFO] 收到 : AA 12 07 D0 01 1E 00 00 55 07
[2026 01 09 17:06:31.268] [INFO] 发送 : AA 05 02 00 FF FF FF FF 55 02
[2026 01 09 17:06:31.294] [INFO] 收到 : AA 05 02 00 FF FF FF FF 55 02
[2026 01 09 17:06:31.789] [INFO] 发送 : AA 0C 00 00 00 00 00 00 55 0B
[2026 01 09 17:06:31.822] [INFO] 收到 : AA 0C 00 01 00 00 00 00 55 0C
[2026 01 09 17:06:32.060] [INFO] 发送 : AA 05 02 01 FF FF FF FF 55 03
[2026 01 09 17:06:32.086] [INFO] 收到 : AA 05 02 01 FF FF FF FF 55 03
[2026 01 09 17:06:32.328] [INFO] 发送 : AA 0C 00 00 00 00 00 00 55 0B
[2026 01 09 17:06:32.354] [INFO] 收到 : AA 0C 00 01 00 00 00 00 55 0C
[2026 01 09 17:06:32.710] [INFO] 发送 : AA 05 02 00 FF FF FF FF 55 02
[2026 01 09 17:06:32.736] [INFO] 收到 : AA 05 02 00 FF FF FF FF 55 02
[2026 01 09 17:06:32.838] [INFO] 发送 : AA 0C 00 00 00 00 00 00 55 0B
[2026 01 09 17:06:32.864] [INFO] 收到 : AA 0C 00 00 00 00 00 00 55 0B
[2026 01 09 17:06:32.980] [INFO] 发送 : AA 05 06 01 FF FF FF FF 55 07
[2026 01 09 17:06:33.006] [INFO] 收到 : AA 05 06 01 FF FF FF FF 55 07
[2026 01 09 17:06:33.122] [INFO] 发送 : AA 05 05 01 FF FF FF FF 55 06
[2026 01 09 17:06:33.147] [INFO] 收到 : AA 05 05 01 FF FF FF FF 55 06
[2026 01 09 17:06:33.148] [INFO] 夹具1控制结束, result = True, 用时:2627.1046
[2026 01 09 17:06:33.149] [INFO] 开始Z轴补偿:后, 脉冲数:500
[2026 01 09 17:06:33.264] [INFO] 发送 : AA 05 05 00 FF FF FF FF 55 05
[2026 01 09 17:06:33.290] [INFO] 收到 : AA 05 05 00 FF FF FF FF 55 05
[2026 01 09 17:06:33.391] [INFO] 发送 : AA 05 02 01 FF FF FF FF 55 03
[2026 01 09 17:06:33.417] [INFO] 收到 : AA 05 02 01 FF FF FF FF 55 03
[2026 01 09 17:06:33.644] [INFO] 发送 : AA 08 01 F4 00 1E 00 00 55 1A
[2026 01 09 17:06:33.670] [INFO] 收到 : AA 08 01 F4 00 1E 00 00 55 1A
[2026 01 09 17:06:34.040] [INFO] 发送 : AA 0C 00 00 00 00 00 00 55 0B
[2026 01 09 17:06:34.066] [INFO] 收到 : AA 0C 01 00 00 00 00 00 55 0C
[2026 01 09 17:06:34.166] [INFO] 发送 : AA 05 02 00 FF FF FF FF 55 02
[2026 01 09 17:06:34.192] [INFO] 收到 : AA 05 02 00 FF FF FF FF 55 02
[2026 01 09 17:06:34.421] [INFO] 发送 : AA 0C 00 00 00 00 00 00 55 0B
[2026 01 09 17:06:34.447] [INFO] 收到 : AA 0C 01 00 00 00 00 00 55 0C
[2026 01 09 17:06:34.660] [INFO] 发送 : AA 0C 00 00 00 00 00 00 55 0B
[2026 01 09 17:06:34.685] [INFO] 收到 : AA 0C 00 00 00 00 00 00 55 0B
[2026 01 09 17:06:34.802] [INFO] 发送 : AA 05 05 01 FF FF FF FF 55 06
[2026 01 09 17:06:34.828] [INFO] 收到 : AA 05 05 01 FF FF FF FF 55 06
[2026 01 09 17:06:34.828] [INFO] Z轴补偿结束, result = True, 用时:1679.1863
[2026 01 09 17:06:34.829] [INFO] Y轴开始移动，脉冲数 800
[2026 01 09 17:06:34.929] [INFO] 发送 : AA 05 02 01 FF FF FF FF 55 03
[2026 01 09 17:06:34.956] [INFO] 收到 : AA 05 02 01 FF FF FF FF 55 03
[2026 01 09 17:06:35.612] [INFO] 发送 : AA 05 02 00 FF FF FF FF 55 02
[2026 01 09 17:06:35.629] [INFO] Y轴移动结束, result = True, 用时:799.6108
[2026 01 09 17:06:35.631] [INFO] 出货结束, result = True, 用时:25072.7823
[2026 01 09 17:06:36.136] [INFO] 夹具2控制:夹紧
[2026 01 09 17:06:36.471] [INFO] 收到 : AA 05 02 00 FF FF FF FF 55 02
[2026 01 09 17:06:36.583] [INFO] 发送 : AA 05 04 00 FF FF FF FF 55 04
[2026 01 09 17:06:36.599] [INFO] Z轴复位开始
[2026 01 09 17:06:36.609] [INFO] 收到 : AA 05 04 00 FF FF FF FF 55 04
[2026 01 09 17:06:36.611] [INFO] 夹具2控制结束, result = True, 用时:474.2895
[2026 01 09 17:06:37.120] [INFO] 发送 : AA 05 05 00 FF FF FF FF 55 05
[2026 01 09 17:06:37.146] [INFO] 收到 : AA 05 05 00 FF FF FF FF 55 05
[2026 01 09 17:06:37.247] [INFO] 发送 : AA 05 02 01 FF FF FF FF 55 03
[2026 01 09 17:06:37.272] [INFO] 收到 : AA 05 02 01 FF FF FF FF 55 03
[2026 01 09 17:06:37.501] [INFO] 发送 : AA 16 4E 20 00 1E 18 FF 55 B8
[2026 01 09 17:06:37.527] [INFO] 收到 : AA 16 4E 20 00 1E 18 FF 55 B8
[2026 01 09 17:06:37.974] [INFO] 发送 : AA 05 02 00 FF FF FF FF 55 02
[2026 01 09 17:06:37.999] [INFO] 收到 : AA 05 02 00 FF FF FF FF 55 02
[2026 01 09 17:06:38.672] [INFO] 发送 : AA 05 02 01 FF FF FF FF 55 03
[2026 01 09 17:06:38.698] [INFO] 收到 : AA 05 02 01 FF FF FF FF 55 03
[2026 01 09 17:06:39.462] [INFO] 发送 : AA 05 02 00 FF FF FF FF 55 02
[2026 01 09 17:06:39.488] [INFO] 收到 : AA 05 02 00 FF FF FF FF 55 02
[2026 01 09 17:06:40.114] [INFO] 发送 : AA 05 02 01 FF FF FF FF 55 03
[2026 01 09 17:06:40.140] [INFO] 收到 : AA 05 02 01 FF FF FF FF 55 03
[2026 01 09 17:06:40.623] [INFO] 发送 : AA 05 05 01 FF FF FF FF 55 06
[2026 01 09 17:06:40.649] [INFO] 收到 : AA 05 05 01 FF FF FF FF 55 06
[2026 01 09 17:06:40.649] [INFO] Z轴复位结束
[2026 01 09 17:06:40.649] [INFO] 开始夹具1复位
[2026 01 09 17:06:40.877] [INFO] 发送 : AA 05 06 00 FF FF FF FF 55 06
[2026 01 09 17:06:40.903] [INFO] 收到 : AA 05 06 00 FF FF FF FF 55 06
[2026 01 09 17:06:41.018] [INFO] 发送 : AA 05 02 00 FF FF FF FF 55 02
[2026 01 09 17:06:41.043] [INFO] 收到 : AA 05 02 00 FF FF FF FF 55 02
[2026 01 09 17:06:41.524] [INFO] 发送 : AA 18 27 10 00 1E 02 00 55 6E
[2026 01 09 17:06:41.550] [INFO] 收到 : AA 18 27 10 00 1E 02 00 55 6E
[2026 01 09 17:06:41.652] [INFO] 发送 : AA 0C 00 00 00 00 00 00 55 0B
[2026 01 09 17:06:41.678] [INFO] 收到 : AA 0C 00 01 00 00 00 00 55 0C
[2026 01 09 17:06:41.679] [INFO] 电机2运动状态：True
[2026 01 09 17:06:41.779] [INFO] 发送 : AA 05 02 01 FF FF FF FF 55 03
[2026 01 09 17:06:41.805] [INFO] 收到 : AA 05 02 01 FF FF FF FF 55 03
[2026 01 09 17:06:43.404] [INFO] 发送 : AA 05 06 01 FF FF FF FF 55 07
[2026 01 09 17:06:43.430] [INFO] 收到 : AA 05 06 01 FF FF FF FF 55 07
[2026 01 09 17:06:43.431] [INFO] 夹具1复位结束, result = True, 用时:2781.4235
[2026 01 09 17:06:43.431] [INFO] X轴复位开始
[2026 01 09 17:06:49.180] [INFO] X轴复位结束
[2026 01 09 17:06:49.181] [INFO] Y轴复位开始
[2026 01 09 17:06:53.638] [INFO] Y轴复位结束
[2026 01 09 17:06:53.648] [INFO] Y轴开始移动，脉冲数9950
[2026 01 09 17:06:55.799] [INFO] Y轴移动结束, result = True, 用时:2151.0336
[2026 01 09 17:06:55.799] [INFO] X轴开始移动，脉冲数450
[2026 01 09 17:06:56.428] [INFO] X轴移动结束, 用时:628.5875
[2026 01 09 17:06:56.429] [INFO] 0点位移动完成
[2026 01 09 17:06:56.430] [INFO] 开始取底托
[2026 01 09 17:06:56.431] [INFO] 开始夹具1复位
[2026 01 09 17:06:56.539] [INFO] 发送 : AA 05 06 00 FF FF FF FF 55 06
[2026 01 09 17:06:56.565] [INFO] 收到 : AA 05 06 00 FF FF FF FF 55 06
[2026 01 09 17:06:57.290] [INFO] 发送 : AA 18 27 10 00 1E 02 00 55 6E
[2026 01 09 17:06:57.316] [INFO] 收到 : AA 18 27 10 00 1E 02 00 55 6E
[2026 01 09 17:06:57.544] [INFO] 发送 : AA 0C 00 00 00 00 00 00 55 0B
[2026 01 09 17:06:57.570] [INFO] 收到 : AA 0C 00 00 00 00 00 00 55 0B
[2026 01 09 17:06:57.570] [INFO] 电机2运动状态：False
[2026 01 09 17:06:57.969] [INFO] 发送 : AA 05 06 01 FF FF FF FF 55 07
[2026 01 09 17:06:57.995] [INFO] 收到 : AA 05 06 01 FF FF FF FF 55 07
[2026 01 09 17:06:57.996] [INFO] 夹具1复位结束, result = True, 用时:1564.9558
[2026 01 09 17:06:57.997] [INFO] 开始抓取操作，上抬脉冲数:530
[2026 01 09 17:06:57.997] [INFO] 开始Z前复位
[2026 01 09 17:06:58.110] [INFO] 发送 : AA 05 05 00 FF FF FF FF 55 05
[2026 01 09 17:06:58.136] [INFO] 收到 : AA 05 05 00 FF FF FF FF 55 05
[2026 01 09 17:06:58.252] [INFO] 发送 : AA 16 4E 20 01 1E 17 FF 55 B8
[2026 01 09 17:06:58.278] [INFO] 收到 : AA 16 4E 20 01 1E 17 FF 55 B8
[2026 01 09 17:06:59.014] [INFO] 夹具1控制:松开, 脉冲数:3100
[2026 01 09 17:07:01.538] [INFO] 发送 : AA 05 06 00 FF FF FF FF 55 06
[2026 01 09 17:07:01.565] [INFO] 收到 : AA 05 06 00 FF FF FF FF 55 06
[2026 01 09 17:07:01.949] [INFO] 发送 : AA 05 05 00 FF FF FF FF 55 05
[2026 01 09 17:07:01.975] [INFO] 收到 : AA 05 05 00 FF FF FF FF 55 05
[2026 01 09 17:07:02.231] [INFO] 发送 : AA 05 05 01 FF FF FF FF 55 06
[2026 01 09 17:07:02.258] [INFO] 收到 : AA 05 05 01 FF FF FF FF 55 06
[2026 01 09 17:07:02.258] [INFO] Z前复位结束, result = True, 用时:4260.6891
[2026 01 09 17:07:02.260] [INFO] 开始Z轴补偿:后, 脉冲数:0
[2026 01 09 17:07:02.359] [INFO] 发送 : AA 12 0C 1C 01 1E 00 00 55 58
[2026 01 09 17:07:02.385] [INFO] 收到 : AA 12 0C 1C 01 1E 00 00 55 58
[2026 01 09 17:07:02.626] [INFO] 发送 : AA 05 05 00 FF FF FF FF 55 05
[2026 01 09 17:07:02.652] [INFO] 收到 : AA 05 05 00 FF FF FF FF 55 05
[2026 01 09 17:07:02.767] [INFO] 发送 : AA 08 00 00 00 1E 00 00 55 25
[2026 01 09 17:07:02.793] [INFO] 收到 : AA 08 00 00 00 1E 00 00 55 25
[2026 01 09 17:07:03.006] [INFO] 发送 : AA 0C 00 00 00 00 00 00 55 0B
[2026 01 09 17:07:03.032] [INFO] 收到 : AA 0C 00 01 00 00 00 00 55 0C
[2026 01 09 17:07:03.134] [INFO] 发送 : AA 0C 00 00 00 00 00 00 55 0B
[2026 01 09 17:07:03.160] [INFO] 收到 : AA 0C 00 01 00 00 00 00 55 0C
[2026 01 09 17:07:03.276] [INFO] 发送 : AA 05 05 01 FF FF FF FF 55 06
[2026 01 09 17:07:03.302] [INFO] 收到 : AA 05 05 01 FF FF FF FF 55 06
[2026 01 09 17:07:03.302] [INFO] Z轴补偿结束, result = True, 用时:1042.2582
[2026 01 09 17:07:03.451] [INFO] 发送 : AA 0C 00 00 00 00 00 00 55 0B
[2026 01 09 17:07:03.477] [INFO] 收到 : AA 0C 00 01 00 00 00 00 55 0C
[2026 01 09 17:07:03.892] [INFO] 发送 : AA 0C 00 00 00 00 00 00 55 0B
[2026 01 09 17:07:03.918] [INFO] 收到 : AA 0C 00 01 00 00 00 00 55 0C
[2026 01 09 17:07:04.426] [INFO] 发送 : AA 0C 00 00 00 00 00 00 55 0B
[2026 01 09 17:07:04.452] [INFO] 收到 : AA 0C 00 00 00 00 00 00 55 0B
[2026 01 09 17:07:04.708] [INFO] 发送 : AA 05 06 01 FF FF FF FF 55 07
[2026 01 09 17:07:04.734] [INFO] 收到 : AA 05 06 01 FF FF FF FF 55 07
[2026 01 09 17:07:04.850] [INFO] 发送 : AA 05 05 01 FF FF FF FF 55 06
[2026 01 09 17:07:04.875] [INFO] 收到 : AA 05 05 01 FF FF FF FF 55 06
[2026 01 09 17:07:04.875] [INFO] 夹具1控制结束, result = True, 用时:5861.4809
[2026 01 09 17:07:04.875] [INFO] Y轴开始移动，脉冲数530
[2026 01 09 17:07:05.513] [INFO] Y轴移动结束, result = True, 用时:637.2883
[2026 01 09 17:07:05.515] [INFO] 夹具1控制:夹紧, 脉冲数:3100
[2026 01 09 17:07:05.623] [INFO] 发送 : AA 05 06 00 FF FF FF FF 55 06
[2026 01 09 17:07:05.649] [INFO] 收到 : AA 05 06 00 FF FF FF FF 55 06
[2026 01 09 17:07:05.904] [INFO] 发送 : AA 05 05 00 FF FF FF FF 55 05
[2026 01 09 17:07:05.930] [INFO] 收到 : AA 05 05 00 FF FF FF FF 55 05
[2026 01 09 17:07:06.172] [INFO] 发送 : AA 12 0A BE 00 1E 00 00 55 F7
[2026 01 09 17:07:06.198] [INFO] 收到 : AA 12 0A BE 00 1E 00 00 55 F7
[2026 01 09 17:07:06.816] [INFO] 发送 : AA 0C 00 00 00 00 00 00 55 0B
[2026 01 09 17:07:06.842] [INFO] 收到 : AA 0C 00 01 00 00 00 00 55 0C
[2026 01 09 17:07:07.259] [INFO] 发送 : AA 0C 00 00 00 00 00 00 55 0B
[2026 01 09 17:07:07.285] [INFO] 收到 : AA 0C 00 01 00 00 00 00 55 0C
[2026 01 09 17:07:07.701] [INFO] 发送 : AA 0C 00 00 00 00 00 00 55 0B
[2026 01 09 17:07:07.727] [INFO] 收到 : AA 0C 00 01 00 00 00 00 55 0C
[2026 01 09 17:07:08.239] [INFO] 发送 : AA 0C 00 00 00 00 00 00 55 0B
[2026 01 09 17:07:08.265] [INFO] 收到 : AA 0C 00 00 00 00 00 00 55 0B
[2026 01 09 17:07:08.382] [INFO] 发送 : AA 05 06 01 FF FF FF FF 55 07
[2026 01 09 17:07:08.408] [INFO] 收到 : AA 05 06 01 FF FF FF FF 55 07
[2026 01 09 17:07:08.510] [INFO] 发送 : AA 05 05 01 FF FF FF FF 55 06
[2026 01 09 17:07:08.536] [INFO] 收到 : AA 05 05 01 FF FF FF FF 55 06
[2026 01 09 17:07:08.536] [INFO] 夹具1控制结束, result = True, 用时:3021.1361
[2026 01 09 17:07:08.539] [INFO] 抓取结束, result = True, 用时:10541.5829
[2026 01 09 17:07:08.539] [INFO] Z轴复位开始
[2026 01 09 17:07:08.793] [INFO] 发送 : AA 05 05 00 FF FF FF FF 55 05
[2026 01 09 17:07:08.819] [INFO] 收到 : AA 05 05 00 FF FF FF FF 55 05
[2026 01 09 17:07:08.936] [INFO] 发送 : AA 16 4E 20 00 1E 18 FF 55 B8
[2026 01 09 17:07:08.962] [INFO] 收到 : AA 16 4E 20 00 1E 18 FF 55 B8
[2026 01 09 17:07:12.286] [INFO] 发送 : AA 05 05 01 FF FF FF FF 55 06
[2026 01 09 17:07:12.311] [INFO] 收到 : AA 05 05 01 FF FF FF FF 55 06
[2026 01 09 17:07:12.312] [INFO] Z轴复位结束
[2026 01 09 17:07:12.313] [INFO] 取底托结束, result = True, 用时:15882.0795
[2026 01 09 17:07:12.313] [INFO] 取货完成
[2026 01 09 17:07:12.313] [INFO] 开始送入打印
[2026 01 09 17:07:12.314] [INFO] X轴开始移动，脉冲数19550
[2026 01 09 17:07:15.228] [INFO] X轴移动结束, 用时:2913.9261
[2026 01 09 17:07:15.230] [INFO] Y轴开始移动，脉冲数 9210
[2026 01 09 17:07:17.264] [INFO] Y轴移动结束, result = True, 用时:2033.6855
[2026 01 09 17:07:17.264] [INFO] 夹具2控制:松开
[2026 01 09 17:07:17.438] [INFO] 发送 : AA 05 04 01 FF FF FF FF 55 05
[2026 01 09 17:07:17.464] [INFO] 收到 : AA 05 04 01 FF FF FF FF 55 05
[2026 01 09 17:07:17.466] [INFO] 夹具2控制结束, result = True, 用时:201.6419
[2026 01 09 17:07:17.466] [INFO] 开始Z前复位
[2026 01 09 17:07:17.580] [INFO] 发送 : AA 05 05 00 FF FF FF FF 55 05
[2026 01 09 17:07:17.606] [INFO] 收到 : AA 05 05 00 FF FF FF FF 55 05
[2026 01 09 17:07:17.722] [INFO] 发送 : AA 16 4E 20 01 1E 17 FF 55 B8
[2026 01 09 17:07:17.748] [INFO] 收到 : AA 16 4E 20 01 1E 17 FF 55 B8
[2026 01 09 17:07:20.954] [INFO] 发送 : AA 05 05 01 FF FF FF FF 55 06
[2026 01 09 17:07:20.980] [INFO] 收到 : AA 05 05 01 FF FF FF FF 55 06
[2026 01 09 17:07:20.981] [INFO] Z前复位结束, result = True, 用时:3514.9991
[2026 01 09 17:07:20.983] [INFO] 开始Z轴补偿:前, 脉冲数:500
[2026 01 09 17:07:21.236] [INFO] 发送 : AA 05 05 00 FF FF FF FF 55 05
[2026 01 09 17:07:21.262] [INFO] 收到 : AA 05 05 00 FF FF FF FF 55 05
[2026 01 09 17:07:21.491] [INFO] 发送 : AA 08 01 F4 01 1E 00 00 55 1B
[2026 01 09 17:07:21.517] [INFO] 收到 : AA 08 01 F4 01 1E 00 00 55 1B
[2026 01 09 17:07:21.730] [INFO] 发送 : AA 0C 00 00 00 00 00 00 55 0B
[2026 01 09 17:07:21.756] [INFO] 收到 : AA 0C 01 00 00 00 00 00 55 0C
[2026 01 09 17:07:21.968] [INFO] 发送 : AA 0C 00 00 00 00 00 00 55 0B
[2026 01 09 17:07:21.995] [INFO] 收到 : AA 0C 01 00 00 00 00 00 55 0C
[2026 01 09 17:07:22.205] [INFO] 发送 : AA 0C 00 00 00 00 00 00 55 0B
[2026 01 09 17:07:22.231] [INFO] 收到 : AA 0C 01 00 00 00 00 00 55 0C
[2026 01 09 17:07:22.459] [INFO] 发送 : AA 0C 00 00 00 00 00 00 55 0B
[2026 01 09 17:07:22.485] [INFO] 收到 : AA 0C 00 00 00 00 00 00 55 0B
[2026 01 09 17:07:22.713] [INFO] 发送 : AA 05 05 01 FF FF FF FF 55 06
[2026 01 09 17:07:22.739] [INFO] 收到 : AA 05 05 01 FF FF FF FF 55 06
[2026 01 09 17:07:22.739] [INFO] Z轴补偿结束, result = True, 用时:1756.1369
[2026 01 09 17:07:22.740] [INFO] 夹具1控制:松开, 脉冲数:2000
[2026 01 09 17:07:22.967] [INFO] 发送 : AA 05 06 00 FF FF FF FF 55 06
[2026 01 09 17:07:22.992] [INFO] 收到 : AA 05 06 00 FF FF FF FF 55 06
[2026 01 09 17:07:23.221] [INFO] 发送 : AA 05 05 00 FF FF FF FF 55 05
[2026 01 09 17:07:23.247] [INFO] 收到 : AA 05 05 00 FF FF FF FF 55 05
[2026 01 09 17:07:23.502] [INFO] 发送 : AA 12 07 D0 01 1E 00 00 55 07
[2026 01 09 17:07:23.528] [INFO] 收到 : AA 12 07 D0 01 1E 00 00 55 07
[2026 01 09 17:07:24.154] [INFO] 发送 : AA 0C 00 00 00 00 00 00 55 0B
[2026 01 09 17:07:24.180] [INFO] 收到 : AA 0C 00 01 00 00 00 00 55 0C
[2026 01 09 17:07:24.675] [INFO] 发送 : AA 0C 00 00 00 00 00 00 55 0B
[2026 01 09 17:07:24.701] [INFO] 收到 : AA 0C 00 01 00 00 00 00 55 0C
[2026 01 09 17:07:25.214] [INFO] 发送 : AA 0C 00 00 00 00 00 00 55 0B
[2026 01 09 17:07:25.240] [INFO] 收到 : AA 0C 00 01 00 00 00 00 55 0C
[2026 01 09 17:07:25.718] [INFO] 发送 : AA 0C 00 00 00 00 00 00 55 0B
[2026 01 09 17:07:25.744] [INFO] 收到 : AA 0C 00 00 00 00 00 00 55 0B
[2026 01 09 17:07:25.861] [INFO] 发送 : AA 05 06 01 FF FF FF FF 55 07
[2026 01 09 17:07:25.887] [INFO] 收到 : AA 05 06 01 FF FF FF FF 55 07
[2026 01 09 17:07:25.988] [INFO] 发送 : AA 05 05 01 FF FF FF FF 55 06
[2026 01 09 17:07:26.014] [INFO] 收到 : AA 05 05 01 FF FF FF FF 55 06
[2026 01 09 17:07:26.014] [INFO] 夹具1控制结束, result = True, 用时:3274.0873
[2026 01 09 17:07:26.016] [INFO] Y轴开始移动，脉冲数 600
[2026 01 09 17:07:26.654] [INFO] Y轴移动结束, result = True, 用时:638.4232
[2026 01 09 17:07:26.654] [INFO] Z轴复位开始
[2026 01 09 17:07:27.084] [INFO] 发送 : AA 05 05 00 FF FF FF FF 55 05
[2026 01 09 17:07:27.110] [INFO] 收到 : AA 05 05 00 FF FF FF FF 55 05
[2026 01 09 17:07:27.164] [INFO] 开始夹具1复位
[2026 01 09 17:07:27.226] [INFO] 发送 : AA 16 4E 20 00 1E 18 FF 55 B8
[2026 01 09 17:07:27.252] [INFO] 收到 : AA 16 4E 20 00 1E 18 FF 55 B8
[2026 01 09 17:07:27.352] [INFO] 发送 : AA 05 06 00 FF FF FF FF 55 06
[2026 01 09 17:07:27.378] [INFO] 收到 : AA 05 06 00 FF FF FF FF 55 06
[2026 01 09 17:07:28.194] [INFO] 发送 : AA 18 27 10 00 1E 02 00 55 6E
[2026 01 09 17:07:28.220] [INFO] 收到 : AA 18 27 10 00 1E 02 00 55 6E
[2026 01 09 17:07:28.449] [INFO] 发送 : AA 0C 00 00 00 00 00 00 55 0B
[2026 01 09 17:07:28.475] [INFO] 收到 : AA 0C 01 01 00 00 00 00 55 0D
[2026 01 09 17:07:28.476] [INFO] 电机2运动状态：True
[2026 01 09 17:07:29.990] [INFO] 发送 : AA 05 06 01 FF FF FF FF 55 07
[2026 01 09 17:07:30.016] [INFO] 收到 : AA 05 06 01 FF FF FF FF 55 07
[2026 01 09 17:07:30.017] [INFO] 夹具1复位结束, result = True, 用时:2852.4846
[2026 01 09 17:07:30.561] [INFO] 发送 : AA 05 05 01 FF FF FF FF 55 06
[2026 01 09 17:07:30.587] [INFO] 收到 : AA 05 05 01 FF FF FF FF 55 06
[2026 01 09 17:07:30.587] [INFO] Z轴复位结束
[2026 01 09 17:07:30.587] [INFO] 夹具2控制:夹紧
[2026 01 09 17:07:30.816] [INFO] 发送 : AA 05 04 00 FF FF FF FF 55 04
[2026 01 09 17:07:30.842] [INFO] 收到 : AA 05 04 00 FF FF FF FF 55 04
[2026 01 09 17:07:30.844] [INFO] 夹具2控制结束, result = True, 用时:256.2165
[2026 01 09 17:07:30.845] [INFO] 送入打印结束, result = True, 用时:18531.9474
[2026 01 09 17:07:30.845] [INFO] 送料点移动完成
[2026 01 09 17:07:30.846] [INFO] 开始出货操作
[2026 01 09 17:07:30.846] [INFO] 夹具2控制:松开
[2026 01 09 17:07:31.198] [INFO] 发送 : AA 05 04 01 FF FF FF FF 55 05
[2026 01 09 17:07:31.224] [INFO] 收到 : AA 05 04 01 FF FF FF FF 55 05
[2026 01 09 17:07:31.227] [INFO] 夹具2控制结束, result = True, 用时:380.0467
[2026 01 09 17:07:31.228] [INFO] 开始出货操作，上抬脉冲数:600
[2026 01 09 17:07:31.228] [INFO] 开始Z前复位
[2026 01 09 17:07:31.452] [INFO] 发送 : AA 05 05 00 FF FF FF FF 55 05
[2026 01 09 17:07:31.478] [INFO] 收到 : AA 05 05 00 FF FF FF FF 55 05
[2026 01 09 17:07:31.579] [INFO] 发送 : AA 16 4E 20 01 1E 17 FF 55 B8
[2026 01 09 17:07:31.605] [INFO] 收到 : AA 16 4E 20 01 1E 17 FF 55 B8
[2026 01 09 17:07:32.251] [INFO] 夹具1控制:松开, 脉冲数:2000
[2026 01 09 17:07:32.353] [INFO] 发送 : AA 05 06 00 FF FF FF FF 55 06
[2026 01 09 17:07:32.379] [INFO] 收到 : AA 05 06 00 FF FF FF FF 55 06
[2026 01 09 17:07:32.606] [INFO] 发送 : AA 05 05 00 FF FF FF FF 55 05
[2026 01 09 17:07:32.632] [INFO] 收到 : AA 05 05 00 FF FF FF FF 55 05
[2026 01 09 17:07:32.986] [INFO] 发送 : AA 12 07 D0 01 1E 00 00 55 07
[2026 01 09 17:07:33.012] [INFO] 收到 : AA 12 07 D0 01 1E 00 00 55 07
[2026 01 09 17:07:33.763] [INFO] 发送 : AA 0C 00 00 00 00 00 00 55 0B
[2026 01 09 17:07:33.789] [INFO] 收到 : AA 0C 01 01 00 00 00 00 55 0D
[2026 01 09 17:07:34.382] [INFO] 发送 : AA 0C 00 00 00 00 00 00 55 0B
[2026 01 09 17:07:34.409] [INFO] 收到 : AA 0C 00 01 00 00 00 00 55 0C
[2026 01 09 17:07:34.510] [INFO] 发送 : AA 05 05 01 FF FF FF FF 55 06
[2026 01 09 17:07:34.536] [INFO] 收到 : AA 05 05 01 FF FF FF FF 55 06
[2026 01 09 17:07:34.536] [INFO] Z前复位结束, result = True, 用时:3308.1524
[2026 01 09 17:07:34.538] [INFO] 开始Z轴补偿:前, 脉冲数:380
[2026 01 09 17:07:34.653] [INFO] 发送 : AA 05 05 00 FF FF FF FF 55 05
[2026 01 09 17:07:34.680] [INFO] 收到 : AA 05 05 00 FF FF FF FF 55 05
[2026 01 09 17:07:34.908] [INFO] 发送 : AA 08 01 7C 01 1E 00 00 55 A3
[2026 01 09 17:07:34.934] [INFO] 收到 : AA 08 01 7C 01 1E 00 00 55 A3
[2026 01 09 17:07:35.036] [INFO] 发送 : AA 0C 00 00 00 00 00 00 55 0B
[2026 01 09 17:07:35.061] [INFO] 收到 : AA 0C 01 00 00 00 00 00 55 0C
[2026 01 09 17:07:35.303] [INFO] 发送 : AA 0C 00 00 00 00 00 00 55 0B
[2026 01 09 17:07:35.329] [INFO] 收到 : AA 0C 01 00 00 00 00 00 55 0C
[2026 01 09 17:07:35.429] [INFO] 发送 : AA 05 06 01 FF FF FF FF 55 07
[2026 01 09 17:07:35.455] [INFO] 收到 : AA 05 06 01 FF FF FF FF 55 07
[2026 01 09 17:07:35.682] [INFO] 发送 : AA 0C 00 00 00 00 00 00 55 0B
[2026 01 09 17:07:35.709] [INFO] 收到 : AA 0C 00 00 00 00 00 00 55 0B
[2026 01 09 17:07:35.809] [INFO] 发送 : AA 05 05 01 FF FF FF FF 55 06
[2026 01 09 17:07:35.835] [INFO] 收到 : AA 05 05 01 FF FF FF FF 55 06
[2026 01 09 17:07:35.835] [INFO] 夹具1控制结束, result = True, 用时:3583.6708
[2026 01 09 17:07:36.062] [INFO] 发送 : AA 05 05 01 FF FF FF FF 55 06
[2026 01 09 17:07:36.088] [INFO] 收到 : AA 05 05 01 FF FF FF FF 55 06
[2026 01 09 17:07:36.088] [INFO] Z轴补偿结束, result = True, 用时:1550.805
[2026 01 09 17:07:36.089] [INFO] Y轴开始移动，脉冲数600
[2026 01 09 17:07:36.712] [INFO] Y轴移动结束, result = True, 用时:623.4777
[2026 01 09 17:07:36.713] [INFO] 夹具1控制:夹紧, 脉冲数:2000
[2026 01 09 17:07:36.824] [INFO] 发送 : AA 05 06 00 FF FF FF FF 55 06
[2026 01 09 17:07:36.849] [INFO] 收到 : AA 05 06 00 FF FF FF FF 55 06
[2026 01 09 17:07:36.951] [INFO] 发送 : AA 05 05 00 FF FF FF FF 55 05
[2026 01 09 17:07:36.977] [INFO] 收到 : AA 05 05 00 FF FF FF FF 55 05
[2026 01 09 17:07:37.094] [INFO] 发送 : AA 12 06 72 00 1E 00 00 55 A7
[2026 01 09 17:07:37.120] [INFO] 收到 : AA 12 06 72 00 1E 00 00 55 A7
[2026 01 09 17:07:37.858] [INFO] 发送 : AA 0C 00 00 00 00 00 00 55 0B
[2026 01 09 17:07:37.884] [INFO] 收到 : AA 0C 00 01 00 00 00 00 55 0C
[2026 01 09 17:07:38.301] [INFO] 发送 : AA 0C 00 00 00 00 00 00 55 0B
[2026 01 09 17:07:38.329] [INFO] 收到 : AA 0C 00 01 00 00 00 00 55 0C
[2026 01 09 17:07:38.745] [INFO] 发送 : AA 0C 00 00 00 00 00 00 55 0B
[2026 01 09 17:07:38.771] [INFO] 收到 : AA 0C 00 01 00 00 00 00 55 0C
[2026 01 09 17:07:39.286] [INFO] 发送 : AA 0C 00 00 00 00 00 00 55 0B
[2026 01 09 17:07:39.312] [INFO] 收到 : AA 0C 00 00 00 00 00 00 55 0B
[2026 01 09 17:07:39.541] [INFO] 发送 : AA 05 06 01 FF FF FF FF 55 07
[2026 01 09 17:07:39.566] [INFO] 收到 : AA 05 06 01 FF FF FF FF 55 07
[2026 01 09 17:07:39.796] [INFO] 发送 : AA 05 05 01 FF FF FF FF 55 06
[2026 01 09 17:07:39.822] [INFO] 收到 : AA 05 05 01 FF FF FF FF 55 06
[2026 01 09 17:07:39.822] [INFO] 夹具1控制结束, result = True, 用时:3108.9642
[2026 01 09 17:07:39.825] [INFO] 送料结束, result = True, 用时:8597.4987
[2026 01 09 17:07:39.825] [INFO] Z轴复位开始
[2026 01 09 17:07:40.066] [INFO] 发送 : AA 05 05 00 FF FF FF FF 55 05
[2026 01 09 17:07:40.092] [INFO] 收到 : AA 05 05 00 FF FF FF FF 55 05
[2026 01 09 17:07:40.209] [INFO] 发送 : AA 16 4E 20 00 1E 18 FF 55 B8
[2026 01 09 17:07:40.235] [INFO] 收到 : AA 16 4E 20 00 1E 18 FF 55 B8
[2026 01 09 17:07:43.581] [INFO] 发送 : AA 05 05 01 FF FF FF FF 55 06
[2026 01 09 17:07:43.607] [INFO] 收到 : AA 05 05 01 FF FF FF FF 55 06
[2026 01 09 17:07:43.607] [INFO] Z轴复位结束
[2026 01 09 17:07:43.607] [INFO] 夹具2控制:夹紧
[2026 01 09 17:07:43.722] [INFO] 发送 : AA 05 04 00 FF FF FF FF 55 04
[2026 01 09 17:07:43.749] [INFO] 收到 : AA 05 04 00 FF FF FF FF 55 04
[2026 01 09 17:07:43.752] [INFO] 夹具2控制结束, result = True, 用时:144.2588
[2026 01 09 17:07:43.754] [INFO] Y轴开始移动，脉冲数14850
[2026 01 09 17:07:46.298] [INFO] Y轴移动结束, result = True, 用时:2544.1514
[2026 01 09 17:07:46.300] [INFO] X轴开始移动，脉冲数1650
[2026 01 09 17:07:47.436] [INFO] X轴移动结束, 用时:1136.142
[2026 01 09 17:07:47.548] [INFO] 发送 : AA 05 02 01 FF FF FF FF 55 03
[2026 01 09 17:07:47.574] [INFO] 收到 : AA 05 02 01 FF FF FF FF 55 03
[2026 01 09 17:07:47.574] [INFO] 开始Z前复位
[2026 01 09 17:07:47.675] [INFO] 发送 : AA 05 02 00 FF FF FF FF 55 02
[2026 01 09 17:07:47.702] [INFO] 收到 : AA 05 02 00 FF FF FF FF 55 02
[2026 01 09 17:07:47.816] [INFO] 发送 : AA 05 05 00 FF FF FF FF 55 05
[2026 01 09 17:07:47.842] [INFO] 收到 : AA 05 05 00 FF FF FF FF 55 05
[2026 01 09 17:07:47.959] [INFO] 发送 : AA 16 4E 20 01 1E 17 FF 55 B8
[2026 01 09 17:07:47.985] [INFO] 收到 : AA 16 4E 20 01 1E 17 FF 55 B8
[2026 01 09 17:07:48.437] [INFO] 发送 : AA 05 02 01 FF FF FF FF 55 03
[2026 01 09 17:07:48.463] [INFO] 收到 : AA 05 02 01 FF FF FF FF 55 03
[2026 01 09 17:07:49.240] [INFO] 发送 : AA 05 02 00 FF FF FF FF 55 02
[2026 01 09 17:07:49.267] [INFO] 收到 : AA 05 02 00 FF FF FF FF 55 02
[2026 01 09 17:07:49.968] [INFO] 发送 : AA 05 02 01 FF FF FF FF 55 03
[2026 01 09 17:07:49.994] [INFO] 收到 : AA 05 02 01 FF FF FF FF 55 03
[2026 01 09 17:07:50.745] [INFO] 发送 : AA 05 02 00 FF FF FF FF 55 02
[2026 01 09 17:07:50.771] [INFO] 收到 : AA 05 02 00 FF FF FF FF 55 02
[2026 01 09 17:07:51.269] [INFO] 发送 : AA 05 05 01 FF FF FF FF 55 06
[2026 01 09 17:07:51.295] [INFO] 收到 : AA 05 05 01 FF FF FF FF 55 06
[2026 01 09 17:07:51.295] [INFO] Z前复位结束, result = True, 用时:3720.5254
[2026 01 09 17:07:51.296] [INFO] 夹具1控制:松开, 脉冲数:2000
[2026 01 09 17:07:51.396] [INFO] 发送 : AA 05 02 01 FF FF FF FF 55 03
[2026 01 09 17:07:51.422] [INFO] 收到 : AA 05 02 01 FF FF FF FF 55 03
[2026 01 09 17:07:51.523] [INFO] 发送 : AA 05 06 00 FF FF FF FF 55 06
[2026 01 09 17:07:51.549] [INFO] 收到 : AA 05 06 00 FF FF FF FF 55 06
[2026 01 09 17:07:51.651] [INFO] 发送 : AA 05 05 00 FF FF FF FF 55 05
[2026 01 09 17:07:51.677] [INFO] 收到 : AA 05 05 00 FF FF FF FF 55 05
[2026 01 09 17:07:51.790] [INFO] 发送 : AA 12 07 D0 01 1E 00 00 55 07
[2026 01 09 17:07:51.816] [INFO] 收到 : AA 12 07 D0 01 1E 00 00 55 07
[2026 01 09 17:07:52.124] [INFO] 发送 : AA 05 02 00 FF FF FF FF 55 02
[2026 01 09 17:07:52.150] [INFO] 收到 : AA 05 02 00 FF FF FF FF 55 02
[2026 01 09 17:07:52.442] [INFO] 发送 : AA 0C 00 00 00 00 00 00 55 0B
[2026 01 09 17:07:52.468] [INFO] 收到 : AA 0C 00 01 00 00 00 00 55 0C
[2026 01 09 17:07:52.964] [INFO] 发送 : AA 05 02 01 FF FF FF FF 55 03
[2026 01 09 17:07:52.990] [INFO] 收到 : AA 05 02 01 FF FF FF FF 55 03
[2026 01 09 17:07:53.092] [INFO] 发送 : AA 0C 00 00 00 00 00 00 55 0B
[2026 01 09 17:07:53.118] [INFO] 收到 : AA 0C 00 01 00 00 00 00 55 0C
[2026 01 09 17:07:53.536] [INFO] 发送 : AA 0C 00 00 00 00 00 00 55 0B
[2026 01 09 17:07:53.563] [INFO] 收到 : AA 0C 00 01 00 00 00 00 55 0C
[2026 01 09 17:07:53.678] [INFO] 发送 : AA 05 02 00 FF FF FF FF 55 02
[2026 01 09 17:07:53.704] [INFO] 收到 : AA 05 02 00 FF FF FF FF 55 02
[2026 01 09 17:07:53.980] [INFO] 发送 : AA 0C 00 00 00 00 00 00 55 0B
[2026 01 09 17:07:54.006] [INFO] 收到 : AA 0C 00 00 00 00 00 00 55 0B
[2026 01 09 17:07:54.234] [INFO] 发送 : AA 05 06 01 FF FF FF FF 55 07
[2026 01 09 17:07:54.260] [INFO] 收到 : AA 05 06 01 FF FF FF FF 55 07
[2026 01 09 17:07:54.361] [INFO] 发送 : AA 05 02 01 FF FF FF FF 55 03
[2026 01 09 17:07:54.387] [INFO] 收到 : AA 05 02 01 FF FF FF FF 55 03
[2026 01 09 17:07:54.631] [INFO] 发送 : AA 05 05 01 FF FF FF FF 55 06
[2026 01 09 17:07:54.657] [INFO] 收到 : AA 05 05 01 FF FF FF FF 55 06
[2026 01 09 17:07:54.657] [INFO] 夹具1控制结束, result = True, 用时:3360.5741
[2026 01 09 17:07:54.658] [INFO] 开始Z轴补偿:后, 脉冲数:500
[2026 01 09 17:07:54.884] [INFO] 发送 : AA 05 05 00 FF FF FF FF 55 05
[2026 01 09 17:07:54.909] [INFO] 收到 : AA 05 05 00 FF FF FF FF 55 05
[2026 01 09 17:07:55.153] [INFO] 发送 : AA 05 02 00 FF FF FF FF 55 02
[2026 01 09 17:07:55.179] [INFO] 收到 : AA 05 02 00 FF FF FF FF 55 02
[2026 01 09 17:07:55.280] [INFO] 发送 : AA 08 01 F4 00 1E 00 00 55 1A
[2026 01 09 17:07:55.306] [INFO] 收到 : AA 08 01 F4 00 1E 00 00 55 1A
[2026 01 09 17:07:55.533] [INFO] 发送 : AA 0C 00 00 00 00 00 00 55 0B
[2026 01 09 17:07:55.559] [INFO] 收到 : AA 0C 01 00 00 00 00 00 55 0C
[2026 01 09 17:07:55.773] [INFO] 发送 : AA 0C 00 00 00 00 00 00 55 0B
[2026 01 09 17:07:55.799] [INFO] 收到 : AA 0C 01 00 00 00 00 00 55 0C
[2026 01 09 17:07:55.900] [INFO] 发送 : AA 05 02 01 FF FF FF FF 55 03
[2026 01 09 17:07:55.926] [INFO] 收到 : AA 05 02 01 FF FF FF FF 55 03
[2026 01 09 17:07:56.041] [INFO] 发送 : AA 0C 00 00 00 00 00 00 55 0B
[2026 01 09 17:07:56.067] [INFO] 收到 : AA 0C 01 00 00 00 00 00 55 0C
[2026 01 09 17:07:56.328] [INFO] 发送 : AA 0C 00 00 00 00 00 00 55 0B
[2026 01 09 17:07:56.354] [INFO] 收到 : AA 0C 00 00 00 00 00 00 55 0B
[2026 01 09 17:07:56.582] [INFO] 发送 : AA 05 05 01 FF FF FF FF 55 06
[2026 01 09 17:07:56.608] [INFO] 收到 : AA 05 05 01 FF FF FF FF 55 06
[2026 01 09 17:07:56.609] [INFO] Z轴补偿结束, result = True, 用时:1950.8654
[2026 01 09 17:07:56.611] [INFO] Y轴开始移动，脉冲数 800
[2026 01 09 17:07:56.709] [INFO] 发送 : AA 05 02 00 FF FF FF FF 55 02
[2026 01 09 17:07:56.735] [INFO] 收到 : AA 05 02 00 FF FF FF FF 55 02
[2026 01 09 17:07:57.363] [INFO] 发送 : AA 05 02 01 FF FF FF FF 55 03
[2026 01 09 17:07:57.380] [INFO] Y轴移动结束, result = True, 用时:768.7822
[2026 01 09 17:07:57.383] [INFO] 出货结束, result = True, 用时:26536.4268
[2026 01 09 17:07:57.889] [INFO] 夹具2控制:夹紧
[2026 01 09 17:07:58.096] [INFO] 收到 : AA 05 02 01 FF FF FF FF 55 03
[2026 01 09 17:07:58.159] [INFO] Z轴复位开始
[2026 01 09 17:07:58.207] [INFO] 发送 : AA 05 04 00 FF FF FF FF 55 04
[2026 01 09 17:07:58.233] [INFO] 收到 : AA 05 04 00 FF FF FF FF 55 04
[2026 01 09 17:07:58.236] [INFO] 夹具2控制结束, result = True, 用时:346.8985
[2026 01 09 17:07:58.588] [INFO] 发送 : AA 05 05 00 FF FF FF FF 55 05
[2026 01 09 17:07:58.614] [INFO] 收到 : AA 05 05 00 FF FF FF FF 55 05
[2026 01 09 17:07:58.842] [INFO] 发送 : AA 05 02 00 FF FF FF FF 55 02
[2026 01 09 17:07:58.868] [INFO] 收到 : AA 05 02 00 FF FF FF FF 55 02
[2026 01 09 17:07:58.969] [INFO] 发送 : AA 16 4E 20 00 1E 18 FF 55 B8
[2026 01 09 17:07:58.995] [INFO] 收到 : AA 16 4E 20 00 1E 18 FF 55 B8
[2026 01 09 17:07:59.494] [INFO] 发送 : AA 05 02 01 FF FF FF FF 55 03
[2026 01 09 17:07:59.520] [INFO] 收到 : AA 05 02 01 FF FF FF FF 55 03
[2026 01 09 17:08:00.142] [INFO] 发送 : AA 05 02 00 FF FF FF FF 55 02
[2026 01 09 17:08:00.169] [INFO] 收到 : AA 05 02 00 FF FF FF FF 55 02
[2026 01 09 17:08:00.920] [INFO] 发送 : AA 05 02 01 FF FF FF FF 55 03
[2026 01 09 17:08:00.946] [INFO] 收到 : AA 05 02 01 FF FF FF FF 55 03
[2026 01 09 17:08:01.758] [INFO] 发送 : AA 05 02 00 FF FF FF FF 55 02
[2026 01 09 17:08:01.784] [INFO] 收到 : AA 05 02 00 FF FF FF FF 55 02
[2026 01 09 17:08:01.897] [INFO] 发送 : AA 05 05 01 FF FF FF FF 55 06
[2026 01 09 17:08:01.923] [INFO] 收到 : AA 05 05 01 FF FF FF FF 55 06
[2026 01 09 17:08:01.924] [INFO] Z轴复位结束
[2026 01 09 17:08:01.924] [INFO] 开始夹具1复位
[2026 01 09 17:08:02.039] [INFO] 发送 : AA 05 06 00 FF FF FF FF 55 06
[2026 01 09 17:08:02.065] [INFO] 收到 : AA 05 06 00 FF FF FF FF 55 06
[2026 01 09 17:08:02.544] [INFO] 发送 : AA 05 02 01 FF FF FF FF 55 03
[2026 01 09 17:08:02.571] [INFO] 收到 : AA 05 02 01 FF FF FF FF 55 03
[2026 01 09 17:08:02.797] [INFO] 发送 : AA 18 27 10 00 1E 02 00 55 6E
[2026 01 09 17:08:02.823] [INFO] 收到 : AA 18 27 10 00 1E 02 00 55 6E
[2026 01 09 17:08:03.065] [INFO] 发送 : AA 0C 00 00 00 00 00 00 55 0B
[2026 01 09 17:08:03.092] [INFO] 收到 : AA 0C 00 01 00 00 00 00 55 0C
[2026 01 09 17:08:03.092] [INFO] 电机2运动状态：True
[2026 01 09 17:08:04.176] [INFO] 发送 : AA 05 06 01 FF FF FF FF 55 07
[2026 01 09 17:08:04.203] [INFO] 收到 : AA 05 06 01 FF FF FF FF 55 07
[2026 01 09 17:08:04.203] [INFO] 夹具1复位结束, result = True, 用时:2278.8876
[2026 01 09 17:08:04.203] [INFO] X轴复位开始
[2026 01 09 17:08:09.964] [INFO] X轴复位结束
[2026 01 09 17:08:09.964] [INFO] Y轴复位开始
[2026 01 09 17:08:14.399] [INFO] Y轴复位结束
[2026 01 09 17:08:14.410] [INFO] Y轴开始移动，脉冲数10000
[2026 01 09 17:08:16.554] [INFO] Y轴移动结束, result = True, 用时:2144.2493
[2026 01 09 17:08:16.555] [INFO] X轴开始移动，脉冲数4400
[2026 01 09 17:08:18.095] [INFO] X轴移动结束, 用时:1540.6283
[2026 01 09 17:08:18.096] [INFO] 1点位移动完成
[2026 01 09 17:08:18.097] [INFO] 开始取底托
[2026 01 09 17:08:18.097] [INFO] 开始夹具1复位
[2026 01 09 17:08:18.212] [INFO] 发送 : AA 05 06 00 FF FF FF FF 55 06
[2026 01 09 17:08:18.237] [INFO] 收到 : AA 05 06 00 FF FF FF FF 55 06
[2026 01 09 17:08:19.000] [INFO] 发送 : AA 18 27 10 00 1E 02 00 55 6E
[2026 01 09 17:08:19.026] [INFO] 收到 : AA 18 27 10 00 1E 02 00 55 6E
[2026 01 09 17:08:19.126] [INFO] 发送 : AA 0C 00 00 00 00 00 00 55 0B
[2026 01 09 17:08:19.153] [INFO] 收到 : AA 0C 00 00 00 00 00 00 55 0B
[2026 01 09 17:08:19.153] [INFO] 电机2运动状态：False
[2026 01 09 17:08:19.522] [INFO] 发送 : AA 05 06 01 FF FF FF FF 55 07
[2026 01 09 17:08:19.548] [INFO] 收到 : AA 05 06 01 FF FF FF FF 55 07
[2026 01 09 17:08:19.549] [INFO] 夹具1复位结束, result = True, 用时:1451.8332
[2026 01 09 17:08:19.551] [INFO] 开始抓取操作，上抬脉冲数:530
[2026 01 09 17:08:19.551] [INFO] 开始Z前复位
[2026 01 09 17:08:19.664] [INFO] 发送 : AA 05 05 00 FF FF FF FF 55 05
[2026 01 09 17:08:20.376] [INFO] 收到 : AA 05 05 00 FF FF FF FF 55 05
[2026 01 09 17:08:20.562] [INFO] 夹具1控制:松开, 脉冲数:3100
[2026 01 09 17:08:21.492] [INFO] 发送 : AA 16 4E 20 01 1E 17 FF 55 B8
[2026 01 09 17:08:21.519] [INFO] 收到 : AA 16 4E 20 01 1E 17 FF 55 B8
[2026 01 09 17:08:21.634] [INFO] 发送 : AA 05 06 00 FF FF FF FF 55 06
[2026 01 09 17:08:21.661] [INFO] 收到 : AA 05 06 00 FF FF FF FF 55 06
[2026 01 09 17:08:21.919] [INFO] 发送 : AA 05 05 00 FF FF FF FF 55 05
[2026 01 09 17:08:21.945] [INFO] 收到 : AA 05 05 00 FF FF FF FF 55 05
[2026 01 09 17:08:22.312] [INFO] 发送 : AA 12 0C 1C 01 1E 00 00 55 58
[2026 01 09 17:08:22.338] [INFO] 收到 : AA 12 0C 1C 01 1E 00 00 55 58
[2026 01 09 17:08:23.135] [INFO] 发送 : AA 0C 00 00 00 00 00 00 55 0B
[2026 01 09 17:08:23.161] [INFO] 收到 : AA 0C 01 01 00 00 00 00 55 0D
[2026 01 09 17:08:23.639] [INFO] 发送 : AA 0C 00 00 00 00 00 00 55 0B
[2026 01 09 17:08:23.666] [INFO] 收到 : AA 0C 01 01 00 00 00 00 55 0D
[2026 01 09 17:08:24.174] [INFO] 发送 : AA 0C 00 00 00 00 00 00 55 0B
[2026 01 09 17:08:24.209] [INFO] 收到 : AA 0C 00 01 00 00 00 00 55 0C
[2026 01 09 17:08:24.711] [INFO] 发送 : AA 05 05 01 FF FF FF FF 55 06
[2026 01 09 17:08:24.736] [INFO] 收到 : AA 05 05 01 FF FF FF FF 55 06
[2026 01 09 17:08:24.737] [INFO] Z前复位结束, result = True, 用时:5185.5536
[2026 01 09 17:08:24.737] [INFO] 开始Z轴补偿:后, 脉冲数:0
[2026 01 09 17:08:24.838] [INFO] 发送 : AA 0C 00 00 00 00 00 00 55 0B
[2026 01 09 17:08:24.864] [INFO] 收到 : AA 0C 00 00 00 00 00 00 55 0B
[2026 01 09 17:08:25.120] [INFO] 发送 : AA 05 05 00 FF FF FF FF 55 05
[2026 01 09 17:08:25.146] [INFO] 收到 : AA 05 05 00 FF FF FF FF 55 05
[2026 01 09 17:08:25.248] [INFO] 发送 : AA 05 06 01 FF FF FF FF 55 07
[2026 01 09 17:08:25.274] [INFO] 收到 : AA 05 06 01 FF FF FF FF 55 07
[2026 01 09 17:08:25.389] [INFO] 发送 : AA 08 00 00 00 1E 00 00 55 25
[2026 01 09 17:08:25.415] [INFO] 收到 : AA 08 00 00 00 1E 00 00 55 25
[2026 01 09 17:08:25.516] [INFO] 发送 : AA 05 05 01 FF FF FF FF 55 06
[2026 01 09 17:08:25.542] [INFO] 收到 : AA 05 05 01 FF FF FF FF 55 06
[2026 01 09 17:08:25.543] [INFO] 夹具1控制结束, result = True, 用时:4980.8019
[2026 01 09 17:08:25.658] [INFO] 发送 : AA 0C 00 00 00 00 00 00 55 0B
[2026 01 09 17:08:25.684] [INFO] 收到 : AA 0C 00 00 00 00 00 00 55 0B
[2026 01 09 17:08:25.800] [INFO] 发送 : AA 05 05 01 FF FF FF FF 55 06
[2026 01 09 17:08:25.826] [INFO] 收到 : AA 05 05 01 FF FF FF FF 55 06
[2026 01 09 17:08:25.826] [INFO] Z轴补偿结束, result = True, 用时:1088.8654
[2026 01 09 17:08:25.826] [INFO] Y轴开始移动，脉冲数530
[2026 01 09 17:08:26.446] [INFO] Y轴移动结束, result = True, 用时:619.7783
[2026 01 09 17:08:26.448] [INFO] 夹具1控制:夹紧, 脉冲数:3100
[2026 01 09 17:08:26.747] [INFO] 发送 : AA 05 06 00 FF FF FF FF 55 06
[2026 01 09 17:08:26.773] [INFO] 收到 : AA 05 06 00 FF FF FF FF 55 06
[2026 01 09 17:08:27.028] [INFO] 发送 : AA 05 05 00 FF FF FF FF 55 05
[2026 01 09 17:08:27.053] [INFO] 收到 : AA 05 05 00 FF FF FF FF 55 05
[2026 01 09 17:08:27.170] [INFO] 发送 : AA 12 0A BE 00 1E 00 00 55 F7
[2026 01 09 17:08:27.196] [INFO] 收到 : AA 12 0A BE 00 1E 00 00 55 F7
[2026 01 09 17:08:27.819] [INFO] 发送 : AA 0C 00 00 00 00 00 00 55 0B
[2026 01 09 17:08:27.845] [INFO] 收到 : AA 0C 00 01 00 00 00 00 55 0C
[2026 01 09 17:08:28.277] [INFO] 发送 : AA 0C 00 00 00 00 00 00 55 0B
[2026 01 09 17:08:28.303] [INFO] 收到 : AA 0C 00 01 00 00 00 00 55 0C
[2026 01 09 17:08:28.783] [INFO] 发送 : AA 0C 00 00 00 00 00 00 55 0B
[2026 01 09 17:08:28.809] [INFO] 收到 : AA 0C 00 01 00 00 00 00 55 0C
[2026 01 09 17:08:29.224] [INFO] 发送 : AA 0C 00 00 00 00 00 00 55 0B
[2026 01 09 17:08:29.250] [INFO] 收到 : AA 0C 00 00 00 00 00 00 55 0B
[2026 01 09 17:08:29.366] [INFO] 发送 : AA 05 06 01 FF FF FF FF 55 07
[2026 01 09 17:08:29.392] [INFO] 收到 : AA 05 06 01 FF FF FF FF 55 07
[2026 01 09 17:08:29.508] [INFO] 发送 : AA 05 05 01 FF FF FF FF 55 06
[2026 01 09 17:08:29.534] [INFO] 收到 : AA 05 05 01 FF FF FF FF 55 06
[2026 01 09 17:08:29.534] [INFO] 夹具1控制结束, result = True, 用时:3086.0644
[2026 01 09 17:08:29.535] [INFO] 抓取结束, result = True, 用时:9984.2631
[2026 01 09 17:08:29.535] [INFO] Z轴复位开始
[2026 01 09 17:08:29.777] [INFO] 发送 : AA 05 05 00 FF FF FF FF 55 05
[2026 01 09 17:08:29.803] [INFO] 收到 : AA 05 05 00 FF FF FF FF 55 05
[2026 01 09 17:08:30.044] [INFO] 发送 : AA 16 4E 20 00 1E 18 FF 55 B8
[2026 01 09 17:08:30.070] [INFO] 收到 : AA 16 4E 20 00 1E 18 FF 55 B8
[2026 01 09 17:08:45.076] [INFO] 发送 : AA 05 05 01 FF FF FF FF 55 06
[2026 01 09 17:08:45.102] [INFO] 收到 : AA 05 05 01 FF FF FF FF 55 06
[2026 01 09 17:08:45.102] [INFO] Z轴复位结束
[2026 01 09 17:08:45.104] [INFO] 取底托结束, result = True, 用时:27006.8662
[2026 01 09 17:08:45.104] [INFO] 取货完成
[2026 01 09 17:08:45.104] [INFO] 开始送入打印
[2026 01 09 17:08:45.106] [INFO] X轴开始移动，脉冲数15600
[2026 01 09 17:08:47.664] [INFO] X轴移动结束, 用时:2558.186
[2026 01 09 17:08:47.666] [INFO] Y轴开始移动，脉冲数 9260
[2026 01 09 17:08:49.692] [INFO] Y轴移动结束, result = True, 用时:2025.8228
[2026 01 09 17:08:49.692] [INFO] 夹具2控制:松开
[2026 01 09 17:08:49.802] [INFO] 发送 : AA 05 04 01 FF FF FF FF 55 05
[2026 01 09 17:08:49.828] [INFO] 收到 : AA 05 04 01 FF FF FF FF 55 05
[2026 01 09 17:08:49.831] [INFO] 夹具2控制结束, result = True, 用时:138.5465
[2026 01 09 17:08:49.831] [INFO] 开始Z前复位
[2026 01 09 17:08:50.055] [INFO] 发送 : AA 05 05 00 FF FF FF FF 55 05
[2026 01 09 17:08:50.081] [INFO] 收到 : AA 05 05 00 FF FF FF FF 55 05
[2026 01 09 17:08:50.308] [INFO] 发送 : AA 16 4E 20 01 1E 17 FF 55 B8
[2026 01 09 17:08:50.334] [INFO] 收到 : AA 16 4E 20 01 1E 17 FF 55 B8
[2026 01 09 17:08:53.126] [INFO] 发送 : AA 05 05 01 FF FF FF FF 55 06
[2026 01 09 17:08:53.152] [INFO] 收到 : AA 05 05 01 FF FF FF FF 55 06
[2026 01 09 17:08:53.152] [INFO] Z前复位结束, result = True, 用时:3321.2563
[2026 01 09 17:08:53.153] [INFO] 开始Z轴补偿:前, 脉冲数:500
[2026 01 09 17:08:53.269] [INFO] 发送 : AA 05 05 00 FF FF FF FF 55 05
[2026 01 09 17:08:53.295] [INFO] 收到 : AA 05 05 00 FF FF FF FF 55 05
[2026 01 09 17:08:53.410] [INFO] 发送 : AA 08 01 F4 01 1E 00 00 55 1B
[2026 01 09 17:08:53.436] [INFO] 收到 : AA 08 01 F4 01 1E 00 00 55 1B
[2026 01 09 17:08:53.678] [INFO] 发送 : AA 0C 00 00 00 00 00 00 55 0B
[2026 01 09 17:08:53.704] [INFO] 收到 : AA 0C 01 00 00 00 00 00 55 0C
[2026 01 09 17:08:54.059] [INFO] 发送 : AA 0C 00 00 00 00 00 00 55 0B
[2026 01 09 17:08:54.085] [INFO] 收到 : AA 0C 01 00 00 00 00 00 55 0C
[2026 01 09 17:08:54.439] [INFO] 发送 : AA 0C 00 00 00 00 00 00 55 0B
[2026 01 09 17:08:54.465] [INFO] 收到 : AA 0C 00 00 00 00 00 00 55 0B
[2026 01 09 17:08:54.583] [INFO] 发送 : AA 05 05 01 FF FF FF FF 55 06
[2026 01 09 17:08:54.609] [INFO] 收到 : AA 05 05 01 FF FF FF FF 55 06
[2026 01 09 17:08:54.609] [INFO] Z轴补偿结束, result = True, 用时:1455.8165
[2026 01 09 17:08:54.611] [INFO] 夹具1控制:松开, 脉冲数:2000
[2026 01 09 17:08:54.725] [INFO] 发送 : AA 05 06 00 FF FF FF FF 55 06
[2026 01 09 17:08:54.751] [INFO] 收到 : AA 05 06 00 FF FF FF FF 55 06
[2026 01 09 17:08:54.851] [INFO] 发送 : AA 05 05 00 FF FF FF FF 55 05
[2026 01 09 17:08:54.877] [INFO] 收到 : AA 05 05 00 FF FF FF FF 55 05
[2026 01 09 17:08:54.994] [INFO] 发送 : AA 12 07 D0 01 1E 00 00 55 07
[2026 01 09 17:08:55.020] [INFO] 收到 : AA 12 07 D0 01 1E 00 00 55 07
[2026 01 09 17:08:55.644] [INFO] 发送 : AA 0C 00 00 00 00 00 00 55 0B
[2026 01 09 17:08:55.670] [INFO] 收到 : AA 0C 00 01 00 00 00 00 55 0C
[2026 01 09 17:08:56.153] [INFO] 发送 : AA 0C 00 00 00 00 00 00 55 0B
[2026 01 09 17:08:56.179] [INFO] 收到 : AA 0C 00 01 00 00 00 00 55 0C
[2026 01 09 17:08:56.597] [INFO] 发送 : AA 0C 00 00 00 00 00 00 55 0B
[2026 01 09 17:08:56.622] [INFO] 收到 : AA 0C 00 01 00 00 00 00 55 0C
[2026 01 09 17:08:57.039] [INFO] 发送 : AA 0C 00 00 00 00 00 00 55 0B
[2026 01 09 17:08:57.065] [INFO] 收到 : AA 0C 00 00 00 00 00 00 55 0B
[2026 01 09 17:08:57.183] [INFO] 发送 : AA 05 06 01 FF FF FF FF 55 07
[2026 01 09 17:08:57.209] [INFO] 收到 : AA 05 06 01 FF FF FF FF 55 07
[2026 01 09 17:08:57.438] [INFO] 发送 : AA 05 05 01 FF FF FF FF 55 06
[2026 01 09 17:08:57.464] [INFO] 收到 : AA 05 05 01 FF FF FF FF 55 06
[2026 01 09 17:08:57.465] [INFO] 夹具1控制结束, result = True, 用时:2854.1502
[2026 01 09 17:08:57.467] [INFO] Y轴开始移动，脉冲数 600
[2026 01 09 17:08:58.102] [INFO] Y轴移动结束, result = True, 用时:634.6793
[2026 01 09 17:08:58.102] [INFO] Z轴复位开始
[2026 01 09 17:08:58.338] [INFO] 发送 : AA 05 05 00 FF FF FF FF 55 05
[2026 01 09 17:08:58.364] [INFO] 收到 : AA 05 05 00 FF FF FF FF 55 05
[2026 01 09 17:08:58.481] [INFO] 发送 : AA 16 4E 20 00 1E 18 FF 55 B8
[2026 01 09 17:08:58.608] [INFO] 开始夹具1复位
[2026 01 09 17:08:59.388] [INFO] 收到 : AA 16 4E 20 00 1E 18 FF 55 B8
[2026 01 09 17:08:59.499] [INFO] 发送 : AA 05 06 00 FF FF FF FF 55 06
[2026 01 09 17:08:59.525] [INFO] 收到 : AA 05 06 00 FF FF FF FF 55 06
[2026 01 09 17:09:00.275] [INFO] 发送 : AA 18 27 10 00 1E 02 00 55 6E
[2026 01 09 17:09:00.300] [INFO] 收到 : AA 18 27 10 00 1E 02 00 55 6E
[2026 01 09 17:09:00.656] [INFO] 发送 : AA 0C 00 00 00 00 00 00 55 0B
[2026 01 09 17:09:00.683] [INFO] 收到 : AA 0C 01 01 00 00 00 00 55 0D
[2026 01 09 17:09:00.683] [INFO] 电机2运动状态：True
[2026 01 09 17:09:01.943] [INFO] 发送 : AA 05 05 01 FF FF FF FF 55 06
[2026 01 09 17:09:01.969] [INFO] 收到 : AA 05 05 01 FF FF FF FF 55 06
[2026 01 09 17:09:01.969] [INFO] Z轴复位结束
[2026 01 09 17:09:02.084] [INFO] 发送 : AA 05 06 01 FF FF FF FF 55 07
[2026 01 09 17:09:02.110] [INFO] 收到 : AA 05 06 01 FF FF FF FF 55 07
[2026 01 09 17:09:02.110] [INFO] 夹具1复位结束, result = True, 用时:3502.2606
[2026 01 09 17:09:02.111] [INFO] 夹具2控制:夹紧
[2026 01 09 17:09:02.338] [INFO] 发送 : AA 05 04 00 FF FF FF FF 55 04
[2026 01 09 17:09:02.364] [INFO] 收到 : AA 05 04 00 FF FF FF FF 55 04
[2026 01 09 17:09:02.366] [INFO] 夹具2控制结束, result = True, 用时:255.6685
[2026 01 09 17:09:02.368] [INFO] 送入打印结束, result = True, 用时:17264.1909
[2026 01 09 17:09:02.369] [INFO] 送料点移动完成
[2026 01 09 17:09:02.369] [INFO] 开始出货操作
[2026 01 09 17:09:02.370] [INFO] 夹具2控制:松开
[2026 01 09 17:09:02.605] [INFO] 发送 : AA 05 04 01 FF FF FF FF 55 05
[2026 01 09 17:09:02.632] [INFO] 收到 : AA 05 04 01 FF FF FF FF 55 05
[2026 01 09 17:09:02.635] [INFO] 夹具2控制结束, result = True, 用时:265.551
[2026 01 09 17:09:02.637] [INFO] 开始出货操作，上抬脉冲数:600
[2026 01 09 17:09:02.637] [INFO] 开始Z前复位
[2026 01 09 17:09:02.860] [INFO] 发送 : AA 05 05 00 FF FF FF FF 55 05
[2026 01 09 17:09:02.886] [INFO] 收到 : AA 05 05 00 FF FF FF FF 55 05
[2026 01 09 17:09:03.020] [INFO] 发送 : AA 16 4E 20 01 1E 17 FF 55 B8
[2026 01 09 17:09:03.045] [INFO] 收到 : AA 16 4E 20 01 1E 17 FF 55 B8
[2026 01 09 17:09:03.639] [INFO] 夹具1控制:松开, 脉冲数:2000
[2026 01 09 17:09:03.747] [INFO] 发送 : AA 05 06 00 FF FF FF FF 55 06
[2026 01 09 17:09:03.774] [INFO] 收到 : AA 05 06 00 FF FF FF FF 55 06
[2026 01 09 17:09:04.018] [INFO] 发送 : AA 05 05 00 FF FF FF FF 55 05
[2026 01 09 17:09:04.044] [INFO] 收到 : AA 05 05 00 FF FF FF FF 55 05
[2026 01 09 17:09:04.413] [INFO] 发送 : AA 12 07 D0 01 1E 00 00 55 07
[2026 01 09 17:09:04.439] [INFO] 收到 : AA 12 07 D0 01 1E 00 00 55 07
[2026 01 09 17:09:05.317] [INFO] 发送 : AA 0C 00 00 00 00 00 00 55 0B
[2026 01 09 17:09:05.343] [INFO] 收到 : AA 0C 01 01 00 00 00 00 55 0D
[2026 01 09 17:09:05.938] [INFO] 发送 : AA 0C 00 00 00 00 00 00 55 0B
[2026 01 09 17:09:05.964] [INFO] 收到 : AA 0C 00 01 00 00 00 00 55 0C
[2026 01 09 17:09:06.065] [INFO] 发送 : AA 05 05 01 FF FF FF FF 55 06
[2026 01 09 17:09:06.091] [INFO] 收到 : AA 05 05 01 FF FF FF FF 55 06
[2026 01 09 17:09:06.092] [INFO] Z前复位结束, result = True, 用时:3454.9232
[2026 01 09 17:09:06.093] [INFO] 开始Z轴补偿:前, 脉冲数:380
[2026 01 09 17:09:06.208] [INFO] 发送 : AA 05 05 00 FF FF FF FF 55 05
[2026 01 09 17:09:06.234] [INFO] 收到 : AA 05 05 00 FF FF FF FF 55 05
[2026 01 09 17:09:06.349] [INFO] 发送 : AA 08 01 7C 01 1E 00 00 55 A3
[2026 01 09 17:09:06.377] [INFO] 收到 : AA 08 01 7C 01 1E 00 00 55 A3
[2026 01 09 17:09:06.617] [INFO] 发送 : AA 0C 00 00 00 00 00 00 55 0B
[2026 01 09 17:09:06.643] [INFO] 收到 : AA 0C 01 00 00 00 00 00 55 0C
[2026 01 09 17:09:06.745] [INFO] 发送 : AA 0C 00 00 00 00 00 00 55 0B
[2026 01 09 17:09:06.771] [INFO] 收到 : AA 0C 01 00 00 00 00 00 55 0C
[2026 01 09 17:09:07.000] [INFO] 发送 : AA 05 06 01 FF FF FF FF 55 07
[2026 01 09 17:09:07.026] [INFO] 收到 : AA 05 06 01 FF FF FF FF 55 07
[2026 01 09 17:09:07.128] [INFO] 发送 : AA 0C 00 00 00 00 00 00 55 0B
[2026 01 09 17:09:07.153] [INFO] 收到 : AA 0C 00 00 00 00 00 00 55 0B
[2026 01 09 17:09:07.382] [INFO] 发送 : AA 05 05 01 FF FF FF FF 55 06
[2026 01 09 17:09:07.408] [INFO] 收到 : AA 05 05 01 FF FF FF FF 55 06
[2026 01 09 17:09:07.408] [INFO] 夹具1控制结束, result = True, 用时:3769.2035
[2026 01 09 17:09:07.522] [INFO] 发送 : AA 05 05 01 FF FF FF FF 55 06
[2026 01 09 17:09:07.548] [INFO] 收到 : AA 05 05 01 FF FF FF FF 55 06
[2026 01 09 17:09:07.549] [INFO] Z轴补偿结束, result = True, 用时:1455.3749
[2026 01 09 17:09:07.549] [INFO] Y轴开始移动，脉冲数600
[2026 01 09 17:09:08.173] [INFO] Y轴移动结束, result = True, 用时:623.6945
[2026 01 09 17:09:08.175] [INFO] 夹具1控制:夹紧, 脉冲数:2000
[2026 01 09 17:09:08.284] [INFO] 发送 : AA 05 06 00 FF FF FF FF 55 06
[2026 01 09 17:09:08.311] [INFO] 收到 : AA 05 06 00 FF FF FF FF 55 06
[2026 01 09 17:09:08.425] [INFO] 发送 : AA 05 05 00 FF FF FF FF 55 05
[2026 01 09 17:09:08.451] [INFO] 收到 : AA 05 05 00 FF FF FF FF 55 05
[2026 01 09 17:09:08.569] [INFO] 发送 : AA 12 06 72 00 1E 00 00 55 A7
[2026 01 09 17:09:08.595] [INFO] 收到 : AA 12 06 72 00 1E 00 00 55 A7
[2026 01 09 17:09:09.376] [INFO] 发送 : AA 0C 00 00 00 00 00 00 55 0B
[2026 01 09 17:09:09.402] [INFO] 收到 : AA 0C 00 01 00 00 00 00 55 0C
[2026 01 09 17:09:09.817] [INFO] 发送 : AA 0C 00 00 00 00 00 00 55 0B
[2026 01 09 17:09:09.843] [INFO] 收到 : AA 0C 00 01 00 00 00 00 55 0C
[2026 01 09 17:09:10.262] [INFO] 发送 : AA 0C 00 00 00 00 00 00 55 0B
[2026 01 09 17:09:10.288] [INFO] 收到 : AA 0C 00 01 00 00 00 00 55 0C
[2026 01 09 17:09:10.802] [INFO] 发送 : AA 0C 00 00 00 00 00 00 55 0B
[2026 01 09 17:09:10.831] [INFO] 收到 : AA 0C 00 00 00 00 00 00 55 0B
[2026 01 09 17:09:11.071] [INFO] 发送 : AA 05 06 01 FF FF FF FF 55 07
[2026 01 09 17:09:11.097] [INFO] 收到 : AA 05 06 01 FF FF FF FF 55 07
[2026 01 09 17:09:11.326] [INFO] 发送 : AA 05 05 01 FF FF FF FF 55 06
[2026 01 09 17:09:11.352] [INFO] 收到 : AA 05 05 01 FF FF FF FF 55 06
[2026 01 09 17:09:11.352] [INFO] 夹具1控制结束, result = True, 用时:3177.122
[2026 01 09 17:09:11.353] [INFO] 送料结束, result = True, 用时:8716.6665
[2026 01 09 17:09:11.353] [INFO] Z轴复位开始
[2026 01 09 17:09:11.736] [INFO] 发送 : AA 05 05 00 FF FF FF FF 55 05
[2026 01 09 17:09:11.762] [INFO] 收到 : AA 05 05 00 FF FF FF FF 55 05
[2026 01 09 17:09:11.876] [INFO] 发送 : AA 16 4E 20 00 1E 18 FF 55 B8
[2026 01 09 17:09:11.902] [INFO] 收到 : AA 16 4E 20 00 1E 18 FF 55 B8
[2026 01 09 17:09:15.217] [INFO] 发送 : AA 05 05 01 FF FF FF FF 55 06
[2026 01 09 17:09:15.243] [INFO] 收到 : AA 05 05 01 FF FF FF FF 55 06
[2026 01 09 17:09:15.243] [INFO] Z轴复位结束
[2026 01 09 17:09:15.244] [INFO] 夹具2控制:夹紧
[2026 01 09 17:09:15.485] [INFO] 发送 : AA 05 04 00 FF FF FF FF 55 04
[2026 01 09 17:09:15.510] [INFO] 收到 : AA 05 04 00 FF FF FF FF 55 04
[2026 01 09 17:09:15.511] [INFO] 夹具2控制结束, result = True, 用时:267.9192
[2026 01 09 17:09:15.512] [INFO] Y轴开始移动，脉冲数14850
[2026 01 09 17:09:18.050] [INFO] Y轴移动结束, result = True, 用时:2538.0777
[2026 01 09 17:09:18.052] [INFO] X轴开始移动，脉冲数1650
[2026 01 09 17:09:19.195] [INFO] X轴移动结束, 用时:1143.1888
[2026 01 09 17:09:19.307] [INFO] 发送 : AA 05 02 01 FF FF FF FF 55 03
[2026 01 09 17:09:19.333] [INFO] 收到 : AA 05 02 01 FF FF FF FF 55 03
[2026 01 09 17:09:19.334] [INFO] 开始Z前复位
[2026 01 09 17:09:19.435] [INFO] 发送 : AA 05 02 00 FF FF FF FF 55 02
[2026 01 09 17:09:19.461] [INFO] 收到 : AA 05 02 00 FF FF FF FF 55 02
[2026 01 09 17:09:19.562] [INFO] 发送 : AA 05 05 00 FF FF FF FF 55 05
[2026 01 09 17:09:19.588] [INFO] 收到 : AA 05 05 00 FF FF FF FF 55 05
[2026 01 09 17:09:19.704] [INFO] 发送 : AA 16 4E 20 01 1E 17 FF 55 B8
[2026 01 09 17:09:19.729] [INFO] 收到 : AA 16 4E 20 01 1E 17 FF 55 B8
[2026 01 09 17:09:20.179] [INFO] 发送 : AA 05 02 01 FF FF FF FF 55 03
[2026 01 09 17:09:20.205] [INFO] 收到 : AA 05 02 01 FF FF FF FF 55 03
[2026 01 09 17:09:21.095] [INFO] 发送 : AA 05 02 00 FF FF FF FF 55 02
[2026 01 09 17:09:21.121] [INFO] 收到 : AA 05 02 00 FF FF FF FF 55 02
[2026 01 09 17:09:21.839] [INFO] 发送 : AA 05 02 01 FF FF FF FF 55 03
[2026 01 09 17:09:21.865] [INFO] 收到 : AA 05 02 01 FF FF FF FF 55 03
[2026 01 09 17:09:22.706] [INFO] 发送 : AA 05 02 00 FF FF FF FF 55 02
[2026 01 09 17:09:22.733] [INFO] 收到 : AA 05 02 00 FF FF FF FF 55 02
[2026 01 09 17:09:22.848] [INFO] 发送 : AA 05 05 01 FF FF FF FF 55 06
[2026 01 09 17:09:22.874] [INFO] 收到 : AA 05 05 01 FF FF FF FF 55 06
[2026 01 09 17:09:22.874] [INFO] Z前复位结束, result = True, 用时:3540.5376
[2026 01 09 17:09:22.876] [INFO] 夹具1控制:松开, 脉冲数:2000
[2026 01 09 17:09:23.102] [INFO] 发送 : AA 05 06 00 FF FF FF FF 55 06
[2026 01 09 17:09:23.128] [INFO] 收到 : AA 05 06 00 FF FF FF FF 55 06
[2026 01 09 17:09:23.357] [INFO] 发送 : AA 05 05 00 FF FF FF FF 55 05
[2026 01 09 17:09:23.383] [INFO] 收到 : AA 05 05 00 FF FF FF FF 55 05
[2026 01 09 17:09:23.484] [INFO] 发送 : AA 05 02 01 FF FF FF FF 55 03
[2026 01 09 17:09:23.518] [INFO] 收到 : AA 05 02 01 FF FF FF FF 55 03
[2026 01 09 17:09:23.627] [INFO] 发送 : AA 12 07 D0 01 1E 00 00 55 07
[2026 01 09 17:09:23.652] [INFO] 收到 : AA 12 07 D0 01 1E 00 00 55 07
[2026 01 09 17:09:24.137] [INFO] 发送 : AA 05 02 00 FF FF FF FF 55 02
[2026 01 09 17:09:24.163] [INFO] 收到 : AA 05 02 00 FF FF FF FF 55 02
[2026 01 09 17:09:24.264] [INFO] 发送 : AA 0C 00 00 00 00 00 00 55 0B
[2026 01 09 17:09:24.290] [INFO] 收到 : AA 0C 00 01 00 00 00 00 55 0C
[2026 01 09 17:09:24.916] [INFO] 发送 : AA 05 02 01 FF FF FF FF 55 03
[2026 01 09 17:09:24.942] [INFO] 收到 : AA 05 02 01 FF FF FF FF 55 03
[2026 01 09 17:09:25.043] [INFO] 发送 : AA 0C 00 00 00 00 00 00 55 0B
[2026 01 09 17:09:25.069] [INFO] 收到 : AA 0C 00 01 00 00 00 00 55 0C
[2026 01 09 17:09:25.487] [INFO] 发送 : AA 0C 00 00 00 00 00 00 55 0B
[2026 01 09 17:09:25.513] [INFO] 收到 : AA 0C 00 00 00 00 00 00 55 0B
[2026 01 09 17:09:25.614] [INFO] 发送 : AA 05 02 00 FF FF FF FF 55 02
[2026 01 09 17:09:25.640] [INFO] 收到 : AA 05 02 00 FF FF FF FF 55 02
[2026 01 09 17:09:25.742] [INFO] 发送 : AA 05 06 01 FF FF FF FF 55 07
[2026 01 09 17:09:25.769] [INFO] 收到 : AA 05 06 01 FF FF FF FF 55 07
[2026 01 09 17:09:26.024] [INFO] 发送 : AA 05 05 01 FF FF FF FF 55 06
[2026 01 09 17:09:26.050] [INFO] 收到 : AA 05 05 01 FF FF FF FF 55 06
[2026 01 09 17:09:26.051] [INFO] 夹具1控制结束, result = True, 用时:3174.6635
[2026 01 09 17:09:26.053] [INFO] 开始Z轴补偿:后, 脉冲数:500
[2026 01 09 17:09:26.168] [INFO] 发送 : AA 05 05 00 FF FF FF FF 55 05
[2026 01 09 17:09:26.194] [INFO] 收到 : AA 05 05 00 FF FF FF FF 55 05
[2026 01 09 17:09:26.310] [INFO] 发送 : AA 05 02 01 FF FF FF FF 55 03
[2026 01 09 17:09:26.336] [INFO] 收到 : AA 05 02 01 FF FF FF FF 55 03
[2026 01 09 17:09:26.437] [INFO] 发送 : AA 08 01 F4 00 1E 00 00 55 1A
[2026 01 09 17:09:26.462] [INFO] 收到 : AA 08 01 F4 00 1E 00 00 55 1A
[2026 01 09 17:09:26.692] [INFO] 发送 : AA 0C 00 00 00 00 00 00 55 0B
[2026 01 09 17:09:26.718] [INFO] 收到 : AA 0C 01 00 00 00 00 00 55 0C
[2026 01 09 17:09:27.074] [INFO] 发送 : AA 0C 00 00 00 00 00 00 55 0B
[2026 01 09 17:09:27.100] [INFO] 收到 : AA 0C 01 00 00 00 00 00 55 0C
[2026 01 09 17:09:27.200] [INFO] 发送 : AA 05 02 00 FF FF FF FF 55 02
[2026 01 09 17:09:27.226] [INFO] 收到 : AA 05 02 00 FF FF FF FF 55 02
[2026 01 09 17:09:27.454] [INFO] 发送 : AA 0C 00 00 00 00 00 00 55 0B
[2026 01 09 17:09:27.480] [INFO] 收到 : AA 0C 00 00 00 00 00 00 55 0B
[2026 01 09 17:09:27.594] [INFO] 发送 : AA 05 05 01 FF FF FF FF 55 06
[2026 01 09 17:09:27.620] [INFO] 收到 : AA 05 05 01 FF FF FF FF 55 06
[2026 01 09 17:09:27.621] [INFO] Z轴补偿结束, result = True, 用时:1567.3323
[2026 01 09 17:09:27.623] [INFO] Y轴开始移动，脉冲数 800
[2026 01 09 17:09:27.847] [INFO] 发送 : AA 05 02 01 FF FF FF FF 55 03
[2026 01 09 17:09:27.873] [INFO] 收到 : AA 05 02 01 FF FF FF FF 55 03
[2026 01 09 17:09:28.388] [INFO] Y轴移动结束, result = True, 用时:765.3363
[2026 01 09 17:09:28.389] [INFO] 出货结束, result = True, 用时:26020.0122
[2026 01 09 17:09:28.500] [INFO] 发送 : AA 05 02 00 FF FF FF FF 55 02
[2026 01 09 17:09:28.516] [INFO] Z轴复位开始
[2026 01 09 17:09:28.526] [INFO] 收到 : AA 05 02 00 FF FF FF FF 55 02
[2026 01 09 17:09:28.897] [INFO] 夹具2控制:夹紧
[2026 01 09 17:09:29.565] [INFO] 发送 : AA 05 04 00 FF FF FF FF 55 04
[2026 01 09 17:09:29.590] [INFO] 收到 : AA 05 04 00 FF FF FF FF 55 04
[2026 01 09 17:09:29.593] [INFO] 夹具2控制结束, result = True, 用时:696.1118
[2026 01 09 17:09:29.692] [INFO] 发送 : AA 05 02 01 FF FF FF FF 55 03
[2026 01 09 17:09:29.718] [INFO] 收到 : AA 05 02 01 FF FF FF FF 55 03
[2026 01 09 17:09:29.819] [INFO] 发送 : AA 05 05 00 FF FF FF FF 55 05
[2026 01 09 17:09:29.845] [INFO] 收到 : AA 05 05 00 FF FF FF FF 55 05
[2026 01 09 17:09:30.073] [INFO] 发送 : AA 16 4E 20 00 1E 18 FF 55 B8
[2026 01 09 17:09:30.099] [INFO] 收到 : AA 16 4E 20 00 1E 18 FF 55 B8
[2026 01 09 17:09:30.343] [INFO] 发送 : AA 05 02 00 FF FF FF FF 55 02
[2026 01 09 17:09:30.369] [INFO] 收到 : AA 05 02 00 FF FF FF FF 55 02
[2026 01 09 17:09:31.042] [INFO] 发送 : AA 05 02 01 FF FF FF FF 55 03
[2026 01 09 17:09:31.068] [INFO] 收到 : AA 05 02 01 FF FF FF FF 55 03
[2026 01 09 17:09:31.691] [INFO] 发送 : AA 05 02 00 FF FF FF FF 55 02
[2026 01 09 17:09:31.717] [INFO] 收到 : AA 05 02 00 FF FF FF FF 55 02
[2026 01 09 17:09:32.342] [INFO] 发送 : AA 05 02 01 FF FF FF FF 55 03
[2026 01 09 17:09:32.368] [INFO] 收到 : AA 05 02 01 FF FF FF FF 55 03
[2026 01 09 17:09:32.740] [INFO] 发送 : AA 05 05 01 FF FF FF FF 55 06
[2026 01 09 17:09:32.767] [INFO] 收到 : AA 05 05 01 FF FF FF FF 55 06
[2026 01 09 17:09:32.767] [INFO] Z轴复位结束
[2026 01 09 17:09:32.767] [INFO] 开始夹具1复位
[2026 01 09 17:09:32.868] [INFO] 发送 : AA 05 06 00 FF FF FF FF 55 06
[2026 01 09 17:09:32.894] [INFO] 收到 : AA 05 06 00 FF FF FF FF 55 06
[2026 01 09 17:09:33.010] [INFO] 发送 : AA 05 02 00 FF FF FF FF 55 02
[2026 01 09 17:09:33.036] [INFO] 收到 : AA 05 02 00 FF FF FF FF 55 02
[2026 01 09 17:09:33.518] [INFO] 发送 : AA 18 27 10 00 1E 02 00 55 6E
[2026 01 09 17:09:33.544] [INFO] 收到 : AA 18 27 10 00 1E 02 00 55 6E
[2026 01 09 17:09:33.773] [INFO] 发送 : AA 0C 00 00 00 00 00 00 55 0B
[2026 01 09 17:09:33.799] [INFO] 收到 : AA 0C 00 01 00 00 00 00 55 0C
[2026 01 09 17:09:33.800] [INFO] 电机2运动状态：True
[2026 01 09 17:09:33.900] [INFO] 发送 : AA 05 02 01 FF FF FF FF 55 03
[2026 01 09 17:09:33.925] [INFO] 收到 : AA 05 02 01 FF FF FF FF 55 03
[2026 01 09 17:09:35.008] [INFO] 发送 : AA 05 06 01 FF FF FF FF 55 07
[2026 01 09 17:09:35.034] [INFO] 收到 : AA 05 06 01 FF FF FF FF 55 07
[2026 01 09 17:09:35.035] [INFO] 夹具1复位结束, result = True, 用时:2267.5932
[2026 01 09 17:09:35.035] [INFO] X轴复位开始
[2026 01 09 17:09:40.786] [INFO] X轴复位结束
[2026 01 09 17:09:40.786] [INFO] Y轴复位开始
[2026 01 09 17:09:45.301] [INFO] Y轴复位结束
[2026 01 09 17:09:45.309] [INFO] Y轴开始移动，脉冲数10000
[2026 01 09 17:09:47.458] [INFO] Y轴移动结束, result = True, 用时:2148.456
[2026 01 09 17:09:47.458] [INFO] X轴开始移动，脉冲数4400
[2026 01 09 17:09:48.906] [INFO] X轴移动结束, 用时:1447.6651
[2026 01 09 17:09:48.906] [INFO] 1点位移动完成
[2026 01 09 17:09:48.907] [INFO] 开始取底托
[2026 01 09 17:09:48.907] [INFO] 开始夹具1复位
[2026 01 09 17:09:49.016] [INFO] 发送 : AA 05 06 00 FF FF FF FF 55 06
[2026 01 09 17:09:49.042] [INFO] 收到 : AA 05 06 00 FF FF FF FF 55 06
[2026 01 09 17:09:49.664] [INFO] 发送 : AA 18 27 10 00 1E 02 00 55 6E
[2026 01 09 17:09:49.690] [INFO] 收到 : AA 18 27 10 00 1E 02 00 55 6E
[2026 01 09 17:09:49.918] [INFO] 发送 : AA 0C 00 00 00 00 00 00 55 0B
[2026 01 09 17:09:49.944] [INFO] 收到 : AA 0C 00 00 00 00 00 00 55 0B
[2026 01 09 17:09:49.944] [INFO] 电机2运动状态：False
[2026 01 09 17:09:50.581] [INFO] 发送 : AA 05 06 01 FF FF FF FF 55 07
[2026 01 09 17:09:50.607] [INFO] 收到 : AA 05 06 01 FF FF FF FF 55 07
[2026 01 09 17:09:50.608] [INFO] 夹具1复位结束, result = True, 用时:1700.6151
[2026 01 09 17:09:50.609] [INFO] 开始抓取操作，上抬脉冲数:530
[2026 01 09 17:09:50.610] [INFO] 开始Z前复位
[2026 01 09 17:09:50.721] [INFO] 发送 : AA 05 05 00 FF FF FF FF 55 05
[2026 01 09 17:09:50.747] [INFO] 收到 : AA 05 05 00 FF FF FF FF 55 05
[2026 01 09 17:09:50.864] [INFO] 发送 : AA 16 4E 20 01 1E 17 FF 55 B8
[2026 01 09 17:09:50.890] [INFO] 收到 : AA 16 4E 20 01 1E 17 FF 55 B8
[2026 01 09 17:09:51.624] [INFO] 夹具1控制:松开, 脉冲数:3100
[2026 01 09 17:09:52.380] [INFO] 发送 : AA 05 06 00 FF FF FF FF 55 06
[2026 01 09 17:09:52.406] [INFO] 收到 : AA 05 06 00 FF FF FF FF 55 06
[2026 01 09 17:09:52.919] [INFO] 发送 : AA 05 05 00 FF FF FF FF 55 05
[2026 01 09 17:09:52.945] [INFO] 收到 : AA 05 05 00 FF FF FF FF 55 05
[2026 01 09 17:09:53.314] [INFO] 发送 : AA 12 0C 1C 01 1E 00 00 55 58
[2026 01 09 17:09:53.340] [INFO] 收到 : AA 12 0C 1C 01 1E 00 00 55 58
[2026 01 09 17:09:53.836] [INFO] 发送 : AA 05 05 01 FF FF FF FF 55 06
[2026 01 09 17:09:53.862] [INFO] 收到 : AA 05 05 01 FF FF FF FF 55 06
[2026 01 09 17:09:53.862] [INFO] Z前复位结束, result = True, 用时:3252.1908
[2026 01 09 17:09:53.863] [INFO] 开始Z轴补偿:后, 脉冲数:0
[2026 01 09 17:09:53.962] [INFO] 发送 : AA 0C 00 00 00 00 00 00 55 0B
[2026 01 09 17:09:53.988] [INFO] 收到 : AA 0C 00 01 00 00 00 00 55 0C
[2026 01 09 17:09:54.104] [INFO] 发送 : AA 05 05 00 FF FF FF FF 55 05
[2026 01 09 17:09:54.130] [INFO] 收到 : AA 05 05 00 FF FF FF FF 55 05
[2026 01 09 17:09:54.242] [INFO] 发送 : AA 08 00 00 00 1E 00 00 55 25
[2026 01 09 17:09:54.268] [INFO] 收到 : AA 08 00 00 00 1E 00 00 55 25
[2026 01 09 17:09:54.400] [INFO] 发送 : AA 0C 00 00 00 00 00 00 55 0B
[2026 01 09 17:09:54.426] [INFO] 收到 : AA 0C 00 01 00 00 00 00 55 0C
[2026 01 09 17:09:54.527] [INFO] 发送 : AA 0C 00 00 00 00 00 00 55 0B
[2026 01 09 17:09:54.553] [INFO] 收到 : AA 0C 00 01 00 00 00 00 55 0C
[2026 01 09 17:09:54.668] [INFO] 发送 : AA 05 05 01 FF FF FF FF 55 06
[2026 01 09 17:09:54.695] [INFO] 收到 : AA 05 05 01 FF FF FF FF 55 06
[2026 01 09 17:09:54.695] [INFO] Z轴补偿结束, result = True, 用时:832.2428
[2026 01 09 17:09:54.930] [INFO] 发送 : AA 0C 00 00 00 00 00 00 55 0B
[2026 01 09 17:09:54.956] [INFO] 收到 : AA 0C 00 01 00 00 00 00 55 0C
[2026 01 09 17:09:55.457] [INFO] 发送 : AA 0C 00 00 00 00 00 00 55 0B
[2026 01 09 17:09:55.483] [INFO] 收到 : AA 0C 00 00 00 00 00 00 55 0B
[2026 01 09 17:09:55.599] [INFO] 发送 : AA 05 06 01 FF FF FF FF 55 07
[2026 01 09 17:09:55.626] [INFO] 收到 : AA 05 06 01 FF FF FF FF 55 07
[2026 01 09 17:09:55.741] [INFO] 发送 : AA 05 05 01 FF FF FF FF 55 06
[2026 01 09 17:09:55.767] [INFO] 收到 : AA 05 05 01 FF FF FF FF 55 06
[2026 01 09 17:09:55.768] [INFO] 夹具1控制结束, result = True, 用时:4143.237
[2026 01 09 17:09:55.768] [INFO] Y轴开始移动，脉冲数530
[2026 01 09 17:09:56.401] [INFO] Y轴移动结束, result = True, 用时:633.1334
[2026 01 09 17:09:56.404] [INFO] 夹具1控制:夹紧, 脉冲数:3100
[2026 01 09 17:09:56.512] [INFO] 发送 : AA 05 06 00 FF FF FF FF 55 06
[2026 01 09 17:09:56.538] [INFO] 收到 : AA 05 06 00 FF FF FF FF 55 06
[2026 01 09 17:09:56.779] [INFO] 发送 : AA 05 05 00 FF FF FF FF 55 05
[2026 01 09 17:09:56.806] [INFO] 收到 : AA 05 05 00 FF FF FF FF 55 05
[2026 01 09 17:09:57.048] [INFO] 发送 : AA 12 0A BE 00 1E 00 00 55 F7
[2026 01 09 17:09:57.076] [INFO] 收到 : AA 12 0A BE 00 1E 00 00 55 F7
[2026 01 09 17:09:57.787] [INFO] 发送 : AA 0C 00 00 00 00 00 00 55 0B
[2026 01 09 17:09:57.813] [INFO] 收到 : AA 0C 00 01 00 00 00 00 55 0C
[2026 01 09 17:09:58.224] [INFO] 发送 : AA 0C 00 00 00 00 00 00 55 0B
[2026 01 09 17:09:58.250] [INFO] 收到 : AA 0C 00 01 00 00 00 00 55 0C
[2026 01 09 17:09:58.668] [INFO] 发送 : AA 0C 00 00 00 00 00 00 55 0B
[2026 01 09 17:09:58.694] [INFO] 收到 : AA 0C 00 01 00 00 00 00 55 0C
[2026 01 09 17:09:59.190] [INFO] 发送 : AA 0C 00 00 00 00 00 00 55 0B
[2026 01 09 17:09:59.218] [INFO] 收到 : AA 0C 00 00 00 00 00 00 55 0B
[2026 01 09 17:09:59.330] [INFO] 发送 : AA 05 06 01 FF FF FF FF 55 07
[2026 01 09 17:09:59.357] [INFO] 收到 : AA 05 06 01 FF FF FF FF 55 07
[2026 01 09 17:09:59.473] [INFO] 发送 : AA 05 05 01 FF FF FF FF 55 06
[2026 01 09 17:09:59.499] [INFO] 收到 : AA 05 05 01 FF FF FF FF 55 06
[2026 01 09 17:09:59.499] [INFO] 夹具1控制结束, result = True, 用时:3095.178
[2026 01 09 17:09:59.500] [INFO] 抓取结束, result = True, 用时:8890.8891
[2026 01 09 17:09:59.500] [INFO] Z轴复位开始
[2026 01 09 17:09:59.756] [INFO] 发送 : AA 05 05 00 FF FF FF FF 55 05
[2026 01 09 17:09:59.781] [INFO] 收到 : AA 05 05 00 FF FF FF FF 55 05
[2026 01 09 17:09:59.897] [INFO] 发送 : AA 16 4E 20 00 1E 18 FF 55 B8
[2026 01 09 17:09:59.923] [INFO] 收到 : AA 16 4E 20 00 1E 18 FF 55 B8
[2026 01 09 17:10:02.854] [INFO] 发送 : AA 05 05 01 FF FF FF FF 55 06
[2026 01 09 17:10:02.880] [INFO] 收到 : AA 05 05 01 FF FF FF FF 55 06
[2026 01 09 17:10:02.880] [INFO] Z轴复位结束
[2026 01 09 17:10:02.881] [INFO] 取底托结束, result = True, 用时:13973.6606
[2026 01 09 17:10:02.881] [INFO] 取货完成
[2026 01 09 17:10:02.881] [INFO] 开始送入打印
[2026 01 09 17:10:02.882] [INFO] X轴开始移动，脉冲数15600
[2026 01 09 17:10:05.505] [INFO] X轴移动结束, 用时:2622.9794
[2026 01 09 17:10:05.505] [INFO] Y轴开始移动，脉冲数 9260
[2026 01 09 17:10:07.599] [INFO] Y轴移动结束, result = True, 用时:2093.267
[2026 01 09 17:10:07.599] [INFO] 夹具2控制:松开
[2026 01 09 17:10:07.900] [INFO] 发送 : AA 05 04 01 FF FF FF FF 55 05
[2026 01 09 17:10:07.926] [INFO] 收到 : AA 05 04 01 FF FF FF FF 55 05
[2026 01 09 17:10:07.927] [INFO] 夹具2控制结束, result = True, 用时:328.2112
[2026 01 09 17:10:07.927] [INFO] 开始Z前复位
[2026 01 09 17:10:08.175] [INFO] 发送 : AA 05 05 00 FF FF FF FF 55 05
[2026 01 09 17:10:08.201] [INFO] 收到 : AA 05 05 00 FF FF FF FF 55 05
[2026 01 09 17:10:08.438] [INFO] 发送 : AA 16 4E 20 01 1E 17 FF 55 B8
[2026 01 09 17:10:08.464] [INFO] 收到 : AA 16 4E 20 01 1E 17 FF 55 B8
[2026 01 09 17:10:11.153] [INFO] 发送 : AA 05 05 01 FF FF FF FF 55 06
[2026 01 09 17:10:11.179] [INFO] 收到 : AA 05 05 01 FF FF FF FF 55 06
[2026 01 09 17:10:11.179] [INFO] Z前复位结束, result = True, 用时:3251.4887
[2026 01 09 17:10:11.180] [INFO] 开始Z轴补偿:前, 脉冲数:500
[2026 01 09 17:10:11.410] [INFO] 发送 : AA 05 05 00 FF FF FF FF 55 05
[2026 01 09 17:10:11.436] [INFO] 收到 : AA 05 05 00 FF FF FF FF 55 05
[2026 01 09 17:10:11.677] [INFO] 发送 : AA 08 01 F4 01 1E 00 00 55 1B
[2026 01 09 17:10:11.703] [INFO] 收到 : AA 08 01 F4 01 1E 00 00 55 1B
[2026 01 09 17:10:12.073] [INFO] 发送 : AA 0C 00 00 00 00 00 00 55 0B
[2026 01 09 17:10:12.100] [INFO] 收到 : AA 0C 01 00 00 00 00 00 55 0C
[2026 01 09 17:10:12.327] [INFO] 发送 : AA 0C 00 00 00 00 00 00 55 0B
[2026 01 09 17:10:12.353] [INFO] 收到 : AA 0C 01 00 00 00 00 00 55 0C
[2026 01 09 17:10:12.564] [INFO] 发送 : AA 0C 00 00 00 00 00 00 55 0B
[2026 01 09 17:10:12.590] [INFO] 收到 : AA 0C 01 00 00 00 00 00 55 0C
[2026 01 09 17:10:12.802] [INFO] 发送 : AA 0C 00 00 00 00 00 00 55 0B
[2026 01 09 17:10:12.829] [INFO] 收到 : AA 0C 00 00 00 00 00 00 55 0B
[2026 01 09 17:10:12.946] [INFO] 发送 : AA 05 05 01 FF FF FF FF 55 06
[2026 01 09 17:10:12.972] [INFO] 收到 : AA 05 05 01 FF FF FF FF 55 06
[2026 01 09 17:10:12.972] [INFO] Z轴补偿结束, result = True, 用时:1792.0585
[2026 01 09 17:10:12.974] [INFO] 夹具1控制:松开, 脉冲数:2000
[2026 01 09 17:10:13.088] [INFO] 发送 : AA 05 06 00 FF FF FF FF 55 06
[2026 01 09 17:10:13.114] [INFO] 收到 : AA 05 06 00 FF FF FF FF 55 06
[2026 01 09 17:10:13.343] [INFO] 发送 : AA 05 05 00 FF FF FF FF 55 05
[2026 01 09 17:10:13.369] [INFO] 收到 : AA 05 05 00 FF FF FF FF 55 05
[2026 01 09 17:10:13.725] [INFO] 发送 : AA 12 07 D0 01 1E 00 00 55 07
[2026 01 09 17:10:13.751] [INFO] 收到 : AA 12 07 D0 01 1E 00 00 55 07
[2026 01 09 17:10:14.372] [INFO] 发送 : AA 0C 00 00 00 00 00 00 55 0B
[2026 01 09 17:10:14.398] [INFO] 收到 : AA 0C 00 01 00 00 00 00 55 0C
[2026 01 09 17:10:14.815] [INFO] 发送 : AA 0C 00 00 00 00 00 00 55 0B
[2026 01 09 17:10:14.841] [INFO] 收到 : AA 0C 00 01 00 00 00 00 55 0C
[2026 01 09 17:10:15.306] [INFO] 发送 : AA 0C 00 00 00 00 00 00 55 0B
[2026 01 09 17:10:15.332] [INFO] 收到 : AA 0C 00 01 00 00 00 00 55 0C
[2026 01 09 17:10:15.815] [INFO] 发送 : AA 0C 00 00 00 00 00 00 55 0B
[2026 01 09 17:10:15.841] [INFO] 收到 : AA 0C 00 00 00 00 00 00 55 0B
[2026 01 09 17:10:15.959] [INFO] 发送 : AA 05 06 01 FF FF FF FF 55 07
[2026 01 09 17:10:15.985] [INFO] 收到 : AA 05 06 01 FF FF FF FF 55 07
[2026 01 09 17:10:16.086] [INFO] 发送 : AA 05 05 01 FF FF FF FF 55 06
[2026 01 09 17:10:16.112] [INFO] 收到 : AA 05 05 01 FF FF FF FF 55 06
[2026 01 09 17:10:16.112] [INFO] 夹具1控制结束, result = True, 用时:3138.1537
[2026 01 09 17:10:16.114] [INFO] Y轴开始移动，脉冲数 600
[2026 01 09 17:10:16.782] [INFO] Y轴移动结束, result = True, 用时:668.261
[2026 01 09 17:10:16.783] [INFO] Z轴复位开始
[2026 01 09 17:10:17.291] [INFO] 开始夹具1复位
[2026 01 09 17:10:19.627] [INFO] 发送 : AA 05 06 00 FF FF FF FF 55 06
[2026 01 09 17:10:19.653] [INFO] 收到 : AA 05 06 00 FF FF FF FF 55 06
[2026 01 09 17:10:19.754] [INFO] 发送 : AA 05 05 00 FF FF FF FF 55 05
[2026 01 09 17:10:19.780] [INFO] 收到 : AA 05 05 00 FF FF FF FF 55 05
[2026 01 09 17:10:20.152] [INFO] 发送 : AA 16 4E 20 00 1E 18 FF 55 B8
[2026 01 09 17:10:20.178] [INFO] 收到 : AA 16 4E 20 00 1E 18 FF 55 B8
[2026 01 09 17:10:20.419] [INFO] 发送 : AA 18 27 10 00 1E 02 00 55 6E
[2026 01 09 17:10:20.445] [INFO] 收到 : AA 18 27 10 00 1E 02 00 55 6E
[2026 01 09 17:10:20.686] [INFO] 发送 : AA 0C 00 00 00 00 00 00 55 0B
[2026 01 09 17:10:20.712] [INFO] 收到 : AA 0C 01 01 00 00 00 00 55 0D
[2026 01 09 17:10:20.712] [INFO] 电机2运动状态：True
[2026 01 09 17:10:21.939] [INFO] 发送 : AA 05 06 01 FF FF FF FF 55 07
[2026 01 09 17:10:21.965] [INFO] 收到 : AA 05 06 01 FF FF FF FF 55 07
[2026 01 09 17:10:21.965] [INFO] 夹具1复位结束, result = True, 用时:4674.4885
[2026 01 09 17:10:23.224] [INFO] 发送 : AA 05 05 01 FF FF FF FF 55 06
[2026 01 09 17:10:23.249] [INFO] 收到 : AA 05 05 01 FF FF FF FF 55 06
[2026 01 09 17:10:23.250] [INFO] Z轴复位结束
[2026 01 09 17:10:23.250] [INFO] 夹具2控制:夹紧
[2026 01 09 17:10:23.365] [INFO] 发送 : AA 05 04 00 FF FF FF FF 55 04
[2026 01 09 17:10:23.392] [INFO] 收到 : AA 05 04 00 FF FF FF FF 55 04
[2026 01 09 17:10:23.394] [INFO] 夹具2控制结束, result = True, 用时:143.6071
[2026 01 09 17:10:23.395] [INFO] 送入打印结束, result = True, 用时:20513.7265
[2026 01 09 17:10:23.395] [INFO] 送料点移动完成
[2026 01 09 17:10:23.396] [INFO] 开始出货操作
[2026 01 09 17:10:23.396] [INFO] 夹具2控制:松开
[2026 01 09 17:10:23.634] [INFO] 发送 : AA 05 04 01 FF FF FF FF 55 05
[2026 01 09 17:10:23.661] [INFO] 收到 : AA 05 04 01 FF FF FF FF 55 05
[2026 01 09 17:10:23.662] [INFO] 夹具2控制结束, result = True, 用时:266.2117
[2026 01 09 17:10:23.663] [INFO] 开始出货操作，上抬脉冲数:600
[2026 01 09 17:10:23.663] [INFO] 开始Z前复位
[2026 01 09 17:10:23.888] [INFO] 发送 : AA 05 05 00 FF FF FF FF 55 05
[2026 01 09 17:10:23.914] [INFO] 收到 : AA 05 05 00 FF FF FF FF 55 05
[2026 01 09 17:10:24.144] [INFO] 发送 : AA 16 4E 20 01 1E 17 FF 55 B8
[2026 01 09 17:10:24.170] [INFO] 收到 : AA 16 4E 20 01 1E 17 FF 55 B8
[2026 01 09 17:10:24.668] [INFO] 夹具1控制:松开, 脉冲数:2000
[2026 01 09 17:10:24.873] [INFO] 发送 : AA 05 06 00 FF FF FF FF 55 06
[2026 01 09 17:10:24.899] [INFO] 收到 : AA 05 06 00 FF FF FF FF 55 06
[2026 01 09 17:10:25.126] [INFO] 发送 : AA 05 05 00 FF FF FF FF 55 05
[2026 01 09 17:10:25.152] [INFO] 收到 : AA 05 05 00 FF FF FF FF 55 05
[2026 01 09 17:10:25.505] [INFO] 发送 : AA 12 07 D0 01 1E 00 00 55 07
[2026 01 09 17:10:25.531] [INFO] 收到 : AA 12 07 D0 01 1E 00 00 55 07
[2026 01 09 17:10:26.313] [INFO] 发送 : AA 0C 00 00 00 00 00 00 55 0B
[2026 01 09 17:10:26.339] [INFO] 收到 : AA 0C 01 01 00 00 00 00 55 0D
[2026 01 09 17:10:26.758] [INFO] 发送 : AA 0C 00 00 00 00 00 00 55 0B
[2026 01 09 17:10:26.785] [INFO] 收到 : AA 0C 00 01 00 00 00 00 55 0C
[2026 01 09 17:10:27.169] [INFO] 发送 : AA 05 05 01 FF FF FF FF 55 06
[2026 01 09 17:10:27.200] [INFO] 收到 : AA 05 05 01 FF FF FF FF 55 06
[2026 01 09 17:10:27.200] [INFO] Z前复位结束, result = True, 用时:3536.7919
[2026 01 09 17:10:27.201] [INFO] 开始Z轴补偿:前, 脉冲数:380
[2026 01 09 17:10:27.309] [INFO] 发送 : AA 0C 00 00 00 00 00 00 55 0B
[2026 01 09 17:10:27.335] [INFO] 收到 : AA 0C 00 00 00 00 00 00 55 0B
[2026 01 09 17:10:27.436] [INFO] 发送 : AA 05 05 00 FF FF FF FF 55 05
[2026 01 09 17:10:27.462] [INFO] 收到 : AA 05 05 00 FF FF FF FF 55 05
[2026 01 09 17:10:27.564] [INFO] 发送 : AA 05 06 01 FF FF FF FF 55 07
[2026 01 09 17:10:27.590] [INFO] 收到 : AA 05 06 01 FF FF FF FF 55 07
[2026 01 09 17:10:27.705] [INFO] 发送 : AA 08 01 7C 01 1E 00 00 55 A3
[2026 01 09 17:10:27.731] [INFO] 收到 : AA 08 01 7C 01 1E 00 00 55 A3
[2026 01 09 17:10:27.960] [INFO] 发送 : AA 05 05 01 FF FF FF FF 55 06
[2026 01 09 17:10:27.986] [INFO] 收到 : AA 05 05 01 FF FF FF FF 55 06
[2026 01 09 17:10:27.986] [INFO] 夹具1控制结束, result = True, 用时:3317.7516
[2026 01 09 17:10:28.087] [INFO] 发送 : AA 0C 00 00 00 00 00 00 55 0B
[2026 01 09 17:10:28.113] [INFO] 收到 : AA 0C 01 00 00 00 00 00 55 0C
[2026 01 09 17:10:28.482] [INFO] 发送 : AA 0C 00 00 00 00 00 00 55 0B
[2026 01 09 17:10:28.508] [INFO] 收到 : AA 0C 00 00 00 00 00 00 55 0B
[2026 01 09 17:10:28.735] [INFO] 发送 : AA 05 05 01 FF FF FF FF 55 06
[2026 01 09 17:10:28.761] [INFO] 收到 : AA 05 05 01 FF FF FF FF 55 06
[2026 01 09 17:10:28.761] [INFO] Z轴补偿结束, result = True, 用时:1559.9372
[2026 01 09 17:10:28.761] [INFO] Y轴开始移动，脉冲数600
[2026 01 09 17:10:29.400] [INFO] Y轴移动结束, result = True, 用时:639.0731
[2026 01 09 17:10:29.402] [INFO] 夹具1控制:夹紧, 脉冲数:2000
[2026 01 09 17:10:29.511] [INFO] 发送 : AA 05 06 00 FF FF FF FF 55 06
[2026 01 09 17:10:29.537] [INFO] 收到 : AA 05 06 00 FF FF FF FF 55 06
[2026 01 09 17:10:29.638] [INFO] 发送 : AA 05 05 00 FF FF FF FF 55 05
[2026 01 09 17:10:29.664] [INFO] 收到 : AA 05 05 00 FF FF FF FF 55 05
[2026 01 09 17:10:29.781] [INFO] 发送 : AA 12 06 72 00 1E 00 00 55 A7
[2026 01 09 17:10:29.807] [INFO] 收到 : AA 12 06 72 00 1E 00 00 55 A7
[2026 01 09 17:10:30.683] [INFO] 发送 : AA 0C 00 00 00 00 00 00 55 0B
[2026 01 09 17:10:30.709] [INFO] 收到 : AA 0C 00 01 00 00 00 00 55 0C
[2026 01 09 17:10:31.125] [INFO] 发送 : AA 0C 00 00 00 00 00 00 55 0B
[2026 01 09 17:10:31.152] [INFO] 收到 : AA 0C 00 01 00 00 00 00 55 0C
[2026 01 09 17:10:31.570] [INFO] 发送 : AA 0C 00 00 00 00 00 00 55 0B
[2026 01 09 17:10:31.596] [INFO] 收到 : AA 0C 00 00 00 00 00 00 55 0B
[2026 01 09 17:10:31.825] [INFO] 发送 : AA 05 06 01 FF FF FF FF 55 07
[2026 01 09 17:10:31.851] [INFO] 收到 : AA 05 06 01 FF FF FF FF 55 07
[2026 01 09 17:10:32.079] [INFO] 发送 : AA 05 05 01 FF FF FF FF 55 06
[2026 01 09 17:10:32.105] [INFO] 收到 : AA 05 05 01 FF FF FF FF 55 06
[2026 01 09 17:10:32.105] [INFO] 夹具1控制结束, result = True, 用时:2702.3982
[2026 01 09 17:10:32.106] [INFO] 送料结束, result = True, 用时:8442.6803
[2026 01 09 17:10:32.106] [INFO] Z轴复位开始
[2026 01 09 17:10:32.588] [INFO] 发送 : AA 05 05 00 FF FF FF FF 55 05
[2026 01 09 17:10:32.615] [INFO] 收到 : AA 05 05 00 FF FF FF FF 55 05
[2026 01 09 17:10:32.730] [INFO] 发送 : AA 16 4E 20 00 1E 18 FF 55 B8
[2026 01 09 17:10:32.756] [INFO] 收到 : AA 16 4E 20 00 1E 18 FF 55 B8
[2026 01 09 17:10:36.089] [INFO] 发送 : AA 05 05 01 FF FF FF FF 55 06
[2026 01 09 17:10:36.115] [INFO] 收到 : AA 05 05 01 FF FF FF FF 55 06
[2026 01 09 17:10:36.115] [INFO] Z轴复位结束
[2026 01 09 17:10:36.116] [INFO] 夹具2控制:夹紧
[2026 01 09 17:10:36.349] [INFO] 发送 : AA 05 04 00 FF FF FF FF 55 04
[2026 01 09 17:10:36.375] [INFO] 收到 : AA 05 04 00 FF FF FF FF 55 04
[2026 01 09 17:10:36.378] [INFO] 夹具2控制结束, result = True, 用时:262.4647
[2026 01 09 17:10:36.380] [INFO] Y轴开始移动，脉冲数14850
[2026 01 09 17:10:38.946] [INFO] Y轴移动结束, result = True, 用时:2565.9852
[2026 01 09 17:10:38.948] [INFO] X轴开始移动，脉冲数1650
[2026 01 09 17:10:39.901] [INFO] X轴移动结束, 用时:952.187
[2026 01 09 17:10:40.076] [INFO] 发送 : AA 05 02 01 FF FF FF FF 55 03
[2026 01 09 17:10:40.102] [INFO] 收到 : AA 05 02 01 FF FF FF FF 55 03
[2026 01 09 17:10:40.102] [INFO] 开始Z前复位
[2026 01 09 17:10:40.204] [INFO] 发送 : AA 05 02 00 FF FF FF FF 55 02
[2026 01 09 17:10:40.230] [INFO] 收到 : AA 05 02 00 FF FF FF FF 55 02
[2026 01 09 17:10:40.345] [INFO] 发送 : AA 05 05 00 FF FF FF FF 55 05
[2026 01 09 17:10:40.371] [INFO] 收到 : AA 05 05 00 FF FF FF FF 55 05
[2026 01 09 17:10:40.487] [INFO] 发送 : AA 16 4E 20 01 1E 17 FF 55 B8
[2026 01 09 17:10:40.512] [INFO] 收到 : AA 16 4E 20 01 1E 17 FF 55 B8
[2026 01 09 17:10:40.978] [INFO] 发送 : AA 05 02 01 FF FF FF FF 55 03
[2026 01 09 17:10:41.004] [INFO] 收到 : AA 05 02 01 FF FF FF FF 55 03
[2026 01 09 17:10:41.757] [INFO] 发送 : AA 05 02 00 FF FF FF FF 55 02
[2026 01 09 17:10:41.783] [INFO] 收到 : AA 05 02 00 FF FF FF FF 55 02
[2026 01 09 17:10:42.405] [INFO] 发送 : AA 05 02 01 FF FF FF FF 55 03
[2026 01 09 17:10:42.431] [INFO] 收到 : AA 05 02 01 FF FF FF FF 55 03
[2026 01 09 17:10:43.150] [INFO] 发送 : AA 05 02 00 FF FF FF FF 55 02
[2026 01 09 17:10:43.176] [INFO] 收到 : AA 05 02 00 FF FF FF FF 55 02
[2026 01 09 17:10:43.530] [INFO] 发送 : AA 05 05 01 FF FF FF FF 55 06
[2026 01 09 17:10:43.556] [INFO] 收到 : AA 05 05 01 FF FF FF FF 55 06
[2026 01 09 17:10:43.557] [INFO] Z前复位结束, result = True, 用时:3454.7545
[2026 01 09 17:10:43.559] [INFO] 夹具1控制:松开, 脉冲数:2000
[2026 01 09 17:10:43.785] [INFO] 发送 : AA 05 06 00 FF FF FF FF 55 06
[2026 01 09 17:10:43.811] [INFO] 收到 : AA 05 06 00 FF FF FF FF 55 06
[2026 01 09 17:10:44.038] [INFO] 发送 : AA 05 02 01 FF FF FF FF 55 03
[2026 01 09 17:10:44.064] [INFO] 收到 : AA 05 02 01 FF FF FF FF 55 03
[2026 01 09 17:10:44.165] [INFO] 发送 : AA 05 05 00 FF FF FF FF 55 05
[2026 01 09 17:10:44.191] [INFO] 收到 : AA 05 05 00 FF FF FF FF 55 05
[2026 01 09 17:10:44.432] [INFO] 发送 : AA 12 07 D0 01 1E 00 00 55 07
[2026 01 09 17:10:44.458] [INFO] 收到 : AA 12 07 D0 01 1E 00 00 55 07
[2026 01 09 17:10:44.687] [INFO] 发送 : AA 05 02 00 FF FF FF FF 55 02
[2026 01 09 17:10:44.713] [INFO] 收到 : AA 05 02 00 FF FF FF FF 55 02
[2026 01 09 17:10:45.083] [INFO] 发送 : AA 0C 00 00 00 00 00 00 55 0B
[2026 01 09 17:10:45.109] [INFO] 收到 : AA 0C 00 01 00 00 00 00 55 0C
[2026 01 09 17:10:45.338] [INFO] 发送 : AA 05 02 01 FF FF FF FF 55 03
[2026 01 09 17:10:45.364] [INFO] 收到 : AA 05 02 01 FF FF FF FF 55 03
[2026 01 09 17:10:45.606] [INFO] 发送 : AA 0C 00 00 00 00 00 00 55 0B
[2026 01 09 17:10:45.632] [INFO] 收到 : AA 0C 00 01 00 00 00 00 55 0C
[2026 01 09 17:10:46.115] [INFO] 发送 : AA 05 02 00 FF FF FF FF 55 02
[2026 01 09 17:10:46.141] [INFO] 收到 : AA 05 02 00 FF FF FF FF 55 02
[2026 01 09 17:10:46.241] [INFO] 发送 : AA 0C 00 00 00 00 00 00 55 0B
[2026 01 09 17:10:46.267] [INFO] 收到 : AA 0C 00 00 00 00 00 00 55 0B
[2026 01 09 17:10:46.384] [INFO] 发送 : AA 05 06 01 FF FF FF FF 55 07
[2026 01 09 17:10:46.410] [INFO] 收到 : AA 05 06 01 FF FF FF FF 55 07
[2026 01 09 17:10:46.653] [INFO] 发送 : AA 05 05 01 FF FF FF FF 55 06
[2026 01 09 17:10:46.679] [INFO] 收到 : AA 05 05 01 FF FF FF FF 55 06
[2026 01 09 17:10:46.679] [INFO] 夹具1控制结束, result = True, 用时:3120.6865
[2026 01 09 17:10:46.681] [INFO] 开始Z轴补偿:后, 脉冲数:500
[2026 01 09 17:10:46.779] [INFO] 发送 : AA 05 02 01 FF FF FF FF 55 03
[2026 01 09 17:10:46.805] [INFO] 收到 : AA 05 02 01 FF FF FF FF 55 03
[2026 01 09 17:10:46.906] [INFO] 发送 : AA 05 05 00 FF FF FF FF 55 05
[2026 01 09 17:10:46.932] [INFO] 收到 : AA 05 05 00 FF FF FF FF 55 05
[2026 01 09 17:10:47.048] [INFO] 发送 : AA 08 01 F4 00 1E 00 00 55 1A
[2026 01 09 17:10:47.074] [INFO] 收到 : AA 08 01 F4 00 1E 00 00 55 1A
[2026 01 09 17:10:47.302] [INFO] 发送 : AA 0C 00 00 00 00 00 00 55 0B
[2026 01 09 17:10:47.328] [INFO] 收到 : AA 0C 01 00 00 00 00 00 55 0C
[2026 01 09 17:10:47.429] [INFO] 发送 : AA 05 02 00 FF FF FF FF 55 02
[2026 01 09 17:10:47.455] [INFO] 收到 : AA 05 02 00 FF FF FF FF 55 02
[2026 01 09 17:10:47.684] [INFO] 发送 : AA 0C 00 00 00 00 00 00 55 0B
[2026 01 09 17:10:47.710] [INFO] 收到 : AA 0C 01 00 00 00 00 00 55 0C
[2026 01 09 17:10:48.065] [INFO] 发送 : AA 0C 00 00 00 00 00 00 55 0B
[2026 01 09 17:10:48.091] [INFO] 收到 : AA 0C 00 00 00 00 00 00 55 0B
[2026 01 09 17:10:48.192] [INFO] 发送 : AA 05 02 01 FF FF FF FF 55 03
[2026 01 09 17:10:48.218] [INFO] 收到 : AA 05 02 01 FF FF FF FF 55 03
[2026 01 09 17:10:48.318] [INFO] 发送 : AA 05 05 01 FF FF FF FF 55 06
[2026 01 09 17:10:48.344] [INFO] 收到 : AA 05 05 01 FF FF FF FF 55 06
[2026 01 09 17:10:48.344] [INFO] Z轴补偿结束, result = True, 用时:1663.3098
[2026 01 09 17:10:48.345] [INFO] Y轴开始移动，脉冲数 800
[2026 01 09 17:10:48.842] [INFO] 发送 : AA 05 02 00 FF FF FF FF 55 02
[2026 01 09 17:10:48.868] [INFO] 收到 : AA 05 02 00 FF FF FF FF 55 02
[2026 01 09 17:10:49.094] [INFO] Y轴移动结束, result = True, 用时:748.9338
[2026 01 09 17:10:49.098] [INFO] 出货结束, result = True, 用时:25701.6538
[2026 01 09 17:10:49.285] [INFO] Z轴复位开始
[2026 01 09 17:10:49.602] [INFO] 夹具2控制:夹紧
[2026 01 09 17:10:51.251] [INFO] 发送 : AA 05 02 01 FF FF FF FF 55 03
[2026 01 09 17:10:51.277] [INFO] 收到 : AA 05 02 01 FF FF FF FF 55 03
[2026 01 09 17:10:51.381] [INFO] 发送 : AA 05 04 00 FF FF FF FF 55 04
[2026 01 09 17:10:51.407] [INFO] 收到 : AA 05 04 00 FF FF FF FF 55 04
[2026 01 09 17:10:51.409] [INFO] 夹具2控制结束, result = True, 用时:1807.7846
[2026 01 09 17:10:51.507] [INFO] 发送 : AA 05 05 00 FF FF FF FF 55 05
[2026 01 09 17:10:51.533] [INFO] 收到 : AA 05 05 00 FF FF FF FF 55 05
[2026 01 09 17:10:51.761] [INFO] 发送 : AA 16 4E 20 00 1E 18 FF 55 B8
[2026 01 09 17:10:51.787] [INFO] 收到 : AA 16 4E 20 00 1E 18 FF 55 B8
[2026 01 09 17:10:52.141] [INFO] 发送 : AA 05 02 00 FF FF FF FF 55 02
[2026 01 09 17:10:52.167] [INFO] 收到 : AA 05 02 00 FF FF FF FF 55 02
[2026 01 09 17:10:52.838] [INFO] 发送 : AA 05 02 01 FF FF FF FF 55 03
[2026 01 09 17:10:52.864] [INFO] 收到 : AA 05 02 01 FF FF FF FF 55 03
[2026 01 09 17:10:53.490] [INFO] 发送 : AA 05 02 00 FF FF FF FF 55 02
[2026 01 09 17:10:53.516] [INFO] 收到 : AA 05 02 00 FF FF FF FF 55 02
[2026 01 09 17:10:54.138] [INFO] 发送 : AA 05 02 01 FF FF FF FF 55 03
[2026 01 09 17:10:54.164] [INFO] 收到 : AA 05 02 01 FF FF FF FF 55 03
[2026 01 09 17:10:54.520] [INFO] 发送 : AA 05 05 01 FF FF FF FF 55 06
[2026 01 09 17:10:54.545] [INFO] 收到 : AA 05 05 01 FF FF FF FF 55 06
[2026 01 09 17:10:54.545] [INFO] Z轴复位结束
[2026 01 09 17:10:54.546] [INFO] 开始夹具1复位
[2026 01 09 17:10:54.647] [INFO] 发送 : AA 05 06 00 FF FF FF FF 55 06
[2026 01 09 17:10:54.673] [INFO] 收到 : AA 05 06 00 FF FF FF FF 55 06
[2026 01 09 17:10:54.790] [INFO] 发送 : AA 05 02 00 FF FF FF FF 55 02
[2026 01 09 17:10:54.823] [INFO] 收到 : AA 05 02 00 FF FF FF FF 55 02
[2026 01 09 17:10:55.313] [INFO] 发送 : AA 18 27 10 00 1E 02 00 55 6E
[2026 01 09 17:10:55.340] [INFO] 收到 : AA 18 27 10 00 1E 02 00 55 6E
[2026 01 09 17:10:55.440] [INFO] 发送 : AA 05 02 01 FF FF FF FF 55 03
[2026 01 09 17:10:55.466] [INFO] 收到 : AA 05 02 01 FF FF FF FF 55 03
[2026 01 09 17:10:55.694] [INFO] 发送 : AA 0C 00 00 00 00 00 00 55 0B
[2026 01 09 17:10:55.720] [INFO] 收到 : AA 0C 00 01 00 00 00 00 55 0C
[2026 01 09 17:10:55.720] [INFO] 电机2运动状态：True
[2026 01 09 17:10:56.799] [INFO] 发送 : AA 05 06 01 FF FF FF FF 55 07
[2026 01 09 17:10:56.825] [INFO] 收到 : AA 05 06 01 FF FF FF FF 55 07
[2026 01 09 17:10:56.825] [INFO] 夹具1复位结束, result = True, 用时:2279.5508
[2026 01 09 17:10:56.825] [INFO] X轴复位开始
[2026 01 09 17:11:02.517] [INFO] X轴复位结束
[2026 01 09 17:11:02.517] [INFO] Y轴复位开始
[2026 01 09 17:11:07.004] [INFO] Y轴复位结束
[2026 01 09 17:11:07.012] [INFO] Y轴开始移动，脉冲数10000
[2026 01 09 17:11:09.161] [INFO] Y轴移动结束, result = True, 用时:2148.5423
[2026 01 09 17:11:09.162] [INFO] X轴开始移动，脉冲数4400
[2026 01 09 17:11:10.674] [INFO] X轴移动结束, 用时:1512.2839
[2026 01 09 17:11:10.674] [INFO] 1点位移动完成
[2026 01 09 17:11:10.675] [INFO] 开始取底托
[2026 01 09 17:11:10.675] [INFO] 开始夹具1复位
[2026 01 09 17:11:10.786] [INFO] 发送 : AA 05 06 00 FF FF FF FF 55 06
[2026 01 09 17:11:10.812] [INFO] 收到 : AA 05 06 00 FF FF FF FF 55 06
[2026 01 09 17:11:11.542] [INFO] 发送 : AA 18 27 10 00 1E 02 00 55 6E
[2026 01 09 17:11:11.568] [INFO] 收到 : AA 18 27 10 00 1E 02 00 55 6E
[2026 01 09 17:11:11.796] [INFO] 发送 : AA 0C 00 00 00 00 00 00 55 0B
[2026 01 09 17:11:11.823] [INFO] 收到 : AA 0C 00 00 00 00 00 00 55 0B
[2026 01 09 17:11:11.823] [INFO] 电机2运动状态：False
[2026 01 09 17:11:12.442] [INFO] 发送 : AA 05 06 01 FF FF FF FF 55 07
[2026 01 09 17:11:12.468] [INFO] 收到 : AA 05 06 01 FF FF FF FF 55 07
[2026 01 09 17:11:12.468] [INFO] 夹具1复位结束, result = True, 用时:1793.1317
[2026 01 09 17:11:12.469] [INFO] 开始抓取操作，上抬脉冲数:530
[2026 01 09 17:11:12.469] [INFO] 开始Z前复位
[2026 01 09 17:11:12.726] [INFO] 发送 : AA 05 05 00 FF FF FF FF 55 05
[2026 01 09 17:11:12.752] [INFO] 收到 : AA 05 05 00 FF FF FF FF 55 05
[2026 01 09 17:11:12.869] [INFO] 发送 : AA 16 4E 20 01 1E 17 FF 55 B8
[2026 01 09 17:11:12.895] [INFO] 收到 : AA 16 4E 20 01 1E 17 FF 55 B8
[2026 01 09 17:11:13.485] [INFO] 夹具1控制:松开, 脉冲数:3100
[2026 01 09 17:11:13.723] [INFO] 发送 : AA 05 06 00 FF FF FF FF 55 06
[2026 01 09 17:11:13.749] [INFO] 收到 : AA 05 06 00 FF FF FF FF 55 06
[2026 01 09 17:11:14.131] [INFO] 发送 : AA 05 05 00 FF FF FF FF 55 05
[2026 01 09 17:11:14.157] [INFO] 收到 : AA 05 05 00 FF FF FF FF 55 05
[2026 01 09 17:11:14.524] [INFO] 发送 : AA 12 0C 1C 01 1E 00 00 55 58
[2026 01 09 17:11:14.550] [INFO] 收到 : AA 12 0C 1C 01 1E 00 00 55 58
[2026 01 09 17:11:15.278] [INFO] 发送 : AA 0C 00 00 00 00 00 00 55 0B
[2026 01 09 17:11:15.304] [INFO] 收到 : AA 0C 01 01 00 00 00 00 55 0D
[2026 01 09 17:11:15.814] [INFO] 发送 : AA 05 05 01 FF FF FF FF 55 06
[2026 01 09 17:11:15.841] [INFO] 收到 : AA 05 05 01 FF FF FF FF 55 06
[2026 01 09 17:11:15.841] [INFO] Z前复位结束, result = True, 用时:3371.5685
[2026 01 09 17:11:15.843] [INFO] 开始Z轴补偿:后, 脉冲数:0
[2026 01 09 17:11:15.941] [INFO] 发送 : AA 0C 00 00 00 00 00 00 55 0B
[2026 01 09 17:11:15.967] [INFO] 收到 : AA 0C 00 01 00 00 00 00 55 0C
[2026 01 09 17:11:16.209] [INFO] 发送 : AA 05 05 00 FF FF FF FF 55 05
[2026 01 09 17:11:16.235] [INFO] 收到 : AA 05 05 00 FF FF FF FF 55 05
[2026 01 09 17:11:16.477] [INFO] 发送 : AA 08 00 00 00 1E 00 00 55 25
[2026 01 09 17:11:16.503] [INFO] 收到 : AA 08 00 00 00 1E 00 00 55 25
[2026 01 09 17:11:16.604] [INFO] 发送 : AA 0C 00 00 00 00 00 00 55 0B
[2026 01 09 17:11:16.630] [INFO] 收到 : AA 0C 00 00 00 00 00 00 55 0B
[2026 01 09 17:11:16.874] [INFO] 发送 : AA 0C 00 00 00 00 00 00 55 0B
[2026 01 09 17:11:16.901] [INFO] 收到 : AA 0C 00 00 00 00 00 00 55 0B
[2026 01 09 17:11:17.013] [INFO] 发送 : AA 05 06 01 FF FF FF FF 55 07
[2026 01 09 17:11:17.039] [INFO] 收到 : AA 05 06 01 FF FF FF FF 55 07
[2026 01 09 17:11:17.141] [INFO] 发送 : AA 05 05 01 FF FF FF FF 55 06
[2026 01 09 17:11:17.167] [INFO] 收到 : AA 05 05 01 FF FF FF FF 55 06
[2026 01 09 17:11:17.168] [INFO] Z轴补偿结束, result = True, 用时:1324.7827
[2026 01 09 17:11:17.282] [INFO] 发送 : AA 05 05 01 FF FF FF FF 55 06
[2026 01 09 17:11:17.308] [INFO] 收到 : AA 05 05 01 FF FF FF FF 55 06
[2026 01 09 17:11:17.308] [INFO] 夹具1控制结束, result = True, 用时:3822.7143
[2026 01 09 17:11:17.308] [INFO] Y轴开始移动，脉冲数530
[2026 01 09 17:11:17.945] [INFO] Y轴移动结束, result = True, 用时:636.841
[2026 01 09 17:11:17.947] [INFO] 夹具1控制:夹紧, 脉冲数:3100
[2026 01 09 17:11:18.055] [INFO] 发送 : AA 05 06 00 FF FF FF FF 55 06
[2026 01 09 17:11:18.080] [INFO] 收到 : AA 05 06 00 FF FF FF FF 55 06
[2026 01 09 17:11:18.309] [INFO] 发送 : AA 05 05 00 FF FF FF FF 55 05
[2026 01 09 17:11:18.335] [INFO] 收到 : AA 05 05 00 FF FF FF FF 55 05
[2026 01 09 17:11:18.590] [INFO] 发送 : AA 12 0A BE 00 1E 00 00 55 F7
[2026 01 09 17:11:18.617] [INFO] 收到 : AA 12 0A BE 00 1E 00 00 55 F7
[2026 01 09 17:11:19.239] [INFO] 发送 : AA 0C 00 00 00 00 00 00 55 0B
[2026 01 09 17:11:19.265] [INFO] 收到 : AA 0C 00 01 00 00 00 00 55 0C
[2026 01 09 17:11:19.682] [INFO] 发送 : AA 0C 00 00 00 00 00 00 55 0B
[2026 01 09 17:11:19.708] [INFO] 收到 : AA 0C 00 01 00 00 00 00 55 0C
[2026 01 09 17:11:20.123] [INFO] 发送 : AA 0C 00 00 00 00 00 00 55 0B
[2026 01 09 17:11:20.149] [INFO] 收到 : AA 0C 00 01 00 00 00 00 55 0C
[2026 01 09 17:11:20.660] [INFO] 发送 : AA 0C 00 00 00 00 00 00 55 0B
[2026 01 09 17:11:20.686] [INFO] 收到 : AA 0C 00 00 00 00 00 00 55 0B
[2026 01 09 17:11:20.801] [INFO] 发送 : AA 05 06 01 FF FF FF FF 55 07
[2026 01 09 17:11:20.828] [INFO] 收到 : AA 05 06 01 FF FF FF FF 55 07
[2026 01 09 17:11:20.944] [INFO] 发送 : AA 05 05 01 FF FF FF FF 55 06
[2026 01 09 17:11:20.970] [INFO] 收到 : AA 05 05 01 FF FF FF FF 55 06
[2026 01 09 17:11:20.970] [INFO] 夹具1控制结束, result = True, 用时:3023.6383
[2026 01 09 17:11:20.975] [INFO] 抓取结束, result = True, 用时:8505.1069
[2026 01 09 17:11:20.975] [INFO] Z轴复位开始
[2026 01 09 17:11:21.213] [INFO] 发送 : AA 05 05 00 FF FF FF FF 55 05
[2026 01 09 17:11:21.239] [INFO] 收到 : AA 05 05 00 FF FF FF FF 55 05
[2026 01 09 17:11:21.354] [INFO] 发送 : AA 16 4E 20 00 1E 18 FF 55 B8
[2026 01 09 17:11:21.381] [INFO] 收到 : AA 16 4E 20 00 1E 18 FF 55 B8
[2026 01 09 17:11:24.185] [INFO] 发送 : AA 05 05 01 FF FF FF FF 55 06
[2026 01 09 17:11:24.211] [INFO] 收到 : AA 05 05 01 FF FF FF FF 55 06
[2026 01 09 17:11:24.211] [INFO] Z轴复位结束
[2026 01 09 17:11:24.213] [INFO] 取底托结束, result = True, 用时:13537.8897
[2026 01 09 17:11:24.213] [INFO] 取货完成
[2026 01 09 17:11:24.213] [INFO] 开始送入打印
[2026 01 09 17:11:24.214] [INFO] X轴开始移动，脉冲数15600
[2026 01 09 17:11:26.785] [INFO] X轴移动结束, 用时:2571.0726
[2026 01 09 17:11:26.788] [INFO] Y轴开始移动，脉冲数 9260
[2026 01 09 17:11:28.814] [INFO] Y轴移动结束, result = True, 用时:2026.4501
[2026 01 09 17:11:28.814] [INFO] 夹具2控制:松开
[2026 01 09 17:11:28.925] [INFO] 发送 : AA 05 04 01 FF FF FF FF 55 05
[2026 01 09 17:11:28.951] [INFO] 收到 : AA 05 04 01 FF FF FF FF 55 05
[2026 01 09 17:11:28.954] [INFO] 夹具2控制结束, result = True, 用时:139.2807
[2026 01 09 17:11:28.954] [INFO] 开始Z前复位
[2026 01 09 17:11:29.069] [INFO] 发送 : AA 05 05 00 FF FF FF FF 55 05
[2026 01 09 17:11:29.095] [INFO] 收到 : AA 05 05 00 FF FF FF FF 55 05
[2026 01 09 17:11:29.337] [INFO] 发送 : AA 16 4E 20 01 1E 17 FF 55 B8
[2026 01 09 17:11:29.363] [INFO] 收到 : AA 16 4E 20 01 1E 17 FF 55 B8
[2026 01 09 17:11:32.259] [INFO] 发送 : AA 05 05 01 FF FF FF FF 55 06
[2026 01 09 17:11:32.285] [INFO] 收到 : AA 05 05 01 FF FF FF FF 55 06
[2026 01 09 17:11:32.285] [INFO] Z前复位结束, result = True, 用时:3331.4252
[2026 01 09 17:11:32.287] [INFO] 开始Z轴补偿:前, 脉冲数:500
[2026 01 09 17:11:32.402] [INFO] 发送 : AA 05 05 00 FF FF FF FF 55 05
[2026 01 09 17:11:32.428] [INFO] 收到 : AA 05 05 00 FF FF FF FF 55 05
[2026 01 09 17:11:32.544] [INFO] 发送 : AA 08 01 F4 01 1E 00 00 55 1B
[2026 01 09 17:11:32.570] [INFO] 收到 : AA 08 01 F4 01 1E 00 00 55 1B
[2026 01 09 17:11:32.909] [INFO] 发送 : AA 0C 00 00 00 00 00 00 55 0B
[2026 01 09 17:11:32.935] [INFO] 收到 : AA 0C 01 00 00 00 00 00 55 0C
[2026 01 09 17:11:33.291] [INFO] 发送 : AA 0C 00 00 00 00 00 00 55 0B
[2026 01 09 17:11:33.316] [INFO] 收到 : AA 0C 01 00 00 00 00 00 55 0C
[2026 01 09 17:11:33.672] [INFO] 发送 : AA 0C 00 00 00 00 00 00 55 0B
[2026 01 09 17:11:33.698] [INFO] 收到 : AA 0C 00 00 00 00 00 00 55 0B
[2026 01 09 17:11:33.814] [INFO] 发送 : AA 05 05 01 FF FF FF FF 55 06
[2026 01 09 17:11:33.840] [INFO] 收到 : AA 05 05 01 FF FF FF FF 55 06
[2026 01 09 17:11:33.841] [INFO] Z轴补偿结束, result = True, 用时:1554.1249
[2026 01 09 17:11:33.843] [INFO] 夹具1控制:松开, 脉冲数:2000
[2026 01 09 17:11:33.958] [INFO] 发送 : AA 05 06 00 FF FF FF FF 55 06
[2026 01 09 17:11:33.983] [INFO] 收到 : AA 05 06 00 FF FF FF FF 55 06
[2026 01 09 17:11:34.085] [INFO] 发送 : AA 05 05 00 FF FF FF FF 55 05
[2026 01 09 17:11:34.111] [INFO] 收到 : AA 05 05 00 FF FF FF FF 55 05
[2026 01 09 17:11:34.229] [INFO] 发送 : AA 12 07 D0 01 1E 00 00 55 07
[2026 01 09 17:11:34.255] [INFO] 收到 : AA 12 07 D0 01 1E 00 00 55 07
[2026 01 09 17:11:34.878] [INFO] 发送 : AA 0C 00 00 00 00 00 00 55 0B
[2026 01 09 17:11:34.904] [INFO] 收到 : AA 0C 00 01 00 00 00 00 55 0C
[2026 01 09 17:11:35.412] [INFO] 发送 : AA 0C 00 00 00 00 00 00 55 0B
[2026 01 09 17:11:35.438] [INFO] 收到 : AA 0C 00 01 00 00 00 00 55 0C
[2026 01 09 17:11:35.856] [INFO] 发送 : AA 0C 00 00 00 00 00 00 55 0B
[2026 01 09 17:11:35.883] [INFO] 收到 : AA 0C 00 01 00 00 00 00 55 0C
[2026 01 09 17:11:36.301] [INFO] 发送 : AA 0C 00 00 00 00 00 00 55 0B
[2026 01 09 17:11:36.326] [INFO] 收到 : AA 0C 00 00 00 00 00 00 55 0B
[2026 01 09 17:11:36.443] [INFO] 发送 : AA 05 06 01 FF FF FF FF 55 07
[2026 01 09 17:11:36.469] [INFO] 收到 : AA 05 06 01 FF FF FF FF 55 07
[2026 01 09 17:11:36.713] [INFO] 发送 : AA 05 05 01 FF FF FF FF 55 06
[2026 01 09 17:11:36.740] [INFO] 收到 : AA 05 05 01 FF FF FF FF 55 06
[2026 01 09 17:11:36.740] [INFO] 夹具1控制结束, result = True, 用时:2897.3773
[2026 01 09 17:11:36.742] [INFO] Y轴开始移动，脉冲数 600
[2026 01 09 17:11:37.379] [INFO] Y轴移动结束, result = True, 用时:637.2159
[2026 01 09 17:11:37.380] [INFO] Z轴复位开始
[2026 01 09 17:11:37.617] [INFO] 发送 : AA 05 05 00 FF FF FF FF 55 05
[2026 01 09 17:11:37.644] [INFO] 收到 : AA 05 05 00 FF FF FF FF 55 05
[2026 01 09 17:11:37.759] [INFO] 发送 : AA 16 4E 20 00 1E 18 FF 55 B8
[2026 01 09 17:11:37.887] [INFO] 开始夹具1复位
[2026 01 09 17:11:38.652] [INFO] 收到 : AA 16 4E 20 00 1E 18 FF 55 B8
[2026 01 09 17:11:38.762] [INFO] 发送 : AA 05 06 00 FF FF FF FF 55 06
[2026 01 09 17:11:40.682] [INFO] 收到 : AA 05 06 00 FF FF FF FF 55 06
[2026 01 09 17:11:41.428] [INFO] 发送 : AA 18 27 10 00 1E 02 00 55 6E
[2026 01 09 17:11:41.454] [INFO] 收到 : AA 18 27 10 00 1E 02 00 55 6E
[2026 01 09 17:11:41.695] [INFO] 发送 : AA 05 05 01 FF FF FF FF 55 06
[2026 01 09 17:11:41.722] [INFO] 收到 : AA 05 05 01 FF FF FF FF 55 06
[2026 01 09 17:11:41.722] [INFO] Z轴复位结束
[2026 01 09 17:11:41.823] [INFO] 发送 : AA 0C 00 00 00 00 00 00 55 0B
[2026 01 09 17:11:41.849] [INFO] 收到 : AA 0C 00 01 00 00 00 00 55 0C
[2026 01 09 17:11:41.849] [INFO] 电机2运动状态：True
[2026 01 09 17:11:42.899] [INFO] 发送 : AA 05 06 01 FF FF FF FF 55 07
[2026 01 09 17:11:42.925] [INFO] 收到 : AA 05 06 01 FF FF FF FF 55 07
[2026 01 09 17:11:42.925] [INFO] 夹具1复位结束, result = True, 用时:5039.1219
[2026 01 09 17:11:42.926] [INFO] 夹具2控制:夹紧
[2026 01 09 17:11:43.041] [INFO] 发送 : AA 05 04 00 FF FF FF FF 55 04
[2026 01 09 17:11:43.067] [INFO] 收到 : AA 05 04 00 FF FF FF FF 55 04
[2026 01 09 17:11:43.069] [INFO] 夹具2控制结束, result = True, 用时:143.0131
[2026 01 09 17:11:43.070] [INFO] 送入打印结束, result = True, 用时:18856.4353
[2026 01 09 17:11:43.070] [INFO] 送料点移动完成
[2026 01 09 17:11:43.071] [INFO] 开始出货操作
[2026 01 09 17:11:43.071] [INFO] 夹具2控制:松开
[2026 01 09 17:11:43.296] [INFO] 发送 : AA 05 04 01 FF FF FF FF 55 05
[2026 01 09 17:11:43.322] [INFO] 收到 : AA 05 04 01 FF FF FF FF 55 05
[2026 01 09 17:11:43.325] [INFO] 夹具2控制结束, result = True, 用时:253.9644
[2026 01 09 17:11:43.327] [INFO] 开始出货操作，上抬脉冲数:600
[2026 01 09 17:11:43.328] [INFO] 开始Z前复位
[2026 01 09 17:11:43.550] [INFO] 发送 : AA 05 05 00 FF FF FF FF 55 05
[2026 01 09 17:11:43.575] [INFO] 收到 : AA 05 05 00 FF FF FF FF 55 05
[2026 01 09 17:11:43.805] [INFO] 发送 : AA 16 4E 20 01 1E 17 FF 55 B8
[2026 01 09 17:11:43.831] [INFO] 收到 : AA 16 4E 20 01 1E 17 FF 55 B8
[2026 01 09 17:11:44.344] [INFO] 夹具1控制:松开, 脉冲数:2000
[2026 01 09 17:11:44.518] [INFO] 发送 : AA 05 06 00 FF FF FF FF 55 06
[2026 01 09 17:11:44.544] [INFO] 收到 : AA 05 06 00 FF FF FF FF 55 06
[2026 01 09 17:11:44.773] [INFO] 发送 : AA 05 05 00 FF FF FF FF 55 05
[2026 01 09 17:11:44.799] [INFO] 收到 : AA 05 05 00 FF FF FF FF 55 05
[2026 01 09 17:11:45.028] [INFO] 发送 : AA 12 07 D0 01 1E 00 00 55 07
[2026 01 09 17:11:45.065] [INFO] 收到 : AA 12 07 D0 01 1E 00 00 55 07
[2026 01 09 17:11:45.819] [INFO] 发送 : AA 0C 00 00 00 00 00 00 55 0B
[2026 01 09 17:11:45.845] [INFO] 收到 : AA 0C 01 01 00 00 00 00 55 0D
[2026 01 09 17:11:46.371] [INFO] 发送 : AA 0C 00 00 00 00 00 00 55 0B
[2026 01 09 17:11:46.397] [INFO] 收到 : AA 0C 00 01 00 00 00 00 55 0C
[2026 01 09 17:11:46.781] [INFO] 发送 : AA 05 05 01 FF FF FF FF 55 06
[2026 01 09 17:11:46.807] [INFO] 收到 : AA 05 05 01 FF FF FF FF 55 06
[2026 01 09 17:11:46.807] [INFO] Z前复位结束, result = True, 用时:3479.3544
[2026 01 09 17:11:46.809] [INFO] 开始Z轴补偿:前, 脉冲数:380
[2026 01 09 17:11:46.907] [INFO] 发送 : AA 0C 00 00 00 00 00 00 55 0B
[2026 01 09 17:11:46.933] [INFO] 收到 : AA 0C 00 00 00 00 00 00 55 0B
[2026 01 09 17:11:47.034] [INFO] 发送 : AA 05 05 00 FF FF FF FF 55 05
[2026 01 09 17:11:47.061] [INFO] 收到 : AA 05 05 00 FF FF FF FF 55 05
[2026 01 09 17:11:47.175] [INFO] 发送 : AA 05 06 01 FF FF FF FF 55 07
[2026 01 09 17:11:47.206] [INFO] 收到 : AA 05 06 01 FF FF FF FF 55 07
[2026 01 09 17:11:47.444] [INFO] 发送 : AA 08 01 7C 01 1E 00 00 55 A3
[2026 01 09 17:11:47.470] [INFO] 收到 : AA 08 01 7C 01 1E 00 00 55 A3
[2026 01 09 17:11:47.572] [INFO] 发送 : AA 05 05 01 FF FF FF FF 55 06
[2026 01 09 17:11:47.598] [INFO] 收到 : AA 05 05 01 FF FF FF FF 55 06
[2026 01 09 17:11:47.598] [INFO] 夹具1控制结束, result = True, 用时:3253.9615
[2026 01 09 17:11:47.840] [INFO] 发送 : AA 0C 00 00 00 00 00 00 55 0B
[2026 01 09 17:11:47.866] [INFO] 收到 : AA 0C 01 00 00 00 00 00 55 0C
[2026 01 09 17:11:48.219] [INFO] 发送 : AA 0C 00 00 00 00 00 00 55 0B
[2026 01 09 17:11:48.245] [INFO] 收到 : AA 0C 00 00 00 00 00 00 55 0B
[2026 01 09 17:11:48.362] [INFO] 发送 : AA 05 05 01 FF FF FF FF 55 06
[2026 01 09 17:11:48.388] [INFO] 收到 : AA 05 05 01 FF FF FF FF 55 06
[2026 01 09 17:11:48.388] [INFO] Z轴补偿结束, result = True, 用时:1579.233
[2026 01 09 17:11:48.388] [INFO] Y轴开始移动，脉冲数600
[2026 01 09 17:11:49.026] [INFO] Y轴移动结束, result = True, 用时:637.7824
[2026 01 09 17:11:49.028] [INFO] 夹具1控制:夹紧, 脉冲数:2000
[2026 01 09 17:11:49.136] [INFO] 发送 : AA 05 06 00 FF FF FF FF 55 06
[2026 01 09 17:11:49.162] [INFO] 收到 : AA 05 06 00 FF FF FF FF 55 06
[2026 01 09 17:11:49.263] [INFO] 发送 : AA 05 05 00 FF FF FF FF 55 05
[2026 01 09 17:11:49.289] [INFO] 收到 : AA 05 05 00 FF FF FF FF 55 05
[2026 01 09 17:11:49.517] [INFO] 发送 : AA 12 06 72 00 1E 00 00 55 A7
[2026 01 09 17:11:49.543] [INFO] 收到 : AA 12 06 72 00 1E 00 00 55 A7
[2026 01 09 17:11:50.166] [INFO] 发送 : AA 0C 00 00 00 00 00 00 55 0B
[2026 01 09 17:11:50.192] [INFO] 收到 : AA 0C 00 01 00 00 00 00 55 0C
[2026 01 09 17:11:50.612] [INFO] 发送 : AA 0C 00 00 00 00 00 00 55 0B
[2026 01 09 17:11:50.638] [INFO] 收到 : AA 0C 00 01 00 00 00 00 55 0C
[2026 01 09 17:11:51.055] [INFO] 发送 : AA 0C 00 00 00 00 00 00 55 0B
[2026 01 09 17:11:51.081] [INFO] 收到 : AA 0C 00 01 00 00 00 00 55 0C
[2026 01 09 17:11:51.639] [INFO] 发送 : AA 0C 00 00 00 00 00 00 55 0B
[2026 01 09 17:11:51.665] [INFO] 收到 : AA 0C 00 00 00 00 00 00 55 0B
[2026 01 09 17:11:51.895] [INFO] 发送 : AA 05 06 01 FF FF FF FF 55 07
[2026 01 09 17:11:51.921] [INFO] 收到 : AA 05 06 01 FF FF FF FF 55 07
[2026 01 09 17:11:52.152] [INFO] 发送 : AA 05 05 01 FF FF FF FF 55 06
[2026 01 09 17:11:52.177] [INFO] 收到 : AA 05 05 01 FF FF FF FF 55 06
[2026 01 09 17:11:52.178] [INFO] 夹具1控制结束, result = True, 用时:3149.288
[2026 01 09 17:11:52.179] [INFO] 送料结束, result = True, 用时:8851.7569
[2026 01 09 17:11:52.179] [INFO] Z轴复位开始
[2026 01 09 17:11:52.418] [INFO] 发送 : AA 05 05 00 FF FF FF FF 55 05
[2026 01 09 17:11:52.444] [INFO] 收到 : AA 05 05 00 FF FF FF FF 55 05
[2026 01 09 17:11:52.560] [INFO] 发送 : AA 16 4E 20 00 1E 18 FF 55 B8
[2026 01 09 17:11:52.586] [INFO] 收到 : AA 16 4E 20 00 1E 18 FF 55 B8
[2026 01 09 17:11:55.848] [INFO] 发送 : AA 05 05 01 FF FF FF FF 55 06
[2026 01 09 17:11:55.874] [INFO] 收到 : AA 05 05 01 FF FF FF FF 55 06
[2026 01 09 17:11:55.874] [INFO] Z轴复位结束
[2026 01 09 17:11:55.875] [INFO] 夹具2控制:夹紧
[2026 01 09 17:11:55.975] [INFO] 发送 : AA 05 04 00 FF FF FF FF 55 04
[2026 01 09 17:11:56.001] [INFO] 收到 : AA 05 04 00 FF FF FF FF 55 04
[2026 01 09 17:11:56.003] [INFO] 夹具2控制结束, result = True, 用时:128.4814
[2026 01 09 17:11:56.005] [INFO] Y轴开始移动，脉冲数14850
[2026 01 09 17:11:58.578] [INFO] Y轴移动结束, result = True, 用时:2573.066
[2026 01 09 17:11:58.580] [INFO] X轴开始移动，脉冲数1650
[2026 01 09 17:11:59.591] [INFO] X轴移动结束, 用时:1011.5482
[2026 01 09 17:11:59.704] [INFO] 发送 : AA 05 02 01 FF FF FF FF 55 03
[2026 01 09 17:11:59.730] [INFO] 收到 : AA 05 02 01 FF FF FF FF 55 03
[2026 01 09 17:11:59.731] [INFO] 开始Z前复位
[2026 01 09 17:11:59.845] [INFO] 发送 : AA 05 02 00 FF FF FF FF 55 02
[2026 01 09 17:11:59.871] [INFO] 收到 : AA 05 02 00 FF FF FF FF 55 02
[2026 01 09 17:11:59.973] [INFO] 发送 : AA 05 05 00 FF FF FF FF 55 05
[2026 01 09 17:11:59.998] [INFO] 收到 : AA 05 05 00 FF FF FF FF 55 05
[2026 01 09 17:12:00.100] [INFO] 发送 : AA 16 4E 20 01 1E 17 FF 55 B8
[2026 01 09 17:12:00.126] [INFO] 收到 : AA 16 4E 20 01 1E 17 FF 55 B8
[2026 01 09 17:12:00.687] [INFO] 发送 : AA 05 02 01 FF FF FF FF 55 03
[2026 01 09 17:12:00.713] [INFO] 收到 : AA 05 02 01 FF FF FF FF 55 03
[2026 01 09 17:12:01.463] [INFO] 发送 : AA 05 02 00 FF FF FF FF 55 02
[2026 01 09 17:12:01.489] [INFO] 收到 : AA 05 02 00 FF FF FF FF 55 02
[2026 01 09 17:12:02.210] [INFO] 发送 : AA 05 02 01 FF FF FF FF 55 03
[2026 01 09 17:12:02.236] [INFO] 收到 : AA 05 02 01 FF FF FF FF 55 03
[2026 01 09 17:12:02.986] [INFO] 发送 : AA 05 02 00 FF FF FF FF 55 02
[2026 01 09 17:12:03.012] [INFO] 收到 : AA 05 02 00 FF FF FF FF 55 02
[2026 01 09 17:12:03.113] [INFO] 发送 : AA 05 05 01 FF FF FF FF 55 06
[2026 01 09 17:12:03.139] [INFO] 收到 : AA 05 05 01 FF FF FF FF 55 06
[2026 01 09 17:12:03.140] [INFO] Z前复位结束, result = True, 用时:3409.0453
[2026 01 09 17:12:03.141] [INFO] 夹具1控制:松开, 脉冲数:2000
[2026 01 09 17:12:03.367] [INFO] 发送 : AA 05 06 00 FF FF FF FF 55 06
[2026 01 09 17:12:03.393] [INFO] 收到 : AA 05 06 00 FF FF FF FF 55 06
[2026 01 09 17:12:03.621] [INFO] 发送 : AA 05 05 00 FF FF FF FF 55 05
[2026 01 09 17:12:03.646] [INFO] 收到 : AA 05 05 00 FF FF FF FF 55 05
[2026 01 09 17:12:03.762] [INFO] 发送 : AA 05 02 01 FF FF FF FF 55 03
[2026 01 09 17:12:03.787] [INFO] 收到 : AA 05 02 01 FF FF FF FF 55 03
[2026 01 09 17:12:03.889] [INFO] 发送 : AA 12 07 D0 01 1E 00 00 55 07
[2026 01 09 17:12:03.915] [INFO] 收到 : AA 12 07 D0 01 1E 00 00 55 07
[2026 01 09 17:12:04.414] [INFO] 发送 : AA 05 02 00 FF FF FF FF 55 02
[2026 01 09 17:12:04.440] [INFO] 收到 : AA 05 02 00 FF FF FF FF 55 02
[2026 01 09 17:12:04.542] [INFO] 发送 : AA 0C 00 00 00 00 00 00 55 0B
[2026 01 09 17:12:04.568] [INFO] 收到 : AA 0C 00 01 00 00 00 00 55 0C
[2026 01 09 17:12:05.177] [INFO] 发送 : AA 0C 00 00 00 00 00 00 55 0B
[2026 01 09 17:12:05.203] [INFO] 收到 : AA 0C 00 01 00 00 00 00 55 0C
[2026 01 09 17:12:05.303] [INFO] 发送 : AA 05 02 01 FF FF FF FF 55 03
[2026 01 09 17:12:05.329] [INFO] 收到 : AA 05 02 01 FF FF FF FF 55 03
[2026 01 09 17:12:05.619] [INFO] 发送 : AA 0C 00 00 00 00 00 00 55 0B
[2026 01 09 17:12:05.645] [INFO] 收到 : AA 0C 00 01 00 00 00 00 55 0C
[2026 01 09 17:12:05.950] [INFO] 发送 : AA 05 02 00 FF FF FF FF 55 02
[2026 01 09 17:12:05.976] [INFO] 收到 : AA 05 02 00 FF FF FF FF 55 02
[2026 01 09 17:12:06.077] [INFO] 发送 : AA 0C 00 00 00 00 00 00 55 0B
[2026 01 09 17:12:06.102] [INFO] 收到 : AA 0C 00 00 00 00 00 00 55 0B
[2026 01 09 17:12:06.219] [INFO] 发送 : AA 05 06 01 FF FF FF FF 55 07
[2026 01 09 17:12:06.245] [INFO] 收到 : AA 05 06 01 FF FF FF FF 55 07
[2026 01 09 17:12:06.347] [INFO] 发送 : AA 05 05 01 FF FF FF FF 55 06
[2026 01 09 17:12:06.373] [INFO] 收到 : AA 05 05 01 FF FF FF FF 55 06
[2026 01 09 17:12:06.373] [INFO] 夹具1控制结束, result = True, 用时:3232.2707
[2026 01 09 17:12:06.374] [INFO] 开始Z轴补偿:后, 脉冲数:500
[2026 01 09 17:12:06.490] [INFO] 发送 : AA 05 05 00 FF FF FF FF 55 05
[2026 01 09 17:12:06.515] [INFO] 收到 : AA 05 05 00 FF FF FF FF 55 05
[2026 01 09 17:12:06.618] [INFO] 发送 : AA 05 02 01 FF FF FF FF 55 03
[2026 01 09 17:12:06.644] [INFO] 收到 : AA 05 02 01 FF FF FF FF 55 03
[2026 01 09 17:12:06.873] [INFO] 发送 : AA 08 01 F4 00 1E 00 00 55 1A
[2026 01 09 17:12:06.899] [INFO] 收到 : AA 08 01 F4 00 1E 00 00 55 1A
[2026 01 09 17:12:07.266] [INFO] 发送 : AA 0C 00 00 00 00 00 00 55 0B
[2026 01 09 17:12:07.291] [INFO] 收到 : AA 0C 01 00 00 00 00 00 55 0C
[2026 01 09 17:12:07.394] [INFO] 发送 : AA 05 02 00 FF FF FF FF 55 02
[2026 01 09 17:12:07.420] [INFO] 收到 : AA 05 02 00 FF FF FF FF 55 02
[2026 01 09 17:12:07.661] [INFO] 发送 : AA 0C 00 00 00 00 00 00 55 0B
[2026 01 09 17:12:07.687] [INFO] 收到 : AA 0C 01 00 00 00 00 00 55 0C
[2026 01 09 17:12:07.915] [INFO] 发送 : AA 0C 00 00 00 00 00 00 55 0B
[2026 01 09 17:12:07.941] [INFO] 收到 : AA 0C 00 00 00 00 00 00 55 0B
[2026 01 09 17:12:08.041] [INFO] 发送 : AA 05 02 01 FF FF FF FF 55 03
[2026 01 09 17:12:08.068] [INFO] 收到 : AA 05 02 01 FF FF FF FF 55 03
[2026 01 09 17:12:08.169] [INFO] 发送 : AA 05 05 01 FF FF FF FF 55 06
[2026 01 09 17:12:08.195] [INFO] 收到 : AA 05 05 01 FF FF FF FF 55 06
[2026 01 09 17:12:08.196] [INFO] Z轴补偿结束, result = True, 用时:1821.4231
[2026 01 09 17:12:08.197] [INFO] Y轴开始移动，脉冲数 800
[2026 01 09 17:12:08.691] [INFO] 发送 : AA 05 02 00 FF FF FF FF 55 02
[2026 01 09 17:12:08.717] [INFO] 收到 : AA 05 02 00 FF FF FF FF 55 02
[2026 01 09 17:12:08.961] [INFO] Y轴移动结束, result = True, 用时:764.1643
[2026 01 09 17:12:08.964] [INFO] 出货结束, result = True, 用时:25892.8907
[2026 01 09 17:12:09.470] [INFO] 夹具2控制:夹紧
[2026 01 09 17:12:09.660] [INFO] Z轴复位开始
[2026 01 09 17:12:09.708] [INFO] 发送 : AA 05 02 01 FF FF FF FF 55 03
[2026 01 09 17:12:09.733] [INFO] 收到 : AA 05 02 01 FF FF FF FF 55 03
[2026 01 09 17:12:09.835] [INFO] 发送 : AA 05 04 00 FF FF FF FF 55 04
[2026 01 09 17:12:09.862] [INFO] 收到 : AA 05 04 00 FF FF FF FF 55 04
[2026 01 09 17:12:09.864] [INFO] 夹具2控制结束, result = True, 用时:393.7104
[2026 01 09 17:12:10.215] [INFO] 发送 : AA 05 05 00 FF FF FF FF 55 05
[2026 01 09 17:12:10.241] [INFO] 收到 : AA 05 05 00 FF FF FF FF 55 05
[2026 01 09 17:12:10.469] [INFO] 发送 : AA 16 4E 20 00 1E 18 FF 55 B8
[2026 01 09 17:12:10.495] [INFO] 收到 : AA 16 4E 20 00 1E 18 FF 55 B8
[2026 01 09 17:12:10.595] [INFO] 发送 : AA 05 02 00 FF FF FF FF 55 02
[2026 01 09 17:12:10.621] [INFO] 收到 : AA 05 02 00 FF FF FF FF 55 02
[2026 01 09 17:12:11.245] [INFO] 发送 : AA 05 02 01 FF FF FF FF 55 03
[2026 01 09 17:12:11.271] [INFO] 收到 : AA 05 02 01 FF FF FF FF 55 03
[2026 01 09 17:12:11.941] [INFO] 发送 : AA 05 02 00 FF FF FF FF 55 02
[2026 01 09 17:12:11.967] [INFO] 收到 : AA 05 02 00 FF FF FF FF 55 02
[2026 01 09 17:12:12.704] [INFO] 发送 : AA 05 02 01 FF FF FF FF 55 03
[2026 01 09 17:12:12.730] [INFO] 收到 : AA 05 02 01 FF FF FF FF 55 03
[2026 01 09 17:12:13.226] [INFO] 发送 : AA 05 05 01 FF FF FF FF 55 06
[2026 01 09 17:12:13.257] [INFO] 收到 : AA 05 05 01 FF FF FF FF 55 06
[2026 01 09 17:12:13.257] [INFO] Z轴复位结束
[2026 01 09 17:12:13.257] [INFO] 开始夹具1复位
[2026 01 09 17:12:13.369] [INFO] 发送 : AA 05 02 00 FF FF FF FF 55 02
[2026 01 09 17:12:13.395] [INFO] 收到 : AA 05 02 00 FF FF FF FF 55 02
[2026 01 09 17:12:13.496] [INFO] 发送 : AA 05 06 00 FF FF FF FF 55 06
[2026 01 09 17:12:13.522] [INFO] 收到 : AA 05 06 00 FF FF FF FF 55 06
[2026 01 09 17:12:14.133] [INFO] 发送 : AA 05 02 01 FF FF FF FF 55 03
[2026 01 09 17:12:14.159] [INFO] 收到 : AA 05 02 01 FF FF FF FF 55 03
[2026 01 09 17:12:14.260] [INFO] 发送 : AA 18 27 10 00 1E 02 00 55 6E
[2026 01 09 17:12:14.286] [INFO] 收到 : AA 18 27 10 00 1E 02 00 55 6E
[2026 01 09 17:12:14.514] [INFO] 发送 : AA 0C 00 00 00 00 00 00 55 0B
[2026 01 09 17:12:14.540] [INFO] 收到 : AA 0C 00 01 00 00 00 00 55 0C
[2026 01 09 17:12:14.540] [INFO] 电机2运动状态：True
[2026 01 09 17:12:15.965] [INFO] 发送 : AA 05 06 01 FF FF FF FF 55 07
[2026 01 09 17:12:15.991] [INFO] 收到 : AA 05 06 01 FF FF FF FF 55 07
[2026 01 09 17:12:15.991] [INFO] 夹具1复位结束, result = True, 用时:2733.9977
[2026 01 09 17:12:15.991] [INFO] X轴复位开始
[2026 01 09 17:12:21.652] [INFO] X轴复位结束
[2026 01 09 17:12:21.652] [INFO] Y轴复位开始
[2026 01 09 17:12:26.106] [INFO] Y轴复位结束
[2026 01 09 17:12:26.117] [INFO] Y轴开始移动，脉冲数10000
[2026 01 09 17:12:28.206] [INFO] Y轴移动结束, result = True, 用时:2089.1749
[2026 01 09 17:12:28.207] [INFO] X轴开始移动，脉冲数4400
[2026 01 09 17:12:29.655] [INFO] X轴移动结束, 用时:1447.7907
[2026 01 09 17:12:29.655] [INFO] 1点位移动完成
[2026 01 09 17:12:29.658] [INFO] 开始取底托
[2026 01 09 17:12:29.658] [INFO] 开始夹具1复位
[2026 01 09 17:12:29.765] [INFO] 发送 : AA 05 06 00 FF FF FF FF 55 06
[2026 01 09 17:12:29.791] [INFO] 收到 : AA 05 06 00 FF FF FF FF 55 06
[2026 01 09 17:12:30.509] [INFO] 发送 : AA 18 27 10 00 1E 02 00 55 6E
[2026 01 09 17:12:30.534] [INFO] 收到 : AA 18 27 10 00 1E 02 00 55 6E
[2026 01 09 17:12:30.777] [INFO] 发送 : AA 0C 00 00 00 00 00 00 55 0B
[2026 01 09 17:12:30.803] [INFO] 收到 : AA 0C 00 00 00 00 00 00 55 0B
[2026 01 09 17:12:30.803] [INFO] 电机2运动状态：False
[2026 01 09 17:12:31.174] [INFO] 发送 : AA 05 06 01 FF FF FF FF 55 07
[2026 01 09 17:12:31.200] [INFO] 收到 : AA 05 06 01 FF FF FF FF 55 07
[2026 01 09 17:12:31.200] [INFO] 夹具1复位结束, result = True, 用时:1542.5447
[2026 01 09 17:12:31.201] [INFO] 开始抓取操作，上抬脉冲数:530
[2026 01 09 17:12:31.202] [INFO] 开始Z前复位
[2026 01 09 17:12:31.316] [INFO] 发送 : AA 05 05 00 FF FF FF FF 55 05
[2026 01 09 17:12:31.915] [INFO] 收到 : AA 05 05 00 FF FF FF FF 55 05
[2026 01 09 17:12:32.151] [INFO] 发送 : AA 16 4E 20 01 1E 17 FF 55 B8
[2026 01 09 17:12:32.216] [INFO] 夹具1控制:松开, 脉冲数:3100
[2026 01 09 17:12:32.940] [INFO] 收到 : AA 16 4E 20 01 1E 17 FF 55 B8
[2026 01 09 17:12:34.057] [INFO] 发送 : AA 05 06 00 FF FF FF FF 55 06
[2026 01 09 17:12:34.084] [INFO] 收到 : AA 05 06 00 FF FF FF FF 55 06
[2026 01 09 17:12:34.593] [INFO] 发送 : AA 05 05 00 FF FF FF FF 55 05
[2026 01 09 17:12:34.618] [INFO] 收到 : AA 05 05 00 FF FF FF FF 55 05
[2026 01 09 17:12:35.000] [INFO] 发送 : AA 12 0C 1C 01 1E 00 00 55 58
[2026 01 09 17:12:35.026] [INFO] 收到 : AA 12 0C 1C 01 1E 00 00 55 58
[2026 01 09 17:12:35.282] [INFO] 发送 : AA 05 05 01 FF FF FF FF 55 06
[2026 01 09 17:12:35.308] [INFO] 收到 : AA 05 05 01 FF FF FF FF 55 06
[2026 01 09 17:12:35.309] [INFO] Z前复位结束, result = True, 用时:4107.1618
[2026 01 09 17:12:35.310] [INFO] 开始Z轴补偿:后, 脉冲数:0
[2026 01 09 17:12:35.426] [INFO] 发送 : AA 05 05 00 FF FF FF FF 55 05
[2026 01 09 17:12:35.452] [INFO] 收到 : AA 05 05 00 FF FF FF FF 55 05
[2026 01 09 17:12:35.568] [INFO] 发送 : AA 08 00 00 00 1E 00 00 55 25
[2026 01 09 17:12:35.594] [INFO] 收到 : AA 08 00 00 00 1E 00 00 55 25
[2026 01 09 17:12:35.709] [INFO] 发送 : AA 0C 00 00 00 00 00 00 55 0B
[2026 01 09 17:12:35.735] [INFO] 收到 : AA 0C 00 01 00 00 00 00 55 0C
[2026 01 09 17:12:35.836] [INFO] 发送 : AA 0C 00 00 00 00 00 00 55 0B
[2026 01 09 17:12:35.862] [INFO] 收到 : AA 0C 00 01 00 00 00 00 55 0C
[2026 01 09 17:12:35.980] [INFO] 发送 : AA 05 05 01 FF FF FF FF 55 06
[2026 01 09 17:12:36.006] [INFO] 收到 : AA 05 05 01 FF FF FF FF 55 06
[2026 01 09 17:12:36.006] [INFO] Z轴补偿结束, result = True, 用时:696.3976
[2026 01 09 17:12:36.246] [INFO] 发送 : AA 0C 00 00 00 00 00 00 55 0B
[2026 01 09 17:12:36.275] [INFO] 收到 : AA 0C 00 01 00 00 00 00 55 0C
[2026 01 09 17:12:36.796] [INFO] 发送 : AA 0C 00 00 00 00 00 00 55 0B
[2026 01 09 17:12:36.822] [INFO] 收到 : AA 0C 00 01 00 00 00 00 55 0C
[2026 01 09 17:12:37.240] [INFO] 发送 : AA 0C 00 00 00 00 00 00 55 0B
[2026 01 09 17:12:37.266] [INFO] 收到 : AA 0C 00 00 00 00 00 00 55 0B
[2026 01 09 17:12:37.381] [INFO] 发送 : AA 05 06 01 FF FF FF FF 55 07
[2026 01 09 17:12:37.407] [INFO] 收到 : AA 05 06 01 FF FF FF FF 55 07
[2026 01 09 17:12:37.508] [INFO] 发送 : AA 05 05 01 FF FF FF FF 55 06
[2026 01 09 17:12:37.533] [INFO] 收到 : AA 05 05 01 FF FF FF FF 55 06
[2026 01 09 17:12:37.533] [INFO] 夹具1控制结束, result = True, 用时:5317.7079
[2026 01 09 17:12:37.534] [INFO] Y轴开始移动，脉冲数530
[2026 01 09 17:12:38.156] [INFO] Y轴移动结束, result = True, 用时:622.3396
[2026 01 09 17:12:38.158] [INFO] 夹具1控制:夹紧, 脉冲数:3100
[2026 01 09 17:12:38.485] [INFO] 发送 : AA 05 06 00 FF FF FF FF 55 06
[2026 01 09 17:12:38.510] [INFO] 收到 : AA 05 06 00 FF FF FF FF 55 06
[2026 01 09 17:12:38.753] [INFO] 发送 : AA 05 05 00 FF FF FF FF 55 05
[2026 01 09 17:12:38.779] [INFO] 收到 : AA 05 05 00 FF FF FF FF 55 05
[2026 01 09 17:12:38.895] [INFO] 发送 : AA 12 0A BE 00 1E 00 00 55 F7
[2026 01 09 17:12:38.921] [INFO] 收到 : AA 12 0A BE 00 1E 00 00 55 F7
[2026 01 09 17:12:39.544] [INFO] 发送 : AA 0C 00 00 00 00 00 00 55 0B
[2026 01 09 17:12:39.570] [INFO] 收到 : AA 0C 00 01 00 00 00 00 55 0C
[2026 01 09 17:12:39.988] [INFO] 发送 : AA 0C 00 00 00 00 00 00 55 0B
[2026 01 09 17:12:40.014] [INFO] 收到 : AA 0C 00 01 00 00 00 00 55 0C
[2026 01 09 17:12:40.495] [INFO] 发送 : AA 0C 00 00 00 00 00 00 55 0B
[2026 01 09 17:12:40.521] [INFO] 收到 : AA 0C 00 01 00 00 00 00 55 0C
[2026 01 09 17:12:40.935] [INFO] 发送 : AA 0C 00 00 00 00 00 00 55 0B
[2026 01 09 17:12:40.961] [INFO] 收到 : AA 0C 00 00 00 00 00 00 55 0B
[2026 01 09 17:12:41.063] [INFO] 发送 : AA 05 06 01 FF FF FF FF 55 07
[2026 01 09 17:12:41.093] [INFO] 收到 : AA 05 06 01 FF FF FF FF 55 07
[2026 01 09 17:12:41.204] [INFO] 发送 : AA 05 05 01 FF FF FF FF 55 06
[2026 01 09 17:12:41.230] [INFO] 收到 : AA 05 05 01 FF FF FF FF 55 06
[2026 01 09 17:12:41.231] [INFO] 夹具1控制结束, result = True, 用时:3072.7521
[2026 01 09 17:12:41.232] [INFO] 抓取结束, result = True, 用时:10030.4095
[2026 01 09 17:12:41.232] [INFO] Z轴复位开始
[2026 01 09 17:12:41.473] [INFO] 发送 : AA 05 05 00 FF FF FF FF 55 05
[2026 01 09 17:12:41.499] [INFO] 收到 : AA 05 05 00 FF FF FF FF 55 05
[2026 01 09 17:12:41.740] [INFO] 发送 : AA 16 4E 20 00 1E 18 FF 55 B8
[2026 01 09 17:12:41.767] [INFO] 收到 : AA 16 4E 20 00 1E 18 FF 55 B8
[2026 01 09 17:12:45.632] [INFO] 发送 : AA 05 05 01 FF FF FF FF 55 06
[2026 01 09 17:12:45.658] [INFO] 收到 : AA 05 05 01 FF FF FF FF 55 06
[2026 01 09 17:12:45.658] [INFO] Z轴复位结束
[2026 01 09 17:12:45.659] [INFO] 取底托结束, result = True, 用时:16001.3202
[2026 01 09 17:12:45.659] [INFO] 取货完成
[2026 01 09 17:12:45.659] [INFO] 开始送入打印
[2026 01 09 17:12:45.660] [INFO] X轴开始移动，脉冲数15600
[2026 01 09 17:12:48.313] [INFO] X轴移动结束, 用时:2653.204
[2026 01 09 17:12:48.314] [INFO] Y轴开始移动，脉冲数 9260
[2026 01 09 17:12:50.388] [INFO] Y轴移动结束, result = True, 用时:2074.4106
[2026 01 09 17:12:50.389] [INFO] 夹具2控制:松开
[2026 01 09 17:12:50.560] [INFO] 发送 : AA 05 04 01 FF FF FF FF 55 05
[2026 01 09 17:12:50.586] [INFO] 收到 : AA 05 04 01 FF FF FF FF 55 05
[2026 01 09 17:12:50.588] [INFO] 夹具2控制结束, result = True, 用时:199.2356
[2026 01 09 17:12:50.588] [INFO] 开始Z前复位
[2026 01 09 17:12:50.837] [INFO] 发送 : AA 05 05 00 FF FF FF FF 55 05
[2026 01 09 17:12:50.865] [INFO] 收到 : AA 05 05 00 FF FF FF FF 55 05
[2026 01 09 17:12:51.104] [INFO] 发送 : AA 16 4E 20 01 1E 17 FF 55 B8
[2026 01 09 17:12:51.130] [INFO] 收到 : AA 16 4E 20 01 1E 17 FF 55 B8
[2026 01 09 17:12:53.958] [INFO] 发送 : AA 05 05 01 FF FF FF FF 55 06
[2026 01 09 17:12:53.983] [INFO] 收到 : AA 05 05 01 FF FF FF FF 55 06
[2026 01 09 17:12:53.984] [INFO] Z前复位结束, result = True, 用时:3395.5485
[2026 01 09 17:12:53.984] [INFO] 开始Z轴补偿:前, 脉冲数:500
[2026 01 09 17:12:54.099] [INFO] 发送 : AA 05 05 00 FF FF FF FF 55 05
[2026 01 09 17:12:54.125] [INFO] 收到 : AA 05 05 00 FF FF FF FF 55 05
[2026 01 09 17:12:54.241] [INFO] 发送 : AA 08 01 F4 01 1E 00 00 55 1B
[2026 01 09 17:12:54.267] [INFO] 收到 : AA 08 01 F4 01 1E 00 00 55 1B
[2026 01 09 17:12:54.508] [INFO] 发送 : AA 0C 00 00 00 00 00 00 55 0B
[2026 01 09 17:12:54.534] [INFO] 收到 : AA 0C 01 00 00 00 00 00 55 0C
[2026 01 09 17:12:54.918] [INFO] 发送 : AA 0C 00 00 00 00 00 00 55 0B
[2026 01 09 17:12:54.944] [INFO] 收到 : AA 0C 01 00 00 00 00 00 55 0C
[2026 01 09 17:12:55.186] [INFO] 发送 : AA 0C 00 00 00 00 00 00 55 0B
[2026 01 09 17:12:55.212] [INFO] 收到 : AA 0C 00 00 00 00 00 00 55 0B
[2026 01 09 17:12:55.328] [INFO] 发送 : AA 05 05 01 FF FF FF FF 55 06
[2026 01 09 17:12:55.354] [INFO] 收到 : AA 05 05 01 FF FF FF FF 55 06
[2026 01 09 17:12:55.354] [INFO] Z轴补偿结束, result = True, 用时:1369.7725
[2026 01 09 17:12:55.355] [INFO] 夹具1控制:松开, 脉冲数:2000
[2026 01 09 17:12:55.594] [INFO] 发送 : AA 05 06 00 FF FF FF FF 55 06
[2026 01 09 17:12:55.620] [INFO] 收到 : AA 05 06 00 FF FF FF FF 55 06
[2026 01 09 17:12:55.734] [INFO] 发送 : AA 05 05 00 FF FF FF FF 55 05
[2026 01 09 17:12:55.760] [INFO] 收到 : AA 05 05 00 FF FF FF FF 55 05
[2026 01 09 17:12:55.874] [INFO] 发送 : AA 12 07 D0 01 1E 00 00 55 07
[2026 01 09 17:12:55.900] [INFO] 收到 : AA 12 07 D0 01 1E 00 00 55 07
[2026 01 09 17:12:56.613] [INFO] 发送 : AA 0C 00 00 00 00 00 00 55 0B
[2026 01 09 17:12:56.639] [INFO] 收到 : AA 0C 00 01 00 00 00 00 55 0C
[2026 01 09 17:12:57.052] [INFO] 发送 : AA 0C 00 00 00 00 00 00 55 0B
[2026 01 09 17:12:57.078] [INFO] 收到 : AA 0C 00 01 00 00 00 00 55 0C
[2026 01 09 17:12:57.492] [INFO] 发送 : AA 0C 00 00 00 00 00 00 55 0B
[2026 01 09 17:12:57.518] [INFO] 收到 : AA 0C 00 01 00 00 00 00 55 0C
[2026 01 09 17:12:57.933] [INFO] 发送 : AA 0C 00 00 00 00 00 00 55 0B
[2026 01 09 17:12:57.959] [INFO] 收到 : AA 0C 00 00 00 00 00 00 55 0B
[2026 01 09 17:12:58.076] [INFO] 发送 : AA 05 06 01 FF FF FF FF 55 07
[2026 01 09 17:12:58.112] [INFO] 收到 : AA 05 06 01 FF FF FF FF 55 07
[2026 01 09 17:12:58.359] [INFO] 发送 : AA 05 05 01 FF FF FF FF 55 06
[2026 01 09 17:12:58.384] [INFO] 收到 : AA 05 05 01 FF FF FF FF 55 06
[2026 01 09 17:12:58.385] [INFO] 夹具1控制结束, result = True, 用时:3029.3393
[2026 01 09 17:12:58.385] [INFO] Y轴开始移动，脉冲数 600
[2026 01 09 17:12:59.006] [INFO] Y轴移动结束, result = True, 用时:620.3314
[2026 01 09 17:12:59.006] [INFO] Z轴复位开始
[2026 01 09 17:12:59.243] [INFO] 发送 : AA 05 05 00 FF FF FF FF 55 05
[2026 01 09 17:12:59.269] [INFO] 收到 : AA 05 05 00 FF FF FF FF 55 05
[2026 01 09 17:12:59.389] [INFO] 发送 : AA 16 4E 20 00 1E 18 FF 55 B8
[2026 01 09 17:12:59.415] [INFO] 收到 : AA 16 4E 20 00 1E 18 FF 55 B8
[2026 01 09 17:12:59.509] [INFO] 开始夹具1复位
[2026 01 09 17:12:59.619] [INFO] 发送 : AA 05 06 00 FF FF FF FF 55 06
[2026 01 09 17:12:59.645] [INFO] 收到 : AA 05 06 00 FF FF FF FF 55 06
[2026 01 09 17:13:00.435] [INFO] 发送 : AA 18 27 10 00 1E 02 00 55 6E
[2026 01 09 17:13:00.461] [INFO] 收到 : AA 18 27 10 00 1E 02 00 55 6E
[2026 01 09 17:13:00.718] [INFO] 发送 : AA 0C 00 00 00 00 00 00 55 0B
[2026 01 09 17:13:00.744] [INFO] 收到 : AA 0C 01 01 00 00 00 00 55 0D
[2026 01 09 17:13:00.745] [INFO] 电机2运动状态：True
[2026 01 09 17:13:01.875] [INFO] 发送 : AA 05 06 01 FF FF FF FF 55 07
[2026 01 09 17:13:01.906] [INFO] 收到 : AA 05 06 01 FF FF FF FF 55 07
[2026 01 09 17:13:01.906] [INFO] 夹具1复位结束, result = True, 用时:2397.8605
[2026 01 09 17:13:02.434] [INFO] 发送 : AA 05 05 01 FF FF FF FF 55 06
[2026 01 09 17:13:02.460] [INFO] 收到 : AA 05 05 01 FF FF FF FF 55 06
[2026 01 09 17:13:02.460] [INFO] Z轴复位结束
[2026 01 09 17:13:02.460] [INFO] 夹具2控制:夹紧
[2026 01 09 17:13:02.702] [INFO] 发送 : AA 05 04 00 FF FF FF FF 55 04
[2026 01 09 17:13:02.728] [INFO] 收到 : AA 05 04 00 FF FF FF FF 55 04
[2026 01 09 17:13:02.730] [INFO] 夹具2控制结束, result = True, 用时:269.8081
[2026 01 09 17:13:02.731] [INFO] 送入打印结束, result = True, 用时:17072.1746
[2026 01 09 17:13:02.731] [INFO] 送料点移动完成
[2026 01 09 17:13:02.733] [INFO] 开始出货操作
[2026 01 09 17:13:02.733] [INFO] 夹具2控制:松开
[2026 01 09 17:13:02.968] [INFO] 发送 : AA 05 04 01 FF FF FF FF 55 05
[2026 01 09 17:13:02.995] [INFO] 收到 : AA 05 04 01 FF FF FF FF 55 05
[2026 01 09 17:13:02.996] [INFO] 夹具2控制结束, result = True, 用时:262.9058
[2026 01 09 17:13:02.997] [INFO] 开始出货操作，上抬脉冲数:600
[2026 01 09 17:13:02.997] [INFO] 开始Z前复位
[2026 01 09 17:13:03.221] [INFO] 发送 : AA 05 05 00 FF FF FF FF 55 05
[2026 01 09 17:13:03.247] [INFO] 收到 : AA 05 05 00 FF FF FF FF 55 05
[2026 01 09 17:13:03.364] [INFO] 发送 : AA 16 4E 20 01 1E 17 FF 55 B8
[2026 01 09 17:13:03.390] [INFO] 收到 : AA 16 4E 20 01 1E 17 FF 55 B8
[2026 01 09 17:13:04.046] [INFO] 夹具1控制:松开, 脉冲数:2000
[2026 01 09 17:13:04.151] [INFO] 发送 : AA 05 06 00 FF FF FF FF 55 06
[2026 01 09 17:13:04.177] [INFO] 收到 : AA 05 06 00 FF FF FF FF 55 06
[2026 01 09 17:13:04.545] [INFO] 发送 : AA 05 05 00 FF FF FF FF 55 05
[2026 01 09 17:13:04.571] [INFO] 收到 : AA 05 05 00 FF FF FF FF 55 05
[2026 01 09 17:13:04.938] [INFO] 发送 : AA 12 07 D0 01 1E 00 00 55 07
[2026 01 09 17:13:04.964] [INFO] 收到 : AA 12 07 D0 01 1E 00 00 55 07
[2026 01 09 17:13:05.585] [INFO] 发送 : AA 0C 00 00 00 00 00 00 55 0B
[2026 01 09 17:13:05.611] [INFO] 收到 : AA 0C 01 01 00 00 00 00 55 0D
[2026 01 09 17:13:06.233] [INFO] 发送 : AA 0C 00 00 00 00 00 00 55 0B
[2026 01 09 17:13:06.259] [INFO] 收到 : AA 0C 00 01 00 00 00 00 55 0C
[2026 01 09 17:13:06.642] [INFO] 发送 : AA 05 05 01 FF FF FF FF 55 06
[2026 01 09 17:13:06.668] [INFO] 收到 : AA 05 05 01 FF FF FF FF 55 06
[2026 01 09 17:13:06.668] [INFO] Z前复位结束, result = True, 用时:3670.662
[2026 01 09 17:13:06.669] [INFO] 开始Z轴补偿:前, 脉冲数:380
[2026 01 09 17:13:06.770] [INFO] 发送 : AA 0C 00 00 00 00 00 00 55 0B
[2026 01 09 17:13:06.795] [INFO] 收到 : AA 0C 00 00 00 00 00 00 55 0B
[2026 01 09 17:13:07.052] [INFO] 发送 : AA 05 05 00 FF FF FF FF 55 05
[2026 01 09 17:13:08.952] [INFO] 收到 : AA 05 05 00 FF FF FF FF 55 05
[2026 01 09 17:13:09.061] [INFO] 发送 : AA 05 06 01 FF FF FF FF 55 07
[2026 01 09 17:13:09.087] [INFO] 收到 : AA 05 06 01 FF FF FF FF 55 07
[2026 01 09 17:13:10.072] [INFO] 发送 : AA 08 01 7C 01 1E 00 00 55 A3
[2026 01 09 17:13:10.097] [INFO] 收到 : AA 08 01 7C 01 1E 00 00 55 A3
[2026 01 09 17:13:10.199] [INFO] 发送 : AA 05 05 01 FF FF FF FF 55 06
[2026 01 09 17:13:10.226] [INFO] 收到 : AA 05 05 01 FF FF FF FF 55 06
[2026 01 09 17:13:10.226] [INFO] 夹具1控制结束, result = True, 用时:6180.4394
[2026 01 09 17:13:10.453] [INFO] 发送 : AA 0C 00 00 00 00 00 00 55 0B
[2026 01 09 17:13:10.479] [INFO] 收到 : AA 0C 01 00 00 00 00 00 55 0C
[2026 01 09 17:13:10.692] [INFO] 发送 : AA 0C 00 00 00 00 00 00 55 0B
[2026 01 09 17:13:10.718] [INFO] 收到 : AA 0C 01 00 00 00 00 00 55 0C
[2026 01 09 17:13:10.931] [INFO] 发送 : AA 0C 00 00 00 00 00 00 55 0B
[2026 01 09 17:13:10.957] [INFO] 收到 : AA 0C 00 00 00 00 00 00 55 0B
[2026 01 09 17:13:11.074] [INFO] 发送 : AA 05 05 01 FF FF FF FF 55 06
[2026 01 09 17:13:11.099] [INFO] 收到 : AA 05 05 01 FF FF FF FF 55 06
[2026 01 09 17:13:11.100] [INFO] Z轴补偿结束, result = True, 用时:4430.8293
[2026 01 09 17:13:11.100] [INFO] Y轴开始移动，脉冲数600
[2026 01 09 17:13:11.771] [INFO] Y轴移动结束, result = True, 用时:671.0398
[2026 01 09 17:13:11.772] [INFO] 夹具1控制:夹紧, 脉冲数:2000
[2026 01 09 17:13:12.072] [INFO] 发送 : AA 05 06 00 FF FF FF FF 55 06
[2026 01 09 17:13:12.098] [INFO] 收到 : AA 05 06 00 FF FF FF FF 55 06
[2026 01 09 17:13:12.339] [INFO] 发送 : AA 05 05 00 FF FF FF FF 55 05
[2026 01 09 17:13:12.365] [INFO] 收到 : AA 05 05 00 FF FF FF FF 55 05
[2026 01 09 17:13:12.481] [INFO] 发送 : AA 12 06 72 00 1E 00 00 55 A7
[2026 01 09 17:13:12.507] [INFO] 收到 : AA 12 06 72 00 1E 00 00 55 A7
[2026 01 09 17:13:13.134] [INFO] 发送 : AA 0C 00 00 00 00 00 00 55 0B
[2026 01 09 17:13:13.159] [INFO] 收到 : AA 0C 00 01 00 00 00 00 55 0C
[2026 01 09 17:13:13.576] [INFO] 发送 : AA 0C 00 00 00 00 00 00 55 0B
[2026 01 09 17:13:13.602] [INFO] 收到 : AA 0C 00 01 00 00 00 00 55 0C
[2026 01 09 17:13:14.099] [INFO] 发送 : AA 0C 00 00 00 00 00 00 55 0B
[2026 01 09 17:13:14.125] [INFO] 收到 : AA 0C 00 01 00 00 00 00 55 0C
[2026 01 09 17:13:14.542] [INFO] 发送 : AA 0C 00 00 00 00 00 00 55 0B
[2026 01 09 17:13:14.568] [INFO] 收到 : AA 0C 00 00 00 00 00 00 55 0B
[2026 01 09 17:13:14.669] [INFO] 发送 : AA 05 06 01 FF FF FF FF 55 07
[2026 01 09 17:13:14.696] [INFO] 收到 : AA 05 06 01 FF FF FF FF 55 07
[2026 01 09 17:13:14.797] [INFO] 发送 : AA 05 05 01 FF FF FF FF 55 06
[2026 01 09 17:13:14.824] [INFO] 收到 : AA 05 05 01 FF FF FF FF 55 06
[2026 01 09 17:13:14.824] [INFO] 夹具1控制结束, result = True, 用时:3051.4437
[2026 01 09 17:13:14.825] [INFO] 送料结束, result = True, 用时:11828.0035
[2026 01 09 17:13:14.825] [INFO] Z轴复位开始
[2026 01 09 17:13:15.066] [INFO] 发送 : AA 05 05 00 FF FF FF FF 55 05
[2026 01 09 17:13:15.092] [INFO] 收到 : AA 05 05 00 FF FF FF FF 55 05
[2026 01 09 17:13:15.333] [INFO] 发送 : AA 16 4E 20 00 1E 18 FF 55 B8
[2026 01 09 17:13:15.359] [INFO] 收到 : AA 16 4E 20 00 1E 18 FF 55 B8
[2026 01 09 17:13:18.127] [INFO] 发送 : AA 05 05 01 FF FF FF FF 55 06
[2026 01 09 17:13:18.153] [INFO] 收到 : AA 05 05 01 FF FF FF FF 55 06
[2026 01 09 17:13:18.154] [INFO] Z轴复位结束
[2026 01 09 17:13:18.154] [INFO] 夹具2控制:夹紧
[2026 01 09 17:13:18.255] [INFO] 发送 : AA 05 04 00 FF FF FF FF 55 04
[2026 01 09 17:13:18.280] [INFO] 收到 : AA 05 04 00 FF FF FF FF 55 04
[2026 01 09 17:13:18.284] [INFO] 夹具2控制结束, result = True, 用时:129.7257
[2026 01 09 17:13:18.285] [INFO] Y轴开始移动，脉冲数14850
[2026 01 09 17:13:20.873] [INFO] Y轴移动结束, result = True, 用时:2587.6454
[2026 01 09 17:13:20.875] [INFO] X轴开始移动，脉冲数1650
[2026 01 09 17:13:21.891] [INFO] X轴移动结束, 用时:1015.5167
[2026 01 09 17:13:22.001] [INFO] 发送 : AA 05 02 01 FF FF FF FF 55 03
[2026 01 09 17:13:22.026] [INFO] 收到 : AA 05 02 01 FF FF FF FF 55 03
[2026 01 09 17:13:22.026] [INFO] 开始Z前复位
[2026 01 09 17:13:22.127] [INFO] 发送 : AA 05 02 00 FF FF FF FF 55 02
[2026 01 09 17:13:22.153] [INFO] 收到 : AA 05 02 00 FF FF FF FF 55 02
[2026 01 09 17:13:22.259] [INFO] 发送 : AA 05 05 00 FF FF FF FF 55 05
[2026 01 09 17:13:22.292] [INFO] 收到 : AA 05 05 00 FF FF FF FF 55 05
[2026 01 09 17:13:22.524] [INFO] 发送 : AA 16 4E 20 01 1E 17 FF 55 B8
[2026 01 09 17:13:22.550] [INFO] 收到 : AA 16 4E 20 01 1E 17 FF 55 B8
[2026 01 09 17:13:22.778] [INFO] 发送 : AA 05 02 01 FF FF FF FF 55 03
[2026 01 09 17:13:22.805] [INFO] 收到 : AA 05 02 01 FF FF FF FF 55 03
[2026 01 09 17:13:23.427] [INFO] 发送 : AA 05 02 00 FF FF FF FF 55 02
[2026 01 09 17:13:23.453] [INFO] 收到 : AA 05 02 00 FF FF FF FF 55 02
[2026 01 09 17:13:24.173] [INFO] 发送 : AA 05 02 01 FF FF FF FF 55 03
[2026 01 09 17:13:24.200] [INFO] 收到 : AA 05 02 01 FF FF FF FF 55 03
[2026 01 09 17:13:25.078] [INFO] 发送 : AA 05 02 00 FF FF FF FF 55 02
[2026 01 09 17:13:25.104] [INFO] 收到 : AA 05 02 00 FF FF FF FF 55 02
[2026 01 09 17:13:25.588] [INFO] 发送 : AA 05 05 01 FF FF FF FF 55 06
[2026 01 09 17:13:25.614] [INFO] 收到 : AA 05 05 01 FF FF FF FF 55 06
[2026 01 09 17:13:25.614] [INFO] Z前复位结束, result = True, 用时:3587.6586
[2026 01 09 17:13:25.615] [INFO] 夹具1控制:松开, 脉冲数:2000
[2026 01 09 17:13:25.730] [INFO] 发送 : AA 05 06 00 FF FF FF FF 55 06
[2026 01 09 17:13:25.756] [INFO] 收到 : AA 05 06 00 FF FF FF FF 55 06
[2026 01 09 17:13:25.857] [INFO] 发送 : AA 05 02 01 FF FF FF FF 55 03
[2026 01 09 17:13:25.883] [INFO] 收到 : AA 05 02 01 FF FF FF FF 55 03
[2026 01 09 17:13:25.984] [INFO] 发送 : AA 05 05 00 FF FF FF FF 55 05
[2026 01 09 17:13:26.009] [INFO] 收到 : AA 05 05 00 FF FF FF FF 55 05
[2026 01 09 17:13:26.126] [INFO] 发送 : AA 12 07 D0 01 1E 00 00 55 07
[2026 01 09 17:13:26.152] [INFO] 收到 : AA 12 07 D0 01 1E 00 00 55 07
[2026 01 09 17:13:26.509] [INFO] 发送 : AA 05 02 00 FF FF FF FF 55 02
[2026 01 09 17:13:26.535] [INFO] 收到 : AA 05 02 00 FF FF FF FF 55 02
[2026 01 09 17:13:26.904] [INFO] 发送 : AA 0C 00 00 00 00 00 00 55 0B
[2026 01 09 17:13:26.929] [INFO] 收到 : AA 0C 00 01 00 00 00 00 55 0C
[2026 01 09 17:13:27.315] [INFO] 发送 : AA 05 02 01 FF FF FF FF 55 03
[2026 01 09 17:13:27.342] [INFO] 收到 : AA 05 02 01 FF FF FF FF 55 03
[2026 01 09 17:13:27.457] [INFO] 发送 : AA 0C 00 00 00 00 00 00 55 0B
[2026 01 09 17:13:27.483] [INFO] 收到 : AA 0C 00 01 00 00 00 00 55 0C
[2026 01 09 17:13:27.898] [INFO] 发送 : AA 0C 00 00 00 00 00 00 55 0B
[2026 01 09 17:13:27.924] [INFO] 收到 : AA 0C 00 01 00 00 00 00 55 0C
[2026 01 09 17:13:28.025] [INFO] 发送 : AA 05 02 00 FF FF FF FF 55 02
[2026 01 09 17:13:28.050] [INFO] 收到 : AA 05 02 00 FF FF FF FF 55 02
[2026 01 09 17:13:28.341] [INFO] 发送 : AA 0C 00 00 00 00 00 00 55 0B
[2026 01 09 17:13:28.371] [INFO] 收到 : AA 0C 00 00 00 00 00 00 55 0B
[2026 01 09 17:13:28.610] [INFO] 发送 : AA 05 06 01 FF FF FF FF 55 07
[2026 01 09 17:13:28.637] [INFO] 收到 : AA 05 06 01 FF FF FF FF 55 07
[2026 01 09 17:13:28.738] [INFO] 发送 : AA 05 02 01 FF FF FF FF 55 03
[2026 01 09 17:13:28.764] [INFO] 收到 : AA 05 02 01 FF FF FF FF 55 03
[2026 01 09 17:13:28.993] [INFO] 发送 : AA 05 05 01 FF FF FF FF 55 06
[2026 01 09 17:13:29.019] [INFO] 收到 : AA 05 05 01 FF FF FF FF 55 06
[2026 01 09 17:13:29.019] [INFO] 夹具1控制结束, result = True, 用时:3404.0872
[2026 01 09 17:13:29.020] [INFO] 开始Z轴补偿:后, 脉冲数:500
[2026 01 09 17:13:29.261] [INFO] 发送 : AA 05 05 00 FF FF FF FF 55 05
[2026 01 09 17:13:29.287] [INFO] 收到 : AA 05 05 00 FF FF FF FF 55 05
[2026 01 09 17:13:29.515] [INFO] 发送 : AA 05 02 00 FF FF FF FF 55 02
[2026 01 09 17:13:29.548] [INFO] 收到 : AA 05 02 00 FF FF FF FF 55 02
[2026 01 09 17:13:29.659] [INFO] 发送 : AA 08 01 F4 00 1E 00 00 55 1A
[2026 01 09 17:13:29.684] [INFO] 收到 : AA 08 01 F4 00 1E 00 00 55 1A
[2026 01 09 17:13:29.897] [INFO] 发送 : AA 0C 00 00 00 00 00 00 55 0B
[2026 01 09 17:13:29.923] [INFO] 收到 : AA 0C 01 00 00 00 00 00 55 0C
[2026 01 09 17:13:30.135] [INFO] 发送 : AA 0C 00 00 00 00 00 00 55 0B
[2026 01 09 17:13:30.161] [INFO] 收到 : AA 0C 01 00 00 00 00 00 55 0C
[2026 01 09 17:13:30.276] [INFO] 发送 : AA 05 02 01 FF FF FF FF 55 03
[2026 01 09 17:13:30.302] [INFO] 收到 : AA 05 02 01 FF FF FF FF 55 03
[2026 01 09 17:13:30.417] [INFO] 发送 : AA 0C 00 00 00 00 00 00 55 0B
[2026 01 09 17:13:30.443] [INFO] 收到 : AA 0C 01 00 00 00 00 00 55 0C
[2026 01 09 17:13:30.684] [INFO] 发送 : AA 0C 00 00 00 00 00 00 55 0B
[2026 01 09 17:13:30.710] [INFO] 收到 : AA 0C 00 00 00 00 00 00 55 0B
[2026 01 09 17:13:30.938] [INFO] 发送 : AA 05 05 01 FF FF FF FF 55 06
[2026 01 09 17:13:30.965] [INFO] 收到 : AA 05 05 01 FF FF FF FF 55 06
[2026 01 09 17:13:30.965] [INFO] Z轴补偿结束, result = True, 用时:1944.7685
[2026 01 09 17:13:30.967] [INFO] Y轴开始移动，脉冲数 800
[2026 01 09 17:13:31.078] [INFO] 发送 : AA 05 02 00 FF FF FF FF 55 02
[2026 01 09 17:13:31.104] [INFO] 收到 : AA 05 02 00 FF FF FF FF 55 02
[2026 01 09 17:13:31.730] [INFO] 发送 : AA 05 02 01 FF FF FF FF 55 03
[2026 01 09 17:13:31.730] [INFO] Y轴移动结束, result = True, 用时:763.3355
[2026 01 09 17:13:31.733] [INFO] 出货结束, result = True, 用时:29000.4589
[2026 01 09 17:13:31.756] [INFO] 收到 : AA 05 02 01 FF FF FF FF 55 03
[2026 01 09 17:13:31.858] [INFO] Z轴复位开始
[2026 01 09 17:13:32.236] [INFO] 夹具2控制:夹紧
[2026 01 09 17:13:32.924] [INFO] 发送 : AA 05 04 00 FF FF FF FF 55 04
[2026 01 09 17:13:32.965] [INFO] 收到 : AA 05 04 00 FF FF FF FF 55 04
[2026 01 09 17:13:33.066] [INFO] 夹具2控制结束, result = True, 用时:829.9808
[2026 01 09 17:13:33.081] [INFO] 发送 : AA 05 02 00 FF FF FF FF 55 02
[2026 01 09 17:13:33.107] [INFO] 收到 : AA 05 02 00 FF FF FF FF 55 02
[2026 01 09 17:13:33.405] [INFO] 发送 : AA 05 05 00 FF FF FF FF 55 05
[2026 01 09 17:13:33.436] [INFO] 收到 : AA 05 05 00 FF FF FF FF 55 05
[2026 01 09 17:13:33.675] [INFO] 发送 : AA 16 4E 20 00 1E 18 FF 55 B8
[2026 01 09 17:13:33.701] [INFO] 收到 : AA 16 4E 20 00 1E 18 FF 55 B8
[2026 01 09 17:13:33.942] [INFO] 发送 : AA 05 02 01 FF FF FF FF 55 03
[2026 01 09 17:13:33.968] [INFO] 收到 : AA 05 02 01 FF FF FF FF 55 03
[2026 01 09 17:13:34.592] [INFO] 发送 : AA 05 02 00 FF FF FF FF 55 02
[2026 01 09 17:13:34.634] [INFO] 收到 : AA 05 02 00 FF FF FF FF 55 02
[2026 01 09 17:13:35.352] [INFO] 发送 : AA 05 02 01 FF FF FF FF 55 03
[2026 01 09 17:13:35.378] [INFO] 收到 : AA 05 02 01 FF FF FF FF 55 03
[2026 01 09 17:13:36.205] [INFO] 发送 : AA 05 02 00 FF FF FF FF 55 02
[2026 01 09 17:13:36.231] [INFO] 收到 : AA 05 02 00 FF FF FF FF 55 02
[2026 01 09 17:13:36.602] [INFO] 发送 : AA 05 05 01 FF FF FF FF 55 06
[2026 01 09 17:13:36.628] [INFO] 收到 : AA 05 05 01 FF FF FF FF 55 06
[2026 01 09 17:13:36.628] [INFO] Z轴复位结束
[2026 01 09 17:13:36.629] [INFO] 开始夹具1复位
[2026 01 09 17:13:36.729] [INFO] 发送 : AA 05 06 00 FF FF FF FF 55 06
[2026 01 09 17:13:36.755] [INFO] 收到 : AA 05 06 00 FF FF FF FF 55 06
[2026 01 09 17:13:36.857] [INFO] 发送 : AA 05 02 01 FF FF FF FF 55 03
[2026 01 09 17:13:36.883] [INFO] 收到 : AA 05 02 01 FF FF FF FF 55 03
[2026 01 09 17:13:37.379] [INFO] 发送 : AA 18 27 10 00 1E 02 00 55 6E
[2026 01 09 17:13:37.405] [INFO] 收到 : AA 18 27 10 00 1E 02 00 55 6E
[2026 01 09 17:13:37.647] [INFO] 发送 : AA 0C 00 00 00 00 00 00 55 0B
[2026 01 09 17:13:37.673] [INFO] 收到 : AA 0C 00 01 00 00 00 00 55 0C
[2026 01 09 17:13:37.674] [INFO] 电机2运动状态：True
[2026 01 09 17:13:39.088] [INFO] 发送 : AA 05 06 01 FF FF FF FF 55 07
[2026 01 09 17:13:39.114] [INFO] 收到 : AA 05 06 01 FF FF FF FF 55 07
[2026 01 09 17:13:39.114] [INFO] 夹具1复位结束, result = True, 用时:2485.2455
[2026 01 09 17:13:39.114] [INFO] X轴复位开始
[2026 01 09 17:13:44.840] [INFO] X轴复位结束
[2026 01 09 17:13:44.840] [INFO] Y轴复位开始
[2026 01 09 17:13:49.286] [INFO] Y轴复位结束
